Unity Editor version:    6000.5.1f1 (0d9463e84828)
Branch:                  6000.5/staging
Build type:              Release
Batch mode:              YES
macOS version:           Version 14.4 (Build 23E214)
Darwin version:          23.4.0
Architecture:            arm64
Running under Rosetta:   NO
Available memory:        8192 MB
Date:                    2026-09-21T20:08:01Z
[Licensing::Module] Trying to connect to existing licensing client channel...
[Licensing::IpcConnector] Successfully connected to: "LicenseClient-addyyahiro" at "2026-09-21T20:08:01.746927Z"

COMMAND LINE ARGUMENTS:
/Applications/Unity/Hub/Editor/6000.5.1f1/Unity.app/Contents/MacOS/Unity
-adb2
-batchMode
-noUpm
-name
AssetImportWorkerHW1
-projectPath
/Users/addyyahiro/Documents/GitHub/426-Prototype-3
-logFile
Logs/AssetImportWorkerHW1.log
-srvPort
49781
-parentPid
61110
-analyticsCloudUserId
20067521494700
-analyticsLocalProjectId
f58899b0bc9114d1591cff4dfe6ad2d5
-licensingIpc
LicenseClient-addyyahiro
-noDiagnosticSwitchPersistentStore
-job-worker-count
3
-background-job-worker-count
8
-asset-garbage-collectors
1
-force-metal
-name AssetImport
Successfully changed project path to: /Users/addyyahiro/Documents/GitHub/426-Prototype-3
/Users/addyyahiro/Documents/GitHub/426-Prototype-3
[UnityMemory] Configuration Parameters - Can be set up in boot.config
    "memorysetup-temp-allocator-size-gi-baking-worker=262144"
    "memorysetup-temp-allocator-size-gi-baking-worker=262144"
    "memorysetup-temp-allocator-size-gi-baking-worker=262144"
    "memorysetup-temp-allocator-size-gi-baking-worker=262144"
    "memorysetup-temp-allocator-size-gi-baking-worker=262144"
    "memorysetup-temp-allocator-size-nav-mesh-worker=65536"
    "memorysetup-temp-allocator-size-audio-worker=65536"
    "memorysetup-temp-allocator-size-cloud-worker=32768"
    "memorysetup-allocator-temp-initial-block-size-main=262144"
    "memorysetup-allocator-temp-initial-block-size-worker=262144"
    "memorysetup-temp-allocator-size-preload-manager=33554432"
    "memorysetup-temp-allocator-size-gfx=262144"
    "memorysetup-temp-allocator-size-background-worker=32768"
    "memorysetup-temp-allocator-size-job-worker=262144"
    "memorysetup-bucket-allocator-granularity=16"
    "memorysetup-bucket-allocator-bucket-count=8"
    "memorysetup-bucket-allocator-block-size=33554432"
    "memorysetup-bucket-allocator-block-count=8"
    "memorysetup-main-allocator-block-size=16777216"
    "memorysetup-thread-allocator-block-size=16777216"
    "memorysetup-main-allocator-mimalloc-enabled=0"
    "memorysetup-gfx-main-allocator-block-size=16777216"
    "memorysetup-gfx-thread-allocator-block-size=16777216"
    "memorysetup-cache-allocator-block-size=4194304"
    "memorysetup-typetree-allocator-block-size=2097152"
    "memorysetup-profiler-bucket-allocator-granularity=16"
    "memorysetup-profiler-bucket-allocator-bucket-count=8"
    "memorysetup-profiler-bucket-allocator-block-size=33554432"
    "memorysetup-profiler-bucket-allocator-block-count=8"
    "memorysetup-profiler-allocator-block-size=16777216"
    "memorysetup-profiler-editor-allocator-block-size=1048576"
    "memorysetup-temp-allocator-size-main=16777216"
    "memorysetup-job-temp-allocator-block-size=2097152"
    "memorysetup-job-temp-allocator-block-size-background=1048576"
    "memorysetup-job-temp-allocator-reduction-small-platforms=262144"
Player connection [8347302592]  Target information:

Player connection [8347302592]  * "[IP] 192.168.4.39 [Port] 0 [Flags] 2 [Guid] 1580848690 [EditorId] 1580848690 [Version] 1048832 [Id] OSXEditor(0,Addys-MacBook-Air.local) [Debug] 1 [PackageName] OSXEditor [ProjectName] Editor" 

Player connection [8347302592] Host joined multi-casting on [225.0.0.222:54997]...
Player connection [8347302592] Host joined alternative multi-casting on [225.0.0.222:34997]...
JobSystem: Creating JobQueue using job-worker-count value 3
Input System module state changed to: Initialized.
[Physics::Module] Initialized fallback backend.
[Physics::Module] Id: 0xdecafbad
Library Redirect Path: Library/
[Physics::Module] Selected backend.
[Physics::Module] Name: PhysX
[Physics::Module] Id: 0xf2b8ea05
[Physics::Module] SDK Version: 4.1.2
[Physics::Module] Integration Version: 1.0.0
[Physics::Module] Threading Mode: Multi-Threaded
Initialize engine version: 6000.5.1f1 (0d9463e84828)
[Subsystems] Discovering subsystems at path /Applications/Unity/Hub/Editor/6000.5.1f1/Unity.app/Contents/Resources/UnitySubsystems
[Subsystems] Discovering subsystems at path /Users/addyyahiro/Documents/GitHub/426-Prototype-3/Assets
Forcing GfxDevice: Metal
GfxDevice: creating device client; kGfxThreadingModeNonThreaded
 preferred device: Apple M2 (high power)
Metal devices available: 1
0: Apple M2 (high power)
Using device Apple M2 (high power)
Initializing Metal device caps: Apple M2
Mac GPU Family: 2
Apple GPU Family: 8
MSL Version: 3.0
Has Float MSAA: 1
Has Float Filtering: 1
ReadWrite Texture Tier: 2
Initialize mono
Mono path[0] = '/Applications/Unity/Hub/Editor/6000.5.1f1/Unity.app/Contents/Resources/Scripting/Managed'
Mono path[1] = '/Applications/Unity/Hub/Editor/6000.5.1f1/Unity.app/Contents/Resources/Scripting/BCLExtensions/runtime/netstandard2.1'
Mono path[2] = '/Applications/Unity/Hub/Editor/6000.5.1f1/Unity.app/Contents/Resources/Scripting/MonoBleedingEdge/lib/mono/unityjit-macos'
Mono config path = '/Applications/Unity/Hub/Editor/6000.5.1f1/Unity.app/Contents/Resources/Scripting/MonoBleedingEdge/etc'
Using monoOptions --debugger-agent=transport=dt_socket,embedding=1,server=y,suspend=n,address=127.0.0.1:56410
CodeReloadManager initialized
[Licensing::Client] Handshaking with LicensingClient:
  Version:                 1.18.3+d7ffd15
  Session Id:              c74c19f78650483cbf36118dd00f1c68
  Correlation Id:          0e33d90acc46c2ee0e63fbf48b97857f
  External correlation Id: 4336677239178769568
  Machine Id:              zZIAx3Pq6a8oj6qV/ANzIS7rD+0=
[Licensing::Module] Successfully connected to LicensingClient on channel: "LicenseClient-addyyahiro" (connect: 0.00s, validation: 0.00s, handshake: 0.65s)
[Licensing::IpcConnector] Successfully connected to: "LicenseClient-addyyahiro-notifications" at "2026-09-21T20:08:02.399364Z"
[Licensing::Module] Licensing Background thread has ended after 0.65s
Begin MonoManager ReloadAssembly
Registering precompiled unity dll's ...
Register platform support module: /Applications/Unity/Hub/Editor/6000.5.1f1/PlaybackEngines/MacStandaloneSupport/UnityEditor.OSXStandalone.Extensions.dll
Registered in 0.000874 seconds.
Native extension for OSXStandalone target not found
Package Manager log level set to [2]
[Package Manager] Failed to launch server process. Reason: Unity was launched with the -noUpm command-line argument
[Package Manager] Unable to send message (not connected to server process).
[Package Manager] Cannot connect to Unity Package Manager local server
ScheduleIndexationOnStartup MainProcess:False IndexOnStartup:True
Mono: successfully reloaded assembly
- Finished resetting the current domain, in  0.275 seconds
Domain Reload Profiling: 671ms
	BeginReloadAssembly (84ms)
	RebuildCommonClasses (4ms)
	RebuildNativeTypeToScriptingClass (14ms)
	initialDomainReloadingComplete (39ms)
	LoadAllAssembliesAndSetupDomain (254ms)
		LoadAssemblies (83ms)
		AnalyzeDomain (202ms)
			TypeCache.Refresh (201ms)
				TypeCache.ScanAssembly (186ms)
	FinalizeReload (276ms)
		SetupLoadedEditorAssemblies (0ms)
			BeforeProcessingInitializeOnLoad (65ms)
			ProcessInitializeOnLoadAttributes (71ms)
			ProcessInitializeOnLoadMethodAttributes (83ms)
Initializing Unity extensions:
[Licensing::Client] Successfully resolved entitlement details
[Licensing::Module] License group:
  Id: 20067521494700-UnityPersXXXX
  Product: Unity Personal
  Type: Assigned
  Expiration: Unlimited
[CoreBusinessMetrics] Unexpected thread when updating session info.
========================================================================
Worker process is ready to serve import requests
Import Worker Mode flag is 0x00
Begin MonoManager ReloadAssembly
Native extension for OSXStandalone target not found
[Package Manager] Failed to launch server process. Reason: Unity was launched with the -noUpm command-line argument
[Package Manager] Unable to send message (not connected to server process).
[Package Manager] Cannot connect to Unity Package Manager local server
ScheduleIndexationOnStartup MainProcess:False IndexOnStartup:True
Mono: successfully reloaded assembly
- Finished resetting the current domain, in  0.264 seconds
Domain Reload Profiling: 486ms
	BeginReloadAssembly (109ms)
		DisableScriptedObjects (4ms)
		CreateAndSetChildDomain (27ms)
	RebuildCommonClasses (6ms)
	RebuildNativeTypeToScriptingClass (14ms)
	initialDomainReloadingComplete (20ms)
	LoadAllAssembliesAndSetupDomain (72ms)
		LoadAssemblies (43ms)
		AnalyzeDomain (12ms)
			TypeCache.Refresh (8ms)
				TypeCache.ScanAssembly (3ms)
			BuildScriptInfoCaches (3ms)
	FinalizeReload (265ms)
		SetupLoadedEditorAssemblies (0ms)
			BeforeProcessingInitializeOnLoad (63ms)
			ProcessInitializeOnLoadAttributes (49ms)
			ProcessInitializeOnLoadMethodAttributes (51ms)
AcceleratorClientConnectionCallback - disconnected - :0
Launching external process: /Applications/Unity/Hub/Editor/6000.5.1f1/Unity.app/Contents/Helpers/UnityShaderCompiler
Launched and connected shader compiler UnityShaderCompiler after 0.05 seconds
Unloading 0 Unused Serialized files (Serialized files now loaded: 0)
Curl error 3: URL rejected: Error
Unloading 64 unused Assets / (19.3 KB). Loaded Objects now: 670.
Memory consumption went from 71.0 MB to 71.0 MB.
Total: 4.954959 ms (FindLiveObjects: 0.026834 ms CreateObjectMapping: 0.008875 ms MarkObjects: 4.700334 ms  DeleteObjects: 0.218459 ms)

========================================================================
Received Prepare
AcceleratorClientConnectionCallback - disconnected - :0
Unloading 0 Unused Serialized files (Serialized files now loaded: 0)
Unloading 0 unused Assets / (0 B). Loaded Objects now: 670.
Memory consumption went from 70.9 MB to 70.9 MB.
Total: 8.777584 ms (FindLiveObjects: 0.106000 ms CreateObjectMapping: 0.020708 ms MarkObjects: 8.648125 ms  DeleteObjects: 0.002417 ms)

Prepare: number of updated asset objects reloaded= 0
========================================================================
Received Prepare
AcceleratorClientConnectionCallback - disconnected - :0
Unloading 0 Unused Serialized files (Serialized files now loaded: 0)
Unloading 63 unused Assets / (1.0 KB). Loaded Objects now: 671.
Memory consumption went from 71.0 MB to 71.0 MB.
Total: 20.303208 ms (FindLiveObjects: 0.122084 ms CreateObjectMapping: 0.023291 ms MarkObjects: 20.127042 ms  DeleteObjects: 0.030375 ms)

Prepare: number of updated asset objects reloaded= 0
========================================================================
Received Prepare
AcceleratorClientConnectionCallback - disconnected - :0
Begin MonoManager ReloadAssembly
Thread 0x17dd87000 may have been prematurely finalized
Native extension for OSXStandalone target not found
[Package Manager] Failed to launch server process. Reason: Unity was launched with the -noUpm command-line argument
[Package Manager] Unable to send message (not connected to server process).
[Package Manager] Cannot connect to Unity Package Manager local server
ScheduleIndexationOnStartup MainProcess:False IndexOnStartup:True
Mono: successfully reloaded assembly
- Finished resetting the current domain, in  0.361 seconds
Domain Reload Profiling: 669ms
	BeginReloadAssembly (173ms)
		DisableScriptedObjects (6ms)
		CreateAndSetChildDomain (43ms)
	RebuildCommonClasses (7ms)
	RebuildNativeTypeToScriptingClass (14ms)
	initialDomainReloadingComplete (28ms)
	LoadAllAssembliesAndSetupDomain (86ms)
		LoadAssemblies (77ms)
		AnalyzeDomain (10ms)
			TypeCache.Refresh (5ms)
			BuildScriptInfoCaches (4ms)
	FinalizeReload (362ms)
		SetupLoadedEditorAssemblies (0ms)
			InitializePlatformSupportModulesInManaged (4ms)
			BeforeProcessingInitializeOnLoad (98ms)
			ProcessInitializeOnLoadAttributes (73ms)
			ProcessInitializeOnLoadMethodAttributes (62ms)
Unloading 0 Unused Serialized files (Serialized files now loaded: 0)
Unloading 63 unused Assets / (1.0 KB). Loaded Objects now: 671.
Memory consumption went from 76.9 MB to 76.9 MB.
Total: 3.940083 ms (FindLiveObjects: 0.067208 ms CreateObjectMapping: 0.011708 ms MarkObjects: 3.835292 ms  DeleteObjects: 0.025541 ms)

Prepare: number of updated asset objects reloaded= 0
========================================================================
Received Prepare
AcceleratorClientConnectionCallback - disconnected - :0
Unloading 0 Unused Serialized files (Serialized files now loaded: 0)
Unloading 64 unused Assets / (1.0 KB). Loaded Objects now: 672.
Memory consumption went from 70.8 MB to 70.8 MB.
Total: 146.061167 ms (FindLiveObjects: 1.827459 ms CreateObjectMapping: 0.544458 ms MarkObjects: 143.655000 ms  DeleteObjects: 0.033541 ms)

Prepare: number of updated asset objects reloaded= 0
========================================================================
Received Prepare
AcceleratorClientConnectionCallback - disconnected - :0
Begin MonoManager ReloadAssembly
[Licensing::Client] Successfully resolved entitlement details
Thread 0x16bb07000 may have been prematurely finalized
Native extension for OSXStandalone target not found
[Package Manager] Failed to launch server process. Reason: Unity was launched with the -noUpm command-line argument
[Package Manager] Unable to send message (not connected to server process).
[Package Manager] Cannot connect to Unity Package Manager local server
ScheduleIndexationOnStartup MainProcess:False IndexOnStartup:True
Mono: successfully reloaded assembly
- Finished resetting the current domain, in  0.268 seconds
Domain Reload Profiling: 579ms
	BeginReloadAssembly (150ms)
		DisableScriptedObjects (14ms)
		CreateAndSetChildDomain (27ms)
	RebuildCommonClasses (7ms)
	RebuildNativeTypeToScriptingClass (14ms)
	initialDomainReloadingComplete (65ms)
	LoadAllAssembliesAndSetupDomain (74ms)
		LoadAssemblies (52ms)
		AnalyzeDomain (15ms)
			TypeCache.Refresh (8ms)
			BuildScriptInfoCaches (4ms)
	FinalizeReload (269ms)
		SetupLoadedEditorAssemblies (0ms)
			BeforeProcessingInitializeOnLoad (64ms)
			ProcessInitializeOnLoadAttributes (46ms)
			ProcessInitializeOnLoadMethodAttributes (47ms)
Unloading 0 Unused Serialized files (Serialized files now loaded: 0)
Unloading 64 unused Assets / (1.0 KB). Loaded Objects now: 672.
Memory consumption went from 76.9 MB to 76.9 MB.
Total: 3.558250 ms (FindLiveObjects: 0.025584 ms CreateObjectMapping: 0.009209 ms MarkObjects: 3.499875 ms  DeleteObjects: 0.023209 ms)

Prepare: number of updated asset objects reloaded= 0
========================================================================
Received Prepare
AcceleratorClientConnectionCallback - disconnected - :0
Begin MonoManager ReloadAssembly
Thread 0x16bb07000 may have been prematurely finalized
Native extension for OSXStandalone target not found
[Package Manager] Failed to launch server process. Reason: Unity was launched with the -noUpm command-line argument
[Package Manager] Unable to send message (not connected to server process).
[Package Manager] Cannot connect to Unity Package Manager local server
ScheduleIndexationOnStartup MainProcess:False IndexOnStartup:True
Mono: successfully reloaded assembly
- Finished resetting the current domain, in  0.277 seconds
Domain Reload Profiling: 587ms
	BeginReloadAssembly (175ms)
		DisableScriptedObjects (14ms)
		CreateAndSetChildDomain (49ms)
	RebuildCommonClasses (8ms)
	RebuildNativeTypeToScriptingClass (16ms)
	initialDomainReloadingComplete (32ms)
	LoadAllAssembliesAndSetupDomain (77ms)
		LoadAssemblies (58ms)
		AnalyzeDomain (10ms)
			TypeCache.Refresh (5ms)
			BuildScriptInfoCaches (4ms)
	FinalizeReload (278ms)
		SetupLoadedEditorAssemblies (0ms)
			BeforeProcessingInitializeOnLoad (68ms)
			ProcessInitializeOnLoadAttributes (49ms)
			ProcessInitializeOnLoadMethodAttributes (49ms)
Unloading 0 Unused Serialized files (Serialized files now loaded: 0)
Unloading 64 unused Assets / (1.0 KB). Loaded Objects now: 672.
Memory consumption went from 77.0 MB to 77.0 MB.
Total: 3.790958 ms (FindLiveObjects: 0.028875 ms CreateObjectMapping: 0.011292 ms MarkObjects: 3.728959 ms  DeleteObjects: 0.021541 ms)

Prepare: number of updated asset objects reloaded= 0
========================================================================
Received Prepare
AcceleratorClientConnectionCallback - disconnected - :0
Unloading 0 Unused Serialized files (Serialized files now loaded: 0)
Unloading 64 unused Assets / (1.0 KB). Loaded Objects now: 672.
Memory consumption went from 70.8 MB to 70.8 MB.
Total: 23.504666 ms (FindLiveObjects: 0.278792 ms CreateObjectMapping: 0.026084 ms MarkObjects: 23.096250 ms  DeleteObjects: 0.103167 ms)

Prepare: number of updated asset objects reloaded= 0
========================================================================
Received Import Request.
  Time of request: 2026-09-21T20:17:15.006931Z
  Time since last request: 69295.04041441599838 seconds.
  importAddress: GUID: 75cb18e76ac9c480a807fe3eec6f6556 - Path: Assets/Scripts/NoteData.cs - Importer: PreviewImporter
Importing 'GUID: 75cb18e76ac9c480a807fe3eec6f6556 - Path: Assets/Scripts/NoteData.cs - Importer: PreviewImporter' with importer (PreviewImporter)
Imported 'GUID: 75cb18e76ac9c480a807fe3eec6f6556' -> (Import Result ID: 'ace2cac8e363410e10ecc259ff043cc6') in 0.009 seconds [static and dynamic dependencies]. Details - ImportResultOutputID=9f6af744735c98cf5a50d39e97eb395e DependenciesID=ce5f7525aa42993566524c57e1c38c09 StaticDependenciesID=5f5a742bbc3fda841f28fee8fb976735 
Number of updated asset objects reloaded before import = 0
Number of asset objects unloaded after import = 0
========================================================================
Received Prepare
AcceleratorClientConnectionCallback - disconnected - :0
Begin MonoManager ReloadAssembly
[Licensing::Client] Successfully resolved entitlement details
Thread 0x16bb07000 may have been prematurely finalized
Native extension for OSXStandalone target not found
[Package Manager] Failed to launch server process. Reason: Unity was launched with the -noUpm command-line argument
[Package Manager] Unable to send message (not connected to server process).
[Package Manager] Cannot connect to Unity Package Manager local server
ScheduleIndexationOnStartup MainProcess:False IndexOnStartup:True
Mono: successfully reloaded assembly
- Finished resetting the current domain, in  0.284 seconds
Domain Reload Profiling: 548ms
	BeginReloadAssembly (139ms)
		DisableScriptedObjects (6ms)
		CreateAndSetChildDomain (35ms)
	RebuildCommonClasses (6ms)
	RebuildNativeTypeToScriptingClass (13ms)
	initialDomainReloadingComplete (38ms)
	LoadAllAssembliesAndSetupDomain (66ms)
		LoadAssemblies (49ms)
		AnalyzeDomain (10ms)
			TypeCache.Refresh (5ms)
			BuildScriptInfoCaches (4ms)
	FinalizeReload (285ms)
		SetupLoadedEditorAssemblies (0ms)
			BeforeProcessingInitializeOnLoad (60ms)
			ProcessInitializeOnLoadAttributes (52ms)
			ProcessInitializeOnLoadMethodAttributes (72ms)
Unloading 0 Unused Serialized files (Serialized files now loaded: 0)
Unloading 64 unused Assets / (1.0 KB). Loaded Objects now: 674.
Memory consumption went from 77.7 MB to 77.7 MB.
Total: 3.860125 ms (FindLiveObjects: 0.024000 ms CreateObjectMapping: 0.009083 ms MarkObjects: 3.805833 ms  DeleteObjects: 0.020834 ms)

Prepare: number of updated asset objects reloaded= 0
========================================================================
Received Prepare
AcceleratorClientConnectionCallback - disconnected - :0
Unloading 0 Unused Serialized files (Serialized files now loaded: 0)
Unloading 64 unused Assets / (1.0 KB). Loaded Objects now: 674.
Memory consumption went from 71.6 MB to 71.6 MB.
Total: 28.822458 ms (FindLiveObjects: 0.439333 ms CreateObjectMapping: 0.023500 ms MarkObjects: 27.900167 ms  DeleteObjects: 0.458583 ms)

Prepare: number of updated asset objects reloaded= 0
========================================================================
Received Prepare
AcceleratorClientConnectionCallback - disconnected - :0
Unloading 0 Unused Serialized files (Serialized files now loaded: 0)
Unloading 65 unused Assets / (1.0 KB). Loaded Objects now: 675.
Memory consumption went from 71.6 MB to 71.6 MB.
Total: 8.561375 ms (FindLiveObjects: 0.132541 ms CreateObjectMapping: 0.017584 ms MarkObjects: 8.387500 ms  DeleteObjects: 0.023541 ms)

Prepare: number of updated asset objects reloaded= 0
========================================================================
Received Prepare
AcceleratorClientConnectionCallback - disconnected - :0
Unloading 0 Unused Serialized files (Serialized files now loaded: 0)
Unloading 65 unused Assets / (1.0 KB). Loaded Objects now: 675.
Memory consumption went from 71.6 MB to 71.6 MB.
Total: 16.144542 ms (FindLiveObjects: 1.318125 ms CreateObjectMapping: 0.047083 ms MarkObjects: 14.608333 ms  DeleteObjects: 0.170708 ms)

Prepare: number of updated asset objects reloaded= 0
========================================================================
Received Prepare
AcceleratorClientConnectionCallback - disconnected - :0
Unloading 0 Unused Serialized files (Serialized files now loaded: 0)
Unloading 66 unused Assets / (1.0 KB). Loaded Objects now: 676.
Memory consumption went from 71.6 MB to 71.6 MB.
Total: 17.948042 ms (FindLiveObjects: 0.271000 ms CreateObjectMapping: 0.036833 ms MarkObjects: 17.551208 ms  DeleteObjects: 0.087875 ms)

Prepare: number of updated asset objects reloaded= 0
========================================================================
Received Prepare
AcceleratorClientConnectionCallback - disconnected - :0
Unloading 0 Unused Serialized files (Serialized files now loaded: 0)
Unloading 66 unused Assets / (1.0 KB). Loaded Objects now: 676.
Memory consumption went from 71.6 MB to 71.6 MB.
Total: 8.823917 ms (FindLiveObjects: 0.134625 ms CreateObjectMapping: 0.023416 ms MarkObjects: 8.631000 ms  DeleteObjects: 0.034292 ms)

Prepare: number of updated asset objects reloaded= 0
========================================================================
Received Prepare
AcceleratorClientConnectionCallback - disconnected - :0
Unloading 0 Unused Serialized files (Serialized files now loaded: 0)
Unloading 67 unused Assets / (1.0 KB). Loaded Objects now: 677.
Memory consumption went from 71.6 MB to 71.6 MB.
Total: 8.909625 ms (FindLiveObjects: 0.139875 ms CreateObjectMapping: 0.018292 ms MarkObjects: 8.717042 ms  DeleteObjects: 0.034041 ms)

Prepare: number of updated asset objects reloaded= 0
========================================================================
Received Prepare
AcceleratorClientConnectionCallback - disconnected - :0
Begin MonoManager ReloadAssembly
[Licensing::Client] Successfully resolved entitlement details
Thread 0x16bb07000 may have been prematurely finalized
Native extension for OSXStandalone target not found
[Package Manager] Failed to launch server process. Reason: Unity was launched with the -noUpm command-line argument
[Package Manager] Unable to send message (not connected to server process).
[Package Manager] Cannot connect to Unity Package Manager local server
ScheduleIndexationOnStartup MainProcess:False IndexOnStartup:True
Mono: successfully reloaded assembly
- Finished resetting the current domain, in  0.272 seconds
Domain Reload Profiling: 552ms
	BeginReloadAssembly (169ms)
		DisableScriptedObjects (11ms)
		CreateAndSetChildDomain (34ms)
	RebuildCommonClasses (6ms)
	RebuildNativeTypeToScriptingClass (13ms)
	initialDomainReloadingComplete (24ms)
	LoadAllAssembliesAndSetupDomain (67ms)
		LoadAssemblies (56ms)
		AnalyzeDomain (10ms)
			TypeCache.Refresh (5ms)
			BuildScriptInfoCaches (4ms)
	FinalizeReload (274ms)
		SetupLoadedEditorAssemblies (0ms)
			BeforeProcessingInitializeOnLoad (68ms)
			ProcessInitializeOnLoadAttributes (53ms)
			ProcessInitializeOnLoadMethodAttributes (52ms)
Unloading 0 Unused Serialized files (Serialized files now loaded: 0)
Unloading 67 unused Assets / (1.0 KB). Loaded Objects now: 677.
Memory consumption went from 77.8 MB to 77.8 MB.
Total: 4.142292 ms (FindLiveObjects: 0.028625 ms CreateObjectMapping: 0.010875 ms MarkObjects: 4.049458 ms  DeleteObjects: 0.052917 ms)

Prepare: number of updated asset objects reloaded= 0
========================================================================
Received Prepare
AcceleratorClientConnectionCallback - disconnected - :0
Unloading 0 Unused Serialized files (Serialized files now loaded: 0)
Unloading 68 unused Assets / (1.0 KB). Loaded Objects now: 678.
Memory consumption went from 71.7 MB to 71.7 MB.
Total: 10.996875 ms (FindLiveObjects: 0.187541 ms CreateObjectMapping: 0.018417 ms MarkObjects: 10.772875 ms  DeleteObjects: 0.017667 ms)

Prepare: number of updated asset objects reloaded= 0
========================================================================
Received Prepare
AcceleratorClientConnectionCallback - disconnected - :0
Begin MonoManager ReloadAssembly
Thread 0x16bb07000 may have been prematurely finalized
Native extension for OSXStandalone target not found
[Package Manager] Failed to launch server process. Reason: Unity was launched with the -noUpm command-line argument
[Package Manager] Unable to send message (not connected to server process).
[Package Manager] Cannot connect to Unity Package Manager local server
ScheduleIndexationOnStartup MainProcess:False IndexOnStartup:True
Mono: successfully reloaded assembly
- Finished resetting the current domain, in  0.275 seconds
Domain Reload Profiling: 499ms
	BeginReloadAssembly (117ms)
		DisableScriptedObjects (4ms)
		CreateAndSetChildDomain (28ms)
	RebuildCommonClasses (7ms)
	RebuildNativeTypeToScriptingClass (13ms)
	initialDomainReloadingComplete (21ms)
	LoadAllAssembliesAndSetupDomain (65ms)
		LoadAssemblies (42ms)
		AnalyzeDomain (10ms)
			TypeCache.Refresh (5ms)
			BuildScriptInfoCaches (4ms)
	FinalizeReload (276ms)
		SetupLoadedEditorAssemblies (0ms)
			BeforeProcessingInitializeOnLoad (63ms)
			ProcessInitializeOnLoadAttributes (56ms)
			ProcessInitializeOnLoadMethodAttributes (59ms)
Unloading 0 Unused Serialized files (Serialized files now loaded: 0)
Unloading 68 unused Assets / (1.0 KB). Loaded Objects now: 678.
Memory consumption went from 77.8 MB to 77.8 MB.
Total: 4.143791 ms (FindLiveObjects: 0.052125 ms CreateObjectMapping: 0.015709 ms MarkObjects: 4.057209 ms  DeleteObjects: 0.018250 ms)

Prepare: number of updated asset objects reloaded= 0
========================================================================
Received Prepare
AcceleratorClientConnectionCallback - disconnected - :0
Unloading 0 Unused Serialized files (Serialized files now loaded: 0)
Unloading 68 unused Assets / (1.0 KB). Loaded Objects now: 678.
Memory consumption went from 71.7 MB to 71.7 MB.
Total: 10.051333 ms (FindLiveObjects: 0.418708 ms CreateObjectMapping: 0.021959 ms MarkObjects: 9.207375 ms  DeleteObjects: 0.402917 ms)

Prepare: number of updated asset objects reloaded= 0
========================================================================
Received Prepare
AcceleratorClientConnectionCallback - disconnected - :0
Unloading 0 Unused Serialized files (Serialized files now loaded: 0)
Unloading 69 unused Assets / (1.0 KB). Loaded Objects now: 679.
Memory consumption went from 71.7 MB to 71.7 MB.
Total: 22.784209 ms (FindLiveObjects: 0.186833 ms CreateObjectMapping: 0.026958 ms MarkObjects: 22.534458 ms  DeleteObjects: 0.035792 ms)

Prepare: number of updated asset objects reloaded= 0
========================================================================
Received Prepare
AcceleratorClientConnectionCallback - disconnected - :0
Unloading 0 Unused Serialized files (Serialized files now loaded: 0)
Unloading 69 unused Assets / (1.0 KB). Loaded Objects now: 679.
Memory consumption went from 71.7 MB to 71.7 MB.
Total: 10.129917 ms (FindLiveObjects: 0.601834 ms CreateObjectMapping: 0.030958 ms MarkObjects: 9.255875 ms  DeleteObjects: 0.240208 ms)

Prepare: number of updated asset objects reloaded= 0
========================================================================
Received Prepare
AcceleratorClientConnectionCallback - disconnected - :0
Unloading 0 Unused Serialized files (Serialized files now loaded: 0)
Unloading 70 unused Assets / (1.0 KB). Loaded Objects now: 680.
Memory consumption went from 71.7 MB to 71.7 MB.
Total: 17.757292 ms (FindLiveObjects: 0.115541 ms CreateObjectMapping: 0.019792 ms MarkObjects: 17.572583 ms  DeleteObjects: 0.049084 ms)

Prepare: number of updated asset objects reloaded= 0
========================================================================
Received Prepare
AcceleratorClientConnectionCallback - disconnected - :0
Unloading 0 Unused Serialized files (Serialized files now loaded: 0)
Unloading 70 unused Assets / (1.0 KB). Loaded Objects now: 680.
Memory consumption went from 71.7 MB to 71.7 MB.
Total: 8.614208 ms (FindLiveObjects: 0.143000 ms CreateObjectMapping: 0.021041 ms MarkObjects: 8.260875 ms  DeleteObjects: 0.188958 ms)

Prepare: number of updated asset objects reloaded= 0
========================================================================
Received Prepare
AcceleratorClientConnectionCallback - disconnected - :0
Unloading 0 Unused Serialized files (Serialized files now loaded: 0)
Unloading 71 unused Assets / (1.0 KB). Loaded Objects now: 681.
Memory consumption went from 71.7 MB to 71.7 MB.
Total: 12.396292 ms (FindLiveObjects: 0.119125 ms CreateObjectMapping: 0.019083 ms MarkObjects: 12.220167 ms  DeleteObjects: 0.037750 ms)

Prepare: number of updated asset objects reloaded= 0
========================================================================
Received Prepare
AcceleratorClientConnectionCallback - disconnected - :0
Unloading 0 Unused Serialized files (Serialized files now loaded: 0)
Unloading 71 unused Assets / (1.0 KB). Loaded Objects now: 681.
Memory consumption went from 71.7 MB to 71.7 MB.
Total: 8.486875 ms (FindLiveObjects: 0.127166 ms CreateObjectMapping: 0.017709 ms MarkObjects: 8.139959 ms  DeleteObjects: 0.201791 ms)

Prepare: number of updated asset objects reloaded= 0
========================================================================
Received Prepare
AcceleratorClientConnectionCallback - disconnected - :0
Unloading 0 Unused Serialized files (Serialized files now loaded: 0)
Unloading 72 unused Assets / (1.0 KB). Loaded Objects now: 682.
Memory consumption went from 71.7 MB to 71.7 MB.
Total: 16.537875 ms (FindLiveObjects: 0.132250 ms CreateObjectMapping: 0.019875 ms MarkObjects: 16.347500 ms  DeleteObjects: 0.038042 ms)

Prepare: number of updated asset objects reloaded= 0
========================================================================
Received Prepare
AcceleratorClientConnectionCallback - disconnected - :0
Unloading 0 Unused Serialized files (Serialized files now loaded: 0)
Unloading 72 unused Assets / (1.0 KB). Loaded Objects now: 682.
Memory consumption went from 71.7 MB to 71.7 MB.
Total: 9.601500 ms (FindLiveObjects: 0.142458 ms CreateObjectMapping: 0.017292 ms MarkObjects: 9.270958 ms  DeleteObjects: 0.169542 ms)

Prepare: number of updated asset objects reloaded= 0
========================================================================
Received Prepare
AcceleratorClientConnectionCallback - disconnected - :0
Unloading 0 Unused Serialized files (Serialized files now loaded: 0)
Unloading 73 unused Assets / (1.0 KB). Loaded Objects now: 683.
Memory consumption went from 71.7 MB to 71.7 MB.
Total: 12.095375 ms (FindLiveObjects: 0.132666 ms CreateObjectMapping: 0.018417 ms MarkObjects: 11.905833 ms  DeleteObjects: 0.038250 ms)

Prepare: number of updated asset objects reloaded= 0
========================================================================
Received Prepare
AcceleratorClientConnectionCallback - disconnected - :0
Unloading 0 Unused Serialized files (Serialized files now loaded: 0)
Unloading 73 unused Assets / (1.0 KB). Loaded Objects now: 683.
Memory consumption went from 71.7 MB to 71.7 MB.
Total: 8.982542 ms (FindLiveObjects: 0.149375 ms CreateObjectMapping: 0.020416 ms MarkObjects: 8.605875 ms  DeleteObjects: 0.206667 ms)

Prepare: number of updated asset objects reloaded= 0
========================================================================
Received Prepare
AcceleratorClientConnectionCallback - disconnected - :0
Unloading 0 Unused Serialized files (Serialized files now loaded: 0)
Unloading 74 unused Assets / (1.0 KB). Loaded Objects now: 684.
Memory consumption went from 71.7 MB to 71.7 MB.
Total: 13.818083 ms (FindLiveObjects: 0.113875 ms CreateObjectMapping: 0.019916 ms MarkObjects: 13.642084 ms  DeleteObjects: 0.040625 ms)

Prepare: number of updated asset objects reloaded= 0
========================================================================
Received Prepare
AcceleratorClientConnectionCallback - disconnected - :0
Unloading 0 Unused Serialized files (Serialized files now loaded: 0)
Unloading 74 unused Assets / (1.0 KB). Loaded Objects now: 684.
Memory consumption went from 71.7 MB to 71.7 MB.
Total: 8.897625 ms (FindLiveObjects: 0.137958 ms CreateObjectMapping: 0.020500 ms MarkObjects: 8.521084 ms  DeleteObjects: 0.217709 ms)

Prepare: number of updated asset objects reloaded= 0
========================================================================
Received Import Request.
  Time of request: 2026-09-21T20:26:24.68065Z
  Time since last request: 549.66006283299998 seconds.
  importAddress: GUID: b7e79bb5e45f9433999f64a18df5a289 - Path: Assets/UI Toolkit/UnityThemes/UnityDefaultRuntimeTheme.tss - Importer: ScriptedImporter/UnityEditor.QuickSearchModule:UnityEditor.Search:ASIAI0B
Importing 'GUID: b7e79bb5e45f9433999f64a18df5a289 - Path: Assets/UI Toolkit/UnityThemes/UnityDefaultRuntimeTheme.tss - Importer: ScriptedImporter/UnityEditor.QuickSearchModule:UnityEditor.Search:ASIAI0B' with importer (ScriptedImporter : UnityEditor.QuickSearchModule:UnityEditor.Search:ASIAI0B)
Imported 'GUID: b7e79bb5e45f9433999f64a18df5a289' -> (Import Result ID: '72c98b0d541cb2d127f00e10ce0e2cd2') in 0.200 seconds [static and dynamic dependencies]. Details - ImportResultOutputID=27d4b301450149c35b9078e90efb1e16 DependenciesID=002659ee440ab4a56e681c696b954aab StaticDependenciesID=05084aec8c93cbb3529256417854dbef 
Number of updated asset objects reloaded before import = 0
Number of asset objects unloaded after import = 25
========================================================================
Received Prepare
AcceleratorClientConnectionCallback - disconnected - :0
Begin MonoManager ReloadAssembly
[Licensing::Client] Successfully resolved entitlement details
Thread 0x16bb07000 may have been prematurely finalized
Native extension for OSXStandalone target not found
[Package Manager] Failed to launch server process. Reason: Unity was launched with the -noUpm command-line argument
[Package Manager] Unable to send message (not connected to server process).
[Package Manager] Cannot connect to Unity Package Manager local server
ScheduleIndexationOnStartup MainProcess:False IndexOnStartup:True
Mono: successfully reloaded assembly
- Finished resetting the current domain, in  0.288 seconds
Domain Reload Profiling: 1348ms
	BeginReloadAssembly (609ms)
		DisableScriptedObjects (23ms)
		CreateAndSetChildDomain (69ms)
	RebuildCommonClasses (7ms)
	RebuildNativeTypeToScriptingClass (15ms)
	initialDomainReloadingComplete (279ms)
	LoadAllAssembliesAndSetupDomain (147ms)
		LoadAssemblies (375ms)
		AnalyzeDomain (60ms)
			TypeCache.Refresh (40ms)
				TypeCache.ScanAssembly (9ms)
			BuildScriptInfoCaches (11ms)
	FinalizeReload (290ms)
		SetupLoadedEditorAssemblies (0ms)
			BeforeProcessingInitializeOnLoad (62ms)
			ProcessInitializeOnLoadAttributes (50ms)
			ProcessInitializeOnLoadMethodAttributes (56ms)
Unloading 1 Unused Serialized files (Serialized files now loaded: 0)
Unloading 434 unused Assets / (335.9 KB). Loaded Objects now: 1043.
Memory consumption went from 82.7 MB to 82.3 MB.
Total: 5.691417 ms (FindLiveObjects: 0.075875 ms CreateObjectMapping: 0.053875 ms MarkObjects: 4.423333 ms  DeleteObjects: 1.137167 ms)

Prepare: number of updated asset objects reloaded= 0
========================================================================
Received Prepare
AcceleratorClientConnectionCallback - disconnected - :0
Unloading 1 Unused Serialized files (Serialized files now loaded: 0)
Unloading 1 unused Assets / (31.6 KB). Loaded Objects now: 1043.
Memory consumption went from 74.9 MB to 74.9 MB.
Total: 32.389042 ms (FindLiveObjects: 0.417167 ms CreateObjectMapping: 0.032291 ms MarkObjects: 31.828625 ms  DeleteObjects: 0.110667 ms)

Prepare: number of updated asset objects reloaded= 0
========================================================================
Received Import Request.
  Time of request: 2026-09-22T00:46:09.409306Z
  Time since last request: 15338.28146733299945 seconds.
  importAddress: GUID: 9c21cfda3336137438c3001d40564be0 - Path: Packages/com.unity.ugui/Tests/Runtime/UGUI/Canvas/NoActiveCameraInSceneDoesNotCrashEditor.cs - Importer: ScriptedImporter/UnityEditor.QuickSearchModule:UnityEditor.Search:ASIAI0B
Importing 'GUID: 9c21cfda3336137438c3001d40564be0 - Path: Packages/com.unity.ugui/Tests/Runtime/UGUI/Canvas/NoActiveCameraInSceneDoesNotCrashEditor.cs - Importer: ScriptedImporter/UnityEditor.QuickSearchModule:UnityEditor.Search:ASIAI0B' with importer (ScriptedImporter : UnityEditor.QuickSearchModule:UnityEditor.Search:ASIAI0B)
Imported 'GUID: 9c21cfda3336137438c3001d40564be0' -> (Import Result ID: '3c9ae3aaf4e44695dc1fdb9acff297bf') in 0.366 seconds [static and dynamic dependencies]. Details - ImportResultOutputID=0ee5eb4e85eadecc5105b446404cfa80 DependenciesID=07215ed29ae77d9275c7b47e33983c68 StaticDependenciesID=9da3591815552f7ac000fba653bf8018 
Number of updated asset objects reloaded before import = 0
Number of asset objects unloaded after import = 0
========================================================================
Received Import Request.
  Time of request: 2026-09-22T00:46:09.890733Z
  Time since last request: 0.00389175 seconds.
  importAddress: GUID: 811d999912a5f3f459a637aad029fbc8 - Path: Packages/com.unity.ugui/Tests/Runtime/UGUI/Canvas/RectTransformValidAfterEnable.cs - Importer: ScriptedImporter/UnityEditor.QuickSearchModule:UnityEditor.Search:ASIAI0B
Importing 'GUID: 811d999912a5f3f459a637aad029fbc8 - Path: Packages/com.unity.ugui/Tests/Runtime/UGUI/Canvas/RectTransformValidAfterEnable.cs - Importer: ScriptedImporter/UnityEditor.QuickSearchModule:UnityEditor.Search:ASIAI0B' with importer (ScriptedImporter : UnityEditor.QuickSearchModule:UnityEditor.Search:ASIAI0B)
Imported 'GUID: 811d999912a5f3f459a637aad029fbc8' -> (Import Result ID: 'c7f949fcfe5835966621789680c5f383') in 0.005 seconds [static and dynamic dependencies]. Details - ImportResultOutputID=3b55fdcdaff47528fec7898b4f6c3754 DependenciesID=ffe1c20f1ea8a42b96302275882d25f8 StaticDependenciesID=279d3401a6dbe8b52df9332a100e8a91 
Number of updated asset objects reloaded before import = 0
Number of asset objects unloaded after import = 0
========================================================================
Received Import Request.
  Time of request: 2026-09-22T00:46:09.898317Z
  Time since last request: 0.002238084 seconds.
  importAddress: GUID: 1aa08ab6e0800fa44ae55d278d1423e3 - Path: Packages/com.unity.ugui/Runtime/UGUI/UI/Core/ScrollRect.cs - Importer: ScriptedImporter/UnityEditor.QuickSearchModule:UnityEditor.Search:ASIAI0B
Importing 'GUID: 1aa08ab6e0800fa44ae55d278d1423e3 - Path: Packages/com.unity.ugui/Runtime/UGUI/UI/Core/ScrollRect.cs - Importer: ScriptedImporter/UnityEditor.QuickSearchModule:UnityEditor.Search:ASIAI0B' with importer (ScriptedImporter : UnityEditor.QuickSearchModule:UnityEditor.Search:ASIAI0B)
Imported 'GUID: 1aa08ab6e0800fa44ae55d278d1423e3' -> (Import Result ID: 'f3bf5d4cdf93809c6df3db9c978669c1') in 0.013 seconds [static and dynamic dependencies]. Details - ImportResultOutputID=53fa0bb8163d858163449b1bb1640447 DependenciesID=01d398ec4ddb2f0902992e708b4342b4 StaticDependenciesID=2c7b8076d3f55b5e70286203db0a0507 
Number of updated asset objects reloaded before import = 0
Number of asset objects unloaded after import = 0
========================================================================
Received Import Request.
  Time of request: 2026-09-22T00:46:09.91296Z
  Time since last request: 0.001257958 seconds.
  importAddress: GUID: c76700ea0062413d9f69409b4e9e151b - Path: Packages/com.unity.ugui/Editor Resources/Textures/btn_AlignCenterGeo.psd - Importer: ScriptedImporter/UnityEditor.QuickSearchModule:UnityEditor.Search:ASIAI0B
Importing 'GUID: c76700ea0062413d9f69409b4e9e151b - Path: Packages/com.unity.ugui/Editor Resources/Textures/btn_AlignCenterGeo.psd - Importer: ScriptedImporter/UnityEditor.QuickSearchModule:UnityEditor.Search:ASIAI0B' with importer (ScriptedImporter : UnityEditor.QuickSearchModule:UnityEditor.Search:ASIAI0B)
Imported 'GUID: c76700ea0062413d9f69409b4e9e151b' -> (Import Result ID: '81a4684a67502008adecff6ddd931e3c') in 0.089 seconds [static and dynamic dependencies]. Details - ImportResultOutputID=0b2f405942c71d63fbd6a70735499f5c DependenciesID=4056236b45154b8502acc5c9fa36f080 StaticDependenciesID=a73467cb4cdfb67d5cbd7a0e39dd9567 
Number of updated asset objects reloaded before import = 0
Number of asset objects unloaded after import = 1
========================================================================
Received Import Request.
  Time of request: 2026-09-22T00:46:10.002685Z
  Time since last request: 0.000173084 seconds.
  importAddress: GUID: e9a32780b69dcdb438da3e3f43202f54 - Path: Packages/com.unity.ugui/Tests/Runtime/UGUI/LayoutGroup/LayoutGroupArrangement.cs - Importer: ScriptedImporter/UnityEditor.QuickSearchModule:UnityEditor.Search:ASIAI0B
Importing 'GUID: e9a32780b69dcdb438da3e3f43202f54 - Path: Packages/com.unity.ugui/Tests/Runtime/UGUI/LayoutGroup/LayoutGroupArrangement.cs - Importer: ScriptedImporter/UnityEditor.QuickSearchModule:UnityEditor.Search:ASIAI0B' with importer (ScriptedImporter : UnityEditor.QuickSearchModule:UnityEditor.Search:ASIAI0B)
Imported 'GUID: e9a32780b69dcdb438da3e3f43202f54' -> (Import Result ID: 'b3c7846a60f41bba2032a840c417bc91') in 0.002 seconds [static and dynamic dependencies]. Details - ImportResultOutputID=4b276f4dd66e94858818b80b2a7dc6d2 DependenciesID=2afec79aa0771ac80df7354ae78d258e StaticDependenciesID=40ac2b6ac857822e3ac7ae25ff78e43e 
Number of updated asset objects reloaded before import = 0
Number of asset objects unloaded after import = 0
========================================================================
Received Import Request.
  Time of request: 2026-09-22T00:46:10.00514Z
  Time since last request: 0.000297542 seconds.
  importAddress: GUID: a6238e9452bfc704f82ff36791fe1a45 - Path: Packages/com.unity.ugui/Runtime/UGUI/UI/Core/Graphic.cs - Importer: ScriptedImporter/UnityEditor.QuickSearchModule:UnityEditor.Search:ASIAI0B
Importing 'GUID: a6238e9452bfc704f82ff36791fe1a45 - Path: Packages/com.unity.ugui/Runtime/UGUI/UI/Core/Graphic.cs - Importer: ScriptedImporter/UnityEditor.QuickSearchModule:UnityEditor.Search:ASIAI0B' with importer (ScriptedImporter : UnityEditor.QuickSearchModule:UnityEditor.Search:ASIAI0B)
Imported 'GUID: a6238e9452bfc704f82ff36791fe1a45' -> (Import Result ID: '5ce8e88571cc731bbbd60be32ef0dd84') in 0.001 seconds [static and dynamic dependencies]. Details - ImportResultOutputID=4ce66e5e99c32cfc057c6e80e185fa76 DependenciesID=8e0d2c7ff3e94177c9fe5cba6b9db139 StaticDependenciesID=bb7c1922013923fe4ef79536fd45747b 
Number of updated asset objects reloaded before import = 0
Number of asset objects unloaded after import = 0
========================================================================
Received Import Request.
  Time of request: 2026-09-22T00:46:10.007297Z
  Time since last request: 0.000621833 seconds.
  importAddress: GUID: 85016528879d5d644981050d1d0a4368 - Path: Packages/com.unity.ugui/Editor/TMP/HDRP/TMP_SDF_HDRPLitShaderGUI.cs - Importer: ScriptedImporter/UnityEditor.QuickSearchModule:UnityEditor.Search:ASIAI0B
Importing 'GUID: 85016528879d5d644981050d1d0a4368 - Path: Packages/com.unity.ugui/Editor/TMP/HDRP/TMP_SDF_HDRPLitShaderGUI.cs - Importer: ScriptedImporter/UnityEditor.QuickSearchModule:UnityEditor.Search:ASIAI0B' with importer (ScriptedImporter : UnityEditor.QuickSearchModule:UnityEditor.Search:ASIAI0B)
Imported 'GUID: 85016528879d5d644981050d1d0a4368' -> (Import Result ID: 'c1ee34c3fa8a41773abe06076c48c5c6') in 0.002 seconds [static and dynamic dependencies]. Details - ImportResultOutputID=a199800b308c9c6e8470e0f69eb75544 DependenciesID=452f042664172d9639515790d556cb95 StaticDependenciesID=f808b05ed76ca77a86b016f0476ff47e 
Number of updated asset objects reloaded before import = 0
Number of asset objects unloaded after import = 0
========================================================================
Received Import Request.
  Time of request: 2026-09-22T00:46:10.009383Z
  Time since last request: 0.000328792 seconds.
  importAddress: GUID: bab3a29ab4f214742a44add41efffb7d - Path: Packages/com.unity.ugui/Runtime/InternalBridge - Importer: ScriptedImporter/UnityEditor.QuickSearchModule:UnityEditor.Search:ASIAI0B
Importing 'GUID: bab3a29ab4f214742a44add41efffb7d - Path: Packages/com.unity.ugui/Runtime/InternalBridge - Importer: ScriptedImporter/UnityEditor.QuickSearchModule:UnityEditor.Search:ASIAI0B' with importer (ScriptedImporter : UnityEditor.QuickSearchModule:UnityEditor.Search:ASIAI0B)
Imported 'GUID: bab3a29ab4f214742a44add41efffb7d' -> (Import Result ID: '2c4fd77886f9aadef55f63939adea323') in 0.002 seconds [static and dynamic dependencies]. Details - ImportResultOutputID=e19ded0556697848a1fbb93c0a47eb04 DependenciesID=d2fafdf23ac4c9e143df92b66e956477 StaticDependenciesID=6c345ec98ff897d913930f14e7ed4ad3 
Number of updated asset objects reloaded before import = 0
Number of asset objects unloaded after import = 1
========================================================================
Received Import Request.
  Time of request: 2026-09-22T00:46:10.011762Z
  Time since last request: 0.000321958 seconds.
  importAddress: GUID: 278b6073a5bdd4362acd72ca43ff9e0d - Path: Packages/com.unity.ugui/Editor/UGUI - Importer: ScriptedImporter/UnityEditor.QuickSearchModule:UnityEditor.Search:ASIAI0B
Importing 'GUID: 278b6073a5bdd4362acd72ca43ff9e0d - Path: Packages/com.unity.ugui/Editor/UGUI - Importer: ScriptedImporter/UnityEditor.QuickSearchModule:UnityEditor.Search:ASIAI0B' with importer (ScriptedImporter : UnityEditor.QuickSearchModule:UnityEditor.Search:ASIAI0B)
Imported 'GUID: 278b6073a5bdd4362acd72ca43ff9e0d' -> (Import Result ID: '336e81444b197fbe018d39996e5678b1') in 0.001 seconds [static and dynamic dependencies]. Details - ImportResultOutputID=2fee600ea7029ef9890d9f01938021b6 DependenciesID=2db217218783e8554a891711a3e75d81 StaticDependenciesID=a0de4fea30115dae0faa48736900ab0d 
Number of updated asset objects reloaded before import = 0
Number of asset objects unloaded after import = 1
========================================================================
Received Import Request.
  Time of request: 2026-09-22T00:46:10.013388Z
  Time since last request: 0.000404958 seconds.
  importAddress: GUID: ec7c645d93308c04d8840982af12101e - Path: Packages/com.unity.ugui/Editor Resources/Gizmos/TMP - Sprite Asset Icon.psd - Importer: ScriptedImporter/UnityEditor.QuickSearchModule:UnityEditor.Search:ASIAI0B
Importing 'GUID: ec7c645d93308c04d8840982af12101e - Path: Packages/com.unity.ugui/Editor Resources/Gizmos/TMP - Sprite Asset Icon.psd - Importer: ScriptedImporter/UnityEditor.QuickSearchModule:UnityEditor.Search:ASIAI0B' with importer (ScriptedImporter : UnityEditor.QuickSearchModule:UnityEditor.Search:ASIAI0B)
Imported 'GUID: ec7c645d93308c04d8840982af12101e' -> (Import Result ID: '0fb617a53ab67fed64e64feb466997ab') in 0.008 seconds [static and dynamic dependencies]. Details - ImportResultOutputID=00045dbfc715da13edd172a2e9723b62 DependenciesID=1b9f348d7a0e9fb7d93864be1a085b40 StaticDependenciesID=2b9da131a559ce44f85e8e1856eb7a5d 
Number of updated asset objects reloaded before import = 0
Number of asset objects unloaded after import = 1
========================================================================
Received Import Request.
  Time of request: 2026-09-22T00:46:10.021769Z
  Time since last request: 0.000286042 seconds.
  importAddress: GUID: dcf00682bef4d264d84a5c92c8f5a40f - Path: Packages/com.unity.ugui/Editor/UGUI/UI/SelfControllerEditor.cs - Importer: ScriptedImporter/UnityEditor.QuickSearchModule:UnityEditor.Search:ASIAI0B
Importing 'GUID: dcf00682bef4d264d84a5c92c8f5a40f - Path: Packages/com.unity.ugui/Editor/UGUI/UI/SelfControllerEditor.cs - Importer: ScriptedImporter/UnityEditor.QuickSearchModule:UnityEditor.Search:ASIAI0B' with importer (ScriptedImporter : UnityEditor.QuickSearchModule:UnityEditor.Search:ASIAI0B)
Imported 'GUID: dcf00682bef4d264d84a5c92c8f5a40f' -> (Import Result ID: '46e72ea6e8173102528f4994d49d3977') in 0.001 seconds [static and dynamic dependencies]. Details - ImportResultOutputID=cc1c2f79953dcbbfbfbc3bc90368dad0 DependenciesID=583ca1adfb602de203a08258e2ff6358 StaticDependenciesID=3621196363e35522d083b43a1075d609 
Number of updated asset objects reloaded before import = 0
Number of asset objects unloaded after import = 0
========================================================================
Received Import Request.
  Time of request: 2026-09-22T00:46:10.023545Z
  Time since last request: 0.000347875 seconds.
  importAddress: GUID: e6413f4090046814d802ddbff9890878 - Path: Packages/com.unity.ugui/Editor/UGUI/UI/RawImageEditor.cs - Importer: ScriptedImporter/UnityEditor.QuickSearchModule:UnityEditor.Search:ASIAI0B
Importing 'GUID: e6413f4090046814d802ddbff9890878 - Path: Packages/com.unity.ugui/Editor/UGUI/UI/RawImageEditor.cs - Importer: ScriptedImporter/UnityEditor.QuickSearchModule:UnityEditor.Search:ASIAI0B' with importer (ScriptedImporter : UnityEditor.QuickSearchModule:UnityEditor.Search:ASIAI0B)
Imported 'GUID: e6413f4090046814d802ddbff9890878' -> (Import Result ID: '4f59d7531634f5c2226a7090d36da9ef') in 0.001 seconds [static and dynamic dependencies]. Details - ImportResultOutputID=0dca4203564a6636571af520858463e7 DependenciesID=a805d73559bef818ca92e8b360ed25d4 StaticDependenciesID=3afd614962ee3f95c1ab00872cebe8fc 
Number of updated asset objects reloaded before import = 0
Number of asset objects unloaded after import = 0
========================================================================
Received Import Request.
  Time of request: 2026-09-22T00:46:10.025251Z
  Time since last request: 0.000232208 seconds.
  importAddress: GUID: 5c221dffa89042038c946376c731c918 - Path: Packages/com.unity.ugui/Tests/Editor/TMP/TMP_ControlTests.cs - Importer: ScriptedImporter/UnityEditor.QuickSearchModule:UnityEditor.Search:ASIAI0B
Importing 'GUID: 5c221dffa89042038c946376c731c918 - Path: Packages/com.unity.ugui/Tests/Editor/TMP/TMP_ControlTests.cs - Importer: ScriptedImporter/UnityEditor.QuickSearchModule:UnityEditor.Search:ASIAI0B' with importer (ScriptedImporter : UnityEditor.QuickSearchModule:UnityEditor.Search:ASIAI0B)
Imported 'GUID: 5c221dffa89042038c946376c731c918' -> (Import Result ID: '535e3a2667fe4e200310495b25f196cd') in 0.001 seconds [static and dynamic dependencies]. Details - ImportResultOutputID=83bb7bb3630e783089a4a030143aaed2 DependenciesID=107f9bc9e8c97c99d21fb32daae2224d StaticDependenciesID=f9e0c98393c2b23b3b87307a30724228 
Number of updated asset objects reloaded before import = 0
Number of asset objects unloaded after import = 0
========================================================================
Received Import Request.
  Time of request: 2026-09-22T00:46:10.02687Z
  Time since last request: 0.000264583 seconds.
  importAddress: GUID: 0cd44c1031e13a943bb63640046fad76 - Path: Packages/com.unity.ugui/Runtime/UGUI/UI/Core/Layout/CanvasScaler.cs - Importer: ScriptedImporter/UnityEditor.QuickSearchModule:UnityEditor.Search:ASIAI0B
Importing 'GUID: 0cd44c1031e13a943bb63640046fad76 - Path: Packages/com.unity.ugui/Runtime/UGUI/UI/Core/Layout/CanvasScaler.cs - Importer: ScriptedImporter/UnityEditor.QuickSearchModule:UnityEditor.Search:ASIAI0B' with importer (ScriptedImporter : UnityEditor.QuickSearchModule:UnityEditor.Search:ASIAI0B)
Imported 'GUID: 0cd44c1031e13a943bb63640046fad76' -> (Import Result ID: '4b75325ba3e2ef9e506c1801bd5cd1b9') in 0.001 seconds [static and dynamic dependencies]. Details - ImportResultOutputID=ba47e4dda43433ec40a3d25bb8eba94d DependenciesID=fbbb64c233b5a637c7e4f5f31c107a82 StaticDependenciesID=e7b5ab640e9b1b29a268c3e4acc9b702 
Number of updated asset objects reloaded before import = 0
Number of asset objects unloaded after import = 0
========================================================================
Received Import Request.
  Time of request: 2026-09-22T00:46:10.028416Z
  Time since last request: 0.000276334 seconds.
  importAddress: GUID: 5dc64c943466a44498be3b620c743b45 - Path: Packages/com.unity.ugui/Runtime/UGUI/EventSystem/UIElements - Importer: ScriptedImporter/UnityEditor.QuickSearchModule:UnityEditor.Search:ASIAI0B
Importing 'GUID: 5dc64c943466a44498be3b620c743b45 - Path: Packages/com.unity.ugui/Runtime/UGUI/EventSystem/UIElements - Importer: ScriptedImporter/UnityEditor.QuickSearchModule:UnityEditor.Search:ASIAI0B' with importer (ScriptedImporter : UnityEditor.QuickSearchModule:UnityEditor.Search:ASIAI0B)
Imported 'GUID: 5dc64c943466a44498be3b620c743b45' -> (Import Result ID: 'ccde9a99d84ab01cb730827773b0d630') in 0.001 seconds [static and dynamic dependencies]. Details - ImportResultOutputID=67d2570c9c3c2e662fabc8ec6f65bd0e DependenciesID=097536ca7e590920606db9deafc089e3 StaticDependenciesID=020bec012d4bbacf245412c159ab6f25 
Number of updated asset objects reloaded before import = 0
Number of asset objects unloaded after import = 1
========================================================================
Received Import Request.
  Time of request: 2026-09-22T00:46:10.029877Z
  Time since last request: 0.000349875 seconds.
  importAddress: GUID: 01df650e1b86e9f4a8e2b5dc9782506f - Path: Packages/com.unity.ugui/Tests/Runtime/UGUI/NestedLayout/SceneWithNestedLayoutElementsLoads.cs - Importer: ScriptedImporter/UnityEditor.QuickSearchModule:UnityEditor.Search:ASIAI0B
Importing 'GUID: 01df650e1b86e9f4a8e2b5dc9782506f - Path: Packages/com.unity.ugui/Tests/Runtime/UGUI/NestedLayout/SceneWithNestedLayoutElementsLoads.cs - Importer: ScriptedImporter/UnityEditor.QuickSearchModule:UnityEditor.Search:ASIAI0B' with importer (ScriptedImporter : UnityEditor.QuickSearchModule:UnityEditor.Search:ASIAI0B)
Imported 'GUID: 01df650e1b86e9f4a8e2b5dc9782506f' -> (Import Result ID: '5a37f8cd509fd0282e43564d336d1b1f') in 0.001 seconds [static and dynamic dependencies]. Details - ImportResultOutputID=5359065aeb004983f924c657f939720b DependenciesID=b2f8dabb9ba8e48849aaff3e64bcc11b StaticDependenciesID=8de9bb5d53a863f584738ac03ac9788e 
Number of updated asset objects reloaded before import = 0
Number of asset objects unloaded after import = 0
========================================================================
Received Import Request.
  Time of request: 2026-09-22T00:46:10.086789Z
  Time since last request: 0.055545333 seconds.
  importAddress: GUID: 69ae55f76840b2849ba56cfb53a17df0 - Path: Packages/com.unity.ugui/Runtime/UGUI/UI/Core/StencilMaterial.cs - Importer: ScriptedImporter/UnityEditor.QuickSearchModule:UnityEditor.Search:ASIAI0B
Importing 'GUID: 69ae55f76840b2849ba56cfb53a17df0 - Path: Packages/com.unity.ugui/Runtime/UGUI/UI/Core/StencilMaterial.cs - Importer: ScriptedImporter/UnityEditor.QuickSearchModule:UnityEditor.Search:ASIAI0B' with importer (ScriptedImporter : UnityEditor.QuickSearchModule:UnityEditor.Search:ASIAI0B)
Imported 'GUID: 69ae55f76840b2849ba56cfb53a17df0' -> (Import Result ID: '50c2673cd7a0a04a28ce58cb5755d09f') in 0.002 seconds [static and dynamic dependencies]. Details - ImportResultOutputID=12543d8cdfbe35a9fcb390054eb244ba DependenciesID=5edbbab1c8f2dcc3b7a351504a572836 StaticDependenciesID=7a170b91c81dad8b6ee92aa3391db71c 
Number of updated asset objects reloaded before import = 0
Number of asset objects unloaded after import = 0
========================================================================
Received Import Request.
  Time of request: 2026-09-22T00:46:10.089402Z
  Time since last request: 0.0005065 seconds.
  importAddress: GUID: bf87e20fb5440ec498f441167b5291f8 - Path: Packages/com.unity.ugui/Runtime/UGUI/UI/Core/DefaultControls.cs - Importer: ScriptedImporter/UnityEditor.QuickSearchModule:UnityEditor.Search:ASIAI0B
Importing 'GUID: bf87e20fb5440ec498f441167b5291f8 - Path: Packages/com.unity.ugui/Runtime/UGUI/UI/Core/DefaultControls.cs - Importer: ScriptedImporter/UnityEditor.QuickSearchModule:UnityEditor.Search:ASIAI0B' with importer (ScriptedImporter : UnityEditor.QuickSearchModule:UnityEditor.Search:ASIAI0B)
Imported 'GUID: bf87e20fb5440ec498f441167b5291f8' -> (Import Result ID: 'e37bd174cabf168df672f8db8260d6d8') in 0.002 seconds [static and dynamic dependencies]. Details - ImportResultOutputID=20696d55df57145fddaed749ab93c088 DependenciesID=ffb88bc17b42c5fc94a73fe0f19c4adc StaticDependenciesID=b76819c45f8d1047a7587f3b5f222e53 
Number of updated asset objects reloaded before import = 0
Number of asset objects unloaded after import = 0
========================================================================
Received Import Request.
  Time of request: 2026-09-22T00:46:10.091597Z
  Time since last request: 0.000378542 seconds.
  importAddress: GUID: bdd96340ebb649f781c3ff803211c992 - Path: Packages/com.unity.ugui/Tests/Runtime/UGUI/RawImage/TestRawImage.cs - Importer: ScriptedImporter/UnityEditor.QuickSearchModule:UnityEditor.Search:ASIAI0B
Importing 'GUID: bdd96340ebb649f781c3ff803211c992 - Path: Packages/com.unity.ugui/Tests/Runtime/UGUI/RawImage/TestRawImage.cs - Importer: ScriptedImporter/UnityEditor.QuickSearchModule:UnityEditor.Search:ASIAI0B' with importer (ScriptedImporter : UnityEditor.QuickSearchModule:UnityEditor.Search:ASIAI0B)
Imported 'GUID: bdd96340ebb649f781c3ff803211c992' -> (Import Result ID: '94e51c805811a35e3e0fe2e236005cea') in 0.002 seconds [static and dynamic dependencies]. Details - ImportResultOutputID=de1edc588bbf3525d56945f25b5ac77f DependenciesID=ae3d9c7c387074dd5386342ac1adf708 StaticDependenciesID=48160770f4782aa353f1a5698f3a2a74 
Number of updated asset objects reloaded before import = 0
Number of asset objects unloaded after import = 0
========================================================================
Received Import Request.
  Time of request: 2026-09-22T00:46:10.093483Z
  Time since last request: 0.000264625 seconds.
  importAddress: GUID: e19747de3f5aca642ab2be37e372fb86 - Path: Packages/com.unity.ugui/Runtime/UGUI/UI/Core/VertexModifiers/Outline.cs - Importer: ScriptedImporter/UnityEditor.QuickSearchModule:UnityEditor.Search:ASIAI0B
Importing 'GUID: e19747de3f5aca642ab2be37e372fb86 - Path: Packages/com.unity.ugui/Runtime/UGUI/UI/Core/VertexModifiers/Outline.cs - Importer: ScriptedImporter/UnityEditor.QuickSearchModule:UnityEditor.Search:ASIAI0B' with importer (ScriptedImporter : UnityEditor.QuickSearchModule:UnityEditor.Search:ASIAI0B)
Imported 'GUID: e19747de3f5aca642ab2be37e372fb86' -> (Import Result ID: '3981c48589277c48c7b80b5ba3021c7e') in 0.001 seconds [static and dynamic dependencies]. Details - ImportResultOutputID=e2546ebee37cd175941670869752d77e DependenciesID=eb32ca7e20124dbba81563df988a629a StaticDependenciesID=db6df5c4857b856e9d11770b27afa839 
Number of updated asset objects reloaded before import = 0
Number of asset objects unloaded after import = 0
========================================================================
Received Import Request.
  Time of request: 2026-09-22T00:46:10.095271Z
  Time since last request: 0.000349583 seconds.
  importAddress: GUID: 43b1467da3d29ae4597a733828cdd84a - Path: Packages/com.unity.ugui/Tests/Runtime/UGUI/ScrollBar - Importer: ScriptedImporter/UnityEditor.QuickSearchModule:UnityEditor.Search:ASIAI0B
Importing 'GUID: 43b1467da3d29ae4597a733828cdd84a - Path: Packages/com.unity.ugui/Tests/Runtime/UGUI/ScrollBar - Importer: ScriptedImporter/UnityEditor.QuickSearchModule:UnityEditor.Search:ASIAI0B' with importer (ScriptedImporter : UnityEditor.QuickSearchModule:UnityEditor.Search:ASIAI0B)
Imported 'GUID: 43b1467da3d29ae4597a733828cdd84a' -> (Import Result ID: '0ac71fc970734c793252727291fe5f5f') in 0.001 seconds [static and dynamic dependencies]. Details - ImportResultOutputID=74ea7f4fb71fccf2bda7eace739fb8f5 DependenciesID=f46ba5adb4fc7a0c95312ab5a5f704b7 StaticDependenciesID=3a762e26db828ee02062f873d84c214b 
Number of updated asset objects reloaded before import = 0
Number of asset objects unloaded after import = 1
========================================================================
Received Import Request.
  Time of request: 2026-09-22T00:46:10.097061Z
  Time since last request: 0.000411333 seconds.
  importAddress: GUID: fc8d686a4c18b8d49bb1db4150de0459 - Path: Packages/com.unity.ugui/Tests/Runtime/UGUI/Canvas/NestedCanvas.cs - Importer: ScriptedImporter/UnityEditor.QuickSearchModule:UnityEditor.Search:ASIAI0B
Importing 'GUID: fc8d686a4c18b8d49bb1db4150de0459 - Path: Packages/com.unity.ugui/Tests/Runtime/UGUI/Canvas/NestedCanvas.cs - Importer: ScriptedImporter/UnityEditor.QuickSearchModule:UnityEditor.Search:ASIAI0B' with importer (ScriptedImporter : UnityEditor.QuickSearchModule:UnityEditor.Search:ASIAI0B)
Imported 'GUID: fc8d686a4c18b8d49bb1db4150de0459' -> (Import Result ID: '46c1bd563c8c84ea98d844f16ef88484') in 0.002 seconds [static and dynamic dependencies]. Details - ImportResultOutputID=b5a2c03a68632916e95c657aad0afa6b DependenciesID=559dbe1979295db067850f3fc1472461 StaticDependenciesID=dab5711c329e80faee3a1c09a5dfaf07 
Number of updated asset objects reloaded before import = 0
Number of asset objects unloaded after import = 0
========================================================================
Received Import Request.
  Time of request: 2026-09-22T00:46:10.098874Z
  Time since last request: 0.000237334 seconds.
  importAddress: GUID: 322392995be44d23a3c86cfd972f838f - Path: Packages/com.unity.ugui/Runtime/TMP/TMP_DefaultControls.cs - Importer: ScriptedImporter/UnityEditor.QuickSearchModule:UnityEditor.Search:ASIAI0B
Importing 'GUID: 322392995be44d23a3c86cfd972f838f - Path: Packages/com.unity.ugui/Runtime/TMP/TMP_DefaultControls.cs - Importer: ScriptedImporter/UnityEditor.QuickSearchModule:UnityEditor.Search:ASIAI0B' with importer (ScriptedImporter : UnityEditor.QuickSearchModule:UnityEditor.Search:ASIAI0B)
Imported 'GUID: 322392995be44d23a3c86cfd972f838f' -> (Import Result ID: '5cc389e02727fce68b4a3476bb2a14a7') in 0.001 seconds [static and dynamic dependencies]. Details - ImportResultOutputID=49c6ac98b6e8784f100ea99c08c7a6b8 DependenciesID=6ce73c685568da8eebfa8befbe61acd6 StaticDependenciesID=9c8f98901e83e69fb41ff79b8dada66e 
Number of updated asset objects reloaded before import = 0
Number of asset objects unloaded after import = 0
========================================================================
Received Import Request.
  Time of request: 2026-09-22T00:46:10.100777Z
  Time since last request: 0.000392458 seconds.
  importAddress: GUID: 7883cd788d83a71478342eef943e8150 - Path: Packages/com.unity.ugui/Tests/Runtime/UGUI/ScrollRect/ScrollRectStableLayout.cs - Importer: ScriptedImporter/UnityEditor.QuickSearchModule:UnityEditor.Search:ASIAI0B
Importing 'GUID: 7883cd788d83a71478342eef943e8150 - Path: Packages/com.unity.ugui/Tests/Runtime/UGUI/ScrollRect/ScrollRectStableLayout.cs - Importer: ScriptedImporter/UnityEditor.QuickSearchModule:UnityEditor.Search:ASIAI0B' with importer (ScriptedImporter : UnityEditor.QuickSearchModule:UnityEditor.Search:ASIAI0B)
Imported 'GUID: 7883cd788d83a71478342eef943e8150' -> (Import Result ID: '91c42eab65caee34f9375576f55d11bc') in 0.001 seconds [static and dynamic dependencies]. Details - ImportResultOutputID=71613232ed407dde935ace73ea54e3cf DependenciesID=321f8dc02610ad92cad312c7b2b31f02 StaticDependenciesID=9f6a3a79f59f0cf04c0333f9bef5a2a8 
Number of updated asset objects reloaded before import = 0
Number of asset objects unloaded after import = 0
========================================================================
Received Import Request.
  Time of request: 2026-09-22T00:46:10.102599Z
  Time since last request: 0.000299708 seconds.
  importAddress: GUID: ce4ff17ca867d2b48b5c8a4181611901 - Path: Packages/com.unity.ugui/Package Resources/TMP Essential Resources.unitypackage - Importer: ScriptedImporter/UnityEditor.QuickSearchModule:UnityEditor.Search:ASIAI0B
Importing 'GUID: ce4ff17ca867d2b48b5c8a4181611901 - Path: Packages/com.unity.ugui/Package Resources/TMP Essential Resources.unitypackage - Importer: ScriptedImporter/UnityEditor.QuickSearchModule:UnityEditor.Search:ASIAI0B' with importer (ScriptedImporter : UnityEditor.QuickSearchModule:UnityEditor.Search:ASIAI0B)
Imported 'GUID: ce4ff17ca867d2b48b5c8a4181611901' -> (Import Result ID: '9c7b686e6462755fa8a60292bb6e2606') in 0.001 seconds [static and dynamic dependencies]. Details - ImportResultOutputID=b7650117b52686d4254268378331dd25 DependenciesID=bab94b2d341a58635e1758e04e63cded StaticDependenciesID=d3141f8e230e502ea1ffcc27a3d3e40c 
Number of updated asset objects reloaded before import = 0
Number of asset objects unloaded after import = 1
========================================================================
Received Import Request.
  Time of request: 2026-09-22T00:46:10.104383Z
  Time since last request: 0.000365208 seconds.
  importAddress: GUID: acfa3573efc38c844be021fdaa8cf8a6 - Path: Packages/com.unity.ugui/Tests/Runtime/UGUI/Graphic/RawImageTest.cs - Importer: ScriptedImporter/UnityEditor.QuickSearchModule:UnityEditor.Search:ASIAI0B
Importing 'GUID: acfa3573efc38c844be021fdaa8cf8a6 - Path: Packages/com.unity.ugui/Tests/Runtime/UGUI/Graphic/RawImageTest.cs - Importer: ScriptedImporter/UnityEditor.QuickSearchModule:UnityEditor.Search:ASIAI0B' with importer (ScriptedImporter : UnityEditor.QuickSearchModule:UnityEditor.Search:ASIAI0B)
Imported 'GUID: acfa3573efc38c844be021fdaa8cf8a6' -> (Import Result ID: '2abbf10800f88bed00ff36af24598331') in 0.001 seconds [static and dynamic dependencies]. Details - ImportResultOutputID=c11ab7542a5aaf3163f1750c22c958e8 DependenciesID=8fcc4154b2a9458803e6d716fc9f522c StaticDependenciesID=f73f7bc30a43e2477f2bb41044dac55d 
Number of updated asset objects reloaded before import = 0
Number of asset objects unloaded after import = 0
========================================================================
Received Import Request.
  Time of request: 2026-09-22T00:46:10.106116Z
  Time since last request: 0.000263833 seconds.
  importAddress: GUID: 8394c018a82352f41ae354f7bdad54e3 - Path: Packages/com.unity.ugui/Editor/Analytics/UnityEditor.UI.Analytics.asmdef - Importer: ScriptedImporter/UnityEditor.QuickSearchModule:UnityEditor.Search:ASIAI0B
Importing 'GUID: 8394c018a82352f41ae354f7bdad54e3 - Path: Packages/com.unity.ugui/Editor/Analytics/UnityEditor.UI.Analytics.asmdef - Importer: ScriptedImporter/UnityEditor.QuickSearchModule:UnityEditor.Search:ASIAI0B' with importer (ScriptedImporter : UnityEditor.QuickSearchModule:UnityEditor.Search:ASIAI0B)
Imported 'GUID: 8394c018a82352f41ae354f7bdad54e3' -> (Import Result ID: '09afb1a5a8df73c001ed18ab87247814') in 0.004 seconds [static and dynamic dependencies]. Details - ImportResultOutputID=7e52203875db6bc92876e7ac5e266948 DependenciesID=09497f99f75f084019836c53d506ed9e StaticDependenciesID=09beb046dfb20a1d1056a5cb0a54c8cd 
Number of updated asset objects reloaded before import = 0
Number of asset objects unloaded after import = 1
========================================================================
Received Import Request.
  Time of request: 2026-09-22T00:46:10.110203Z
  Time since last request: 0.000386083 seconds.
  importAddress: GUID: 1336690ece4db2740b4ba38873e00dfb - Path: Packages/com.unity.ugui/Editor/UGUI/UI/TextEditor.cs - Importer: ScriptedImporter/UnityEditor.QuickSearchModule:UnityEditor.Search:ASIAI0B
Importing 'GUID: 1336690ece4db2740b4ba38873e00dfb - Path: Packages/com.unity.ugui/Editor/UGUI/UI/TextEditor.cs - Importer: ScriptedImporter/UnityEditor.QuickSearchModule:UnityEditor.Search:ASIAI0B' with importer (ScriptedImporter : UnityEditor.QuickSearchModule:UnityEditor.Search:ASIAI0B)
Imported 'GUID: 1336690ece4db2740b4ba38873e00dfb' -> (Import Result ID: 'a44f408cf8484775c1469f499e2d5b11') in 0.002 seconds [static and dynamic dependencies]. Details - ImportResultOutputID=1f926c87123df53f30c46f4c0ab1e303 DependenciesID=be0f9f1931c8933bdd7f7777cbfabc75 StaticDependenciesID=141eae6269ac0183657c893dac26569e 
Number of updated asset objects reloaded before import = 0
Number of asset objects unloaded after import = 0
========================================================================
Received Import Request.
  Time of request: 2026-09-22T00:46:10.112279Z
  Time since last request: 0.000306292 seconds.
  importAddress: GUID: 30bed781e402439ab8ce4e3357708115 - Path: Packages/com.unity.ugui/Runtime/TMP/TMP_Style.cs - Importer: ScriptedImporter/UnityEditor.QuickSearchModule:UnityEditor.Search:ASIAI0B
Importing 'GUID: 30bed781e402439ab8ce4e3357708115 - Path: Packages/com.unity.ugui/Runtime/TMP/TMP_Style.cs - Importer: ScriptedImporter/UnityEditor.QuickSearchModule:UnityEditor.Search:ASIAI0B' with importer (ScriptedImporter : UnityEditor.QuickSearchModule:UnityEditor.Search:ASIAI0B)
Imported 'GUID: 30bed781e402439ab8ce4e3357708115' -> (Import Result ID: '8b9f2f35e7d54bda326d9777cf1fcc4f') in 0.002 seconds [static and dynamic dependencies]. Details - ImportResultOutputID=12c1bfeb31af3094b37956d692c008c6 DependenciesID=70316628f7dfbd21f1bf699e358e5966 StaticDependenciesID=1a0e36d295a31978a20341954da72cdb 
Number of updated asset objects reloaded before import = 0
Number of asset objects unloaded after import = 0
========================================================================
Received Import Request.
  Time of request: 2026-09-22T00:46:10.114861Z
  Time since last request: 0.000527792 seconds.
  importAddress: GUID: 812aaaefaab404448a3e4db49dfa5206 - Path: Packages/com.unity.ugui/Tests/Editor/UGUI/Text/FontCreatedByScript.cs - Importer: ScriptedImporter/UnityEditor.QuickSearchModule:UnityEditor.Search:ASIAI0B
Importing 'GUID: 812aaaefaab404448a3e4db49dfa5206 - Path: Packages/com.unity.ugui/Tests/Editor/UGUI/Text/FontCreatedByScript.cs - Importer: ScriptedImporter/UnityEditor.QuickSearchModule:UnityEditor.Search:ASIAI0B' with importer (ScriptedImporter : UnityEditor.QuickSearchModule:UnityEditor.Search:ASIAI0B)
Imported 'GUID: 812aaaefaab404448a3e4db49dfa5206' -> (Import Result ID: '8d243adbd5e648953d9c8424d5e04c9d') in 0.002 seconds [static and dynamic dependencies]. Details - ImportResultOutputID=4374a6db7d2c4f3f292f355ee625ecea DependenciesID=eb15b0061823687272493690a850dbd0 StaticDependenciesID=d6dea52b824d589049e4ef2fc656ed6b 
Number of updated asset objects reloaded before import = 0
Number of asset objects unloaded after import = 0
========================================================================
Received Import Request.
  Time of request: 2026-09-22T00:46:10.117145Z
  Time since last request: 0.000562875 seconds.
  importAddress: GUID: 928dc55e2c8c3ee4dad33b6d561cb6ea - Path: Packages/com.unity.ugui/Runtime/UGUI/UI/Core/IGraphicEnabledDisabled.cs - Importer: ScriptedImporter/UnityEditor.QuickSearchModule:UnityEditor.Search:ASIAI0B
Importing 'GUID: 928dc55e2c8c3ee4dad33b6d561cb6ea - Path: Packages/com.unity.ugui/Runtime/UGUI/UI/Core/IGraphicEnabledDisabled.cs - Importer: ScriptedImporter/UnityEditor.QuickSearchModule:UnityEditor.Search:ASIAI0B' with importer (ScriptedImporter : UnityEditor.QuickSearchModule:UnityEditor.Search:ASIAI0B)
Imported 'GUID: 928dc55e2c8c3ee4dad33b6d561cb6ea' -> (Import Result ID: '39c0abd1f4e4b13c3ba9784cfaf63535') in 0.005 seconds [static and dynamic dependencies]. Details - ImportResultOutputID=0205582cb24348e9fbbb284a6e5e46f2 DependenciesID=465a3d1f8e6791a5f706de0d6829141b StaticDependenciesID=d16080f1802dc4b74bff410280f1523b 
Number of updated asset objects reloaded before import = 0
Number of asset objects unloaded after import = 0
========================================================================
Received Import Request.
  Time of request: 2026-09-22T00:46:10.122788Z
  Time since last request: 0.000346209 seconds.
  importAddress: GUID: a69b08936f9f74179ae333a4bebe7c54 - Path: Packages/com.unity.ugui/Tests/Runtime/UGUI/CanvasRenderer - Importer: ScriptedImporter/UnityEditor.QuickSearchModule:UnityEditor.Search:ASIAI0B
Importing 'GUID: a69b08936f9f74179ae333a4bebe7c54 - Path: Packages/com.unity.ugui/Tests/Runtime/UGUI/CanvasRenderer - Importer: ScriptedImporter/UnityEditor.QuickSearchModule:UnityEditor.Search:ASIAI0B' with importer (ScriptedImporter : UnityEditor.QuickSearchModule:UnityEditor.Search:ASIAI0B)
Imported 'GUID: a69b08936f9f74179ae333a4bebe7c54' -> (Import Result ID: '0f89ec04c1f3018c3ccabb4479792d2f') in 0.002 seconds [static and dynamic dependencies]. Details - ImportResultOutputID=8a5457f9c98991f17280e83bdcc69e71 DependenciesID=0e8675fc6774c4bf2d0ffafaab49c988 StaticDependenciesID=1821ba34ff53be7acdb5fa51cdfe761c 
Number of updated asset objects reloaded before import = 0
Number of asset objects unloaded after import = 1
========================================================================
Received Import Request.
  Time of request: 2026-09-22T00:46:10.124983Z
  Time since last request: 0.000404833 seconds.
  importAddress: GUID: c2f7f6a88b4c4f20a53deb72f3d9144c - Path: Packages/com.unity.ugui/Editor Resources/Textures/btn_AlignMidLine.psd - Importer: ScriptedImporter/UnityEditor.QuickSearchModule:UnityEditor.Search:ASIAI0B
Importing 'GUID: c2f7f6a88b4c4f20a53deb72f3d9144c - Path: Packages/com.unity.ugui/Editor Resources/Textures/btn_AlignMidLine.psd - Importer: ScriptedImporter/UnityEditor.QuickSearchModule:UnityEditor.Search:ASIAI0B' with importer (ScriptedImporter : UnityEditor.QuickSearchModule:UnityEditor.Search:ASIAI0B)
Imported 'GUID: c2f7f6a88b4c4f20a53deb72f3d9144c' -> (Import Result ID: '9116df09c49042e6bc7161133f327e35') in 0.012 seconds [static and dynamic dependencies]. Details - ImportResultOutputID=f1416b8ffb4d08821721a2b9b9889eac DependenciesID=16322475a0047085ba2a6da0f554603c StaticDependenciesID=5a926f657545a20fba3110a2f763422f 
Number of updated asset objects reloaded before import = 0
Number of asset objects unloaded after import = 1
========================================================================
Received Import Request.
  Time of request: 2026-09-22T00:46:10.139547Z
  Time since last request: 0.002885667 seconds.
  importAddress: GUID: 53ee1d135588bf447a7af7ba2e8709d7 - Path: Packages/com.unity.ugui/Tests/Runtime/UGUI/EventSystem/GraphicRaycasterButtonTests.cs - Importer: ScriptedImporter/UnityEditor.QuickSearchModule:UnityEditor.Search:ASIAI0B
Importing 'GUID: 53ee1d135588bf447a7af7ba2e8709d7 - Path: Packages/com.unity.ugui/Tests/Runtime/UGUI/EventSystem/GraphicRaycasterButtonTests.cs - Importer: ScriptedImporter/UnityEditor.QuickSearchModule:UnityEditor.Search:ASIAI0B' with importer (ScriptedImporter : UnityEditor.QuickSearchModule:UnityEditor.Search:ASIAI0B)
Imported 'GUID: 53ee1d135588bf447a7af7ba2e8709d7' -> (Import Result ID: '0538215d6fd6e77414786934a3370b73') in 0.007 seconds [static and dynamic dependencies]. Details - ImportResultOutputID=edf7f172980236f033c1c752aa2eea04 DependenciesID=3d110f24081dcac07c4abb1e3b8f55ca StaticDependenciesID=f5a4c137e7fb87c6e05fa74292d3060d 
Number of updated asset objects reloaded before import = 0
Number of asset objects unloaded after import = 0
========================================================================
Received Import Request.
  Time of request: 2026-09-22T00:46:10.147458Z
  Time since last request: 0.000569625 seconds.
  importAddress: GUID: e976a5e755c7016418f66e15223c1b90 - Path: Packages/com.unity.ugui/Editor/UGUI/EventSystem/PhysicsRaycasterEditor.cs - Importer: ScriptedImporter/UnityEditor.QuickSearchModule:UnityEditor.Search:ASIAI0B
Importing 'GUID: e976a5e755c7016418f66e15223c1b90 - Path: Packages/com.unity.ugui/Editor/UGUI/EventSystem/PhysicsRaycasterEditor.cs - Importer: ScriptedImporter/UnityEditor.QuickSearchModule:UnityEditor.Search:ASIAI0B' with importer (ScriptedImporter : UnityEditor.QuickSearchModule:UnityEditor.Search:ASIAI0B)
Imported 'GUID: e976a5e755c7016418f66e15223c1b90' -> (Import Result ID: '1888e12673f64ff19ab96bc11e93dcdf') in 0.003 seconds [static and dynamic dependencies]. Details - ImportResultOutputID=eec062137bcdba188b838efc7ed18f50 DependenciesID=d60aaaa287eeae7b3a029550df9e0d6e StaticDependenciesID=d96f6188cfee77f12212889eea2115b6 
Number of updated asset objects reloaded before import = 0
Number of asset objects unloaded after import = 0
========================================================================
Received Import Request.
  Time of request: 2026-09-22T00:46:10.151583Z
  Time since last request: 0.000857 seconds.
  importAddress: GUID: e6323ebef616fee4486ee155cd56d191 - Path: Packages/com.unity.ugui/Tests/Runtime/UGUI/EventSystem/GraphicRaycasterTests.cs - Importer: ScriptedImporter/UnityEditor.QuickSearchModule:UnityEditor.Search:ASIAI0B
Importing 'GUID: e6323ebef616fee4486ee155cd56d191 - Path: Packages/com.unity.ugui/Tests/Runtime/UGUI/EventSystem/GraphicRaycasterTests.cs - Importer: ScriptedImporter/UnityEditor.QuickSearchModule:UnityEditor.Search:ASIAI0B' with importer (ScriptedImporter : UnityEditor.QuickSearchModule:UnityEditor.Search:ASIAI0B)
Imported 'GUID: e6323ebef616fee4486ee155cd56d191' -> (Import Result ID: '4f8efd4aeff0708d65a9b5629d336961') in 0.002 seconds [static and dynamic dependencies]. Details - ImportResultOutputID=aae4a285b8a000e43dbb60809f57103a DependenciesID=0578bc5939ff8cdc1b3d6d72792da69e StaticDependenciesID=a1b1b0bd4f92a7f024dc8a83612ecf11 
Number of updated asset objects reloaded before import = 0
Number of asset objects unloaded after import = 0
========================================================================
Received Import Request.
  Time of request: 2026-09-22T00:46:10.154686Z
  Time since last request: 0.000494625 seconds.
  importAddress: GUID: c16c54fe03afb5740bcc0a2a295cb79d - Path: Packages/com.unity.ugui/Tests/Editor/UGUI/InputField - Importer: ScriptedImporter/UnityEditor.QuickSearchModule:UnityEditor.Search:ASIAI0B
Importing 'GUID: c16c54fe03afb5740bcc0a2a295cb79d - Path: Packages/com.unity.ugui/Tests/Editor/UGUI/InputField - Importer: ScriptedImporter/UnityEditor.QuickSearchModule:UnityEditor.Search:ASIAI0B' with importer (ScriptedImporter : UnityEditor.QuickSearchModule:UnityEditor.Search:ASIAI0B)
Imported 'GUID: c16c54fe03afb5740bcc0a2a295cb79d' -> (Import Result ID: '61abfe8e68c69c0f4fa6e6e47fd0c7ea') in 0.002 seconds [static and dynamic dependencies]. Details - ImportResultOutputID=7617f740c86fb0bd7950efb0fbc40289 DependenciesID=64d61c0b51f650f306b00880462b1729 StaticDependenciesID=473bcc37a7efe26bc77b6c2b3902ff47 
Number of updated asset objects reloaded before import = 0
Number of asset objects unloaded after import = 1
========================================================================
Received Import Request.
  Time of request: 2026-09-22T00:46:10.157832Z
  Time since last request: 0.000764167 seconds.
  importAddress: GUID: abe6991365a27d341a10580f3b7c0f44 - Path: Packages/com.unity.ugui/Editor Resources/Shaders/TMP_SDF_SSD.cginc - Importer: ScriptedImporter/UnityEditor.QuickSearchModule:UnityEditor.Search:ASIAI0B
Importing 'GUID: abe6991365a27d341a10580f3b7c0f44 - Path: Packages/com.unity.ugui/Editor Resources/Shaders/TMP_SDF_SSD.cginc - Importer: ScriptedImporter/UnityEditor.QuickSearchModule:UnityEditor.Search:ASIAI0B' with importer (ScriptedImporter : UnityEditor.QuickSearchModule:UnityEditor.Search:ASIAI0B)
Imported 'GUID: abe6991365a27d341a10580f3b7c0f44' -> (Import Result ID: 'fa35e5fbceb919e487e11f7f76e95fe6') in 0.003 seconds [static and dynamic dependencies]. Details - ImportResultOutputID=c5838bce0db5a63a40efd67954b20f42 DependenciesID=a530f663482742812e8a369f2bac20e9 StaticDependenciesID=a5ccc1492204549bce894131d0b56ec4 
Number of updated asset objects reloaded before import = 0
Number of asset objects unloaded after import = 1
========================================================================
Received Import Request.
  Time of request: 2026-09-22T00:46:10.164725Z
  Time since last request: 0.003540792 seconds.
  importAddress: GUID: 371b6b9c8adc50745ace66a6fdf67481 - Path: Packages/com.unity.ugui/Runtime/UGUI/UI/Core/Culling/IClipRegion.cs - Importer: ScriptedImporter/UnityEditor.QuickSearchModule:UnityEditor.Search:ASIAI0B
Importing 'GUID: 371b6b9c8adc50745ace66a6fdf67481 - Path: Packages/com.unity.ugui/Runtime/UGUI/UI/Core/Culling/IClipRegion.cs - Importer: ScriptedImporter/UnityEditor.QuickSearchModule:UnityEditor.Search:ASIAI0B' with importer (ScriptedImporter : UnityEditor.QuickSearchModule:UnityEditor.Search:ASIAI0B)
Imported 'GUID: 371b6b9c8adc50745ace66a6fdf67481' -> (Import Result ID: '3610d42c749cd635050b598973665ec2') in 0.003 seconds [static and dynamic dependencies]. Details - ImportResultOutputID=5b7eae549865f623aa066de4f337796b DependenciesID=0b77a058074b308ff10e401aae37f192 StaticDependenciesID=5ca0faef312109de8f6d1eb5d0049316 
Number of updated asset objects reloaded before import = 0
Number of asset objects unloaded after import = 0
========================================================================
Received Import Request.
  Time of request: 2026-09-22T00:46:10.168556Z
  Time since last request: 0.0007815 seconds.
  importAddress: GUID: 18775b51e3bd42299fd30bd036ea982f - Path: Packages/com.unity.ugui/Editor Resources/Textures/btn_AlignBaseLine_Light.psd - Importer: ScriptedImporter/UnityEditor.QuickSearchModule:UnityEditor.Search:ASIAI0B
Importing 'GUID: 18775b51e3bd42299fd30bd036ea982f - Path: Packages/com.unity.ugui/Editor Resources/Textures/btn_AlignBaseLine_Light.psd - Importer: ScriptedImporter/UnityEditor.QuickSearchModule:UnityEditor.Search:ASIAI0B' with importer (ScriptedImporter : UnityEditor.QuickSearchModule:UnityEditor.Search:ASIAI0B)
Imported 'GUID: 18775b51e3bd42299fd30bd036ea982f' -> (Import Result ID: 'c4dd61b68932a7108a5d2490109cfb2f') in 0.008 seconds [static and dynamic dependencies]. Details - ImportResultOutputID=96f6b6fb49324d1fff94998620066071 DependenciesID=14b8d930f3ae9a1a40b94ca19b157568 StaticDependenciesID=a68799cb0820c3d1c6698bc8c167e05a 
Number of updated asset objects reloaded before import = 0
Number of asset objects unloaded after import = 1
========================================================================
Received Import Request.
  Time of request: 2026-09-22T00:46:10.177384Z
  Time since last request: 0.000586583 seconds.
  importAddress: GUID: 58e7d991249847640b1534192721c5ea - Path: Packages/com.unity.ugui/Editor/UGUI/UI/RectMask2DEditor.cs - Importer: ScriptedImporter/UnityEditor.QuickSearchModule:UnityEditor.Search:ASIAI0B
Importing 'GUID: 58e7d991249847640b1534192721c5ea - Path: Packages/com.unity.ugui/Editor/UGUI/UI/RectMask2DEditor.cs - Importer: ScriptedImporter/UnityEditor.QuickSearchModule:UnityEditor.Search:ASIAI0B' with importer (ScriptedImporter : UnityEditor.QuickSearchModule:UnityEditor.Search:ASIAI0B)
Imported 'GUID: 58e7d991249847640b1534192721c5ea' -> (Import Result ID: '6c8a2d852f2fb043ba7547a620c2458c') in 0.002 seconds [static and dynamic dependencies]. Details - ImportResultOutputID=2030a97e61dca15687b9257fba6033c9 DependenciesID=387d8d518e1468ba9bf59b6c6884a3b8 StaticDependenciesID=784e8456bda4b8bed9512c7e5d2be38b 
Number of updated asset objects reloaded before import = 0
Number of asset objects unloaded after import = 0
========================================================================
Received Import Request.
  Time of request: 2026-09-22T00:46:10.180489Z
  Time since last request: 0.000558541 seconds.
  importAddress: GUID: 7b6c2e51603686247afd5ab620c490e6 - Path: Packages/com.unity.ugui/Editor/TMP/PropertyDrawers/LigatureSubstitutionRecordPropertyDrawer.cs - Importer: ScriptedImporter/UnityEditor.QuickSearchModule:UnityEditor.Search:ASIAI0B
Importing 'GUID: 7b6c2e51603686247afd5ab620c490e6 - Path: Packages/com.unity.ugui/Editor/TMP/PropertyDrawers/LigatureSubstitutionRecordPropertyDrawer.cs - Importer: ScriptedImporter/UnityEditor.QuickSearchModule:UnityEditor.Search:ASIAI0B' with importer (ScriptedImporter : UnityEditor.QuickSearchModule:UnityEditor.Search:ASIAI0B)
Imported 'GUID: 7b6c2e51603686247afd5ab620c490e6' -> (Import Result ID: '203cde44eb4fcd78448d3b3f1fbd3403') in 0.003 seconds [static and dynamic dependencies]. Details - ImportResultOutputID=214afa0979a4bfb8cc852470fed58235 DependenciesID=5b3a7319e72bb7c785e5ff70e539b0ea StaticDependenciesID=9f2274c1a080247316e49ebfe7976d33 
Number of updated asset objects reloaded before import = 0
Number of asset objects unloaded after import = 0
========================================================================
Received Import Request.
  Time of request: 2026-09-22T00:46:10.185148Z
  Time since last request: 0.001549708 seconds.
  importAddress: GUID: 7241c7dc25374fc1a6ab3ef9da79c363 - Path: Packages/com.unity.ugui/Editor/TMP/TMP_ResourcesLoader.cs - Importer: ScriptedImporter/UnityEditor.QuickSearchModule:UnityEditor.Search:ASIAI0B
Importing 'GUID: 7241c7dc25374fc1a6ab3ef9da79c363 - Path: Packages/com.unity.ugui/Editor/TMP/TMP_ResourcesLoader.cs - Importer: ScriptedImporter/UnityEditor.QuickSearchModule:UnityEditor.Search:ASIAI0B' with importer (ScriptedImporter : UnityEditor.QuickSearchModule:UnityEditor.Search:ASIAI0B)
Imported 'GUID: 7241c7dc25374fc1a6ab3ef9da79c363' -> (Import Result ID: '4119cebfd26fd1a032f485435855f691') in 0.004 seconds [static and dynamic dependencies]. Details - ImportResultOutputID=484c0f308dcf9b079fdf7a020c857fd1 DependenciesID=7abace97e02453b573ff4b50b40fefa0 StaticDependenciesID=c7e2181b0129ec3b647320205348c49c 
Number of updated asset objects reloaded before import = 0
Number of asset objects unloaded after import = 0
========================================================================
Received Import Request.
  Time of request: 2026-09-22T00:46:10.191486Z
  Time since last request: 0.001804875 seconds.
  importAddress: GUID: b180d0cec21671c45a32a9ce99bff2f5 - Path: Packages/com.unity.ugui/Tests/Editor/UGUI/Dropdown/DropdownOptionsListDrawer.cs - Importer: ScriptedImporter/UnityEditor.QuickSearchModule:UnityEditor.Search:ASIAI0B
Importing 'GUID: b180d0cec21671c45a32a9ce99bff2f5 - Path: Packages/com.unity.ugui/Tests/Editor/UGUI/Dropdown/DropdownOptionsListDrawer.cs - Importer: ScriptedImporter/UnityEditor.QuickSearchModule:UnityEditor.Search:ASIAI0B' with importer (ScriptedImporter : UnityEditor.QuickSearchModule:UnityEditor.Search:ASIAI0B)
Imported 'GUID: b180d0cec21671c45a32a9ce99bff2f5' -> (Import Result ID: '9d4cf0d039a503bb0a877b2cdd6a1af1') in 0.003 seconds [static and dynamic dependencies]. Details - ImportResultOutputID=f96a09201c0b1deb43a3cf4dac982f7a DependenciesID=e56aecad37127b6eb47c4596fd71c49a StaticDependenciesID=5aaf649bc9744300aa165aa3baaa494f 
Number of updated asset objects reloaded before import = 0
Number of asset objects unloaded after import = 0
========================================================================
Received Import Request.
  Time of request: 2026-09-22T00:46:10.194907Z
  Time since last request: 0.000749458 seconds.
  importAddress: GUID: 066619c9c9c84f89acb1b48c11a7efe2 - Path: Packages/com.unity.ugui/Editor Resources/Textures/btn_AlignMiddle_Light.psd - Importer: ScriptedImporter/UnityEditor.QuickSearchModule:UnityEditor.Search:ASIAI0B
Importing 'GUID: 066619c9c9c84f89acb1b48c11a7efe2 - Path: Packages/com.unity.ugui/Editor Resources/Textures/btn_AlignMiddle_Light.psd - Importer: ScriptedImporter/UnityEditor.QuickSearchModule:UnityEditor.Search:ASIAI0B' with importer (ScriptedImporter : UnityEditor.QuickSearchModule:UnityEditor.Search:ASIAI0B)
Imported 'GUID: 066619c9c9c84f89acb1b48c11a7efe2' -> (Import Result ID: '142c916b42521ca1b4bf6674b5316c2a') in 0.012 seconds [static and dynamic dependencies]. Details - ImportResultOutputID=de1e4095ceed1b2ef68486b4a432e3cc DependenciesID=001737860f7af4f8ac44d69c9365142c StaticDependenciesID=e86026d88fbd6285c6ac69c2973dc04d 
Number of updated asset objects reloaded before import = 0
Number of asset objects unloaded after import = 1
========================================================================
Received Import Request.
  Time of request: 2026-09-22T00:46:10.207657Z
  Time since last request: 0.000941584 seconds.
  importAddress: GUID: 914613548ded44a43a59eb9852503f18 - Path: Packages/com.unity.ugui/Tests/Runtime/TMP - Importer: ScriptedImporter/UnityEditor.QuickSearchModule:UnityEditor.Search:ASIAI0B
Importing 'GUID: 914613548ded44a43a59eb9852503f18 - Path: Packages/com.unity.ugui/Tests/Runtime/TMP - Importer: ScriptedImporter/UnityEditor.QuickSearchModule:UnityEditor.Search:ASIAI0B' with importer (ScriptedImporter : UnityEditor.QuickSearchModule:UnityEditor.Search:ASIAI0B)
Imported 'GUID: 914613548ded44a43a59eb9852503f18' -> (Import Result ID: 'e3c9284612357ae5d8a1eaca1f5990d5') in 0.003 seconds [static and dynamic dependencies]. Details - ImportResultOutputID=a612eaa4c1aa2622f68907827ef99f5d DependenciesID=cbaefe95b87b9cab4f0dbc34bd378103 StaticDependenciesID=6240a46fc22ff7d9895e7d56492ea685 
Number of updated asset objects reloaded before import = 0
Number of asset objects unloaded after import = 1
========================================================================
Received Import Request.
  Time of request: 2026-09-22T00:46:10.221411Z
  Time since last request: 0.011095042 seconds.
  importAddress: GUID: 9288066c33474b94b6ee5465f4df1cc0 - Path: Packages/com.unity.ugui/Editor Resources/Textures/btn_AlignLeft.psd - Importer: ScriptedImporter/UnityEditor.QuickSearchModule:UnityEditor.Search:ASIAI0B
Importing 'GUID: 9288066c33474b94b6ee5465f4df1cc0 - Path: Packages/com.unity.ugui/Editor Resources/Textures/btn_AlignLeft.psd - Importer: ScriptedImporter/UnityEditor.QuickSearchModule:UnityEditor.Search:ASIAI0B' with importer (ScriptedImporter : UnityEditor.QuickSearchModule:UnityEditor.Search:ASIAI0B)
Imported 'GUID: 9288066c33474b94b6ee5465f4df1cc0' -> (Import Result ID: '770e0e8565fef180fe365c08c6867aef') in 0.008 seconds [static and dynamic dependencies]. Details - ImportResultOutputID=97f3a90ca1372bb20a0f975631f238a0 DependenciesID=65c89ae1319d6a63f028580d6b7dcae0 StaticDependenciesID=b7c508b09354ba485d3685b2b2687263 
Number of updated asset objects reloaded before import = 0
Number of asset objects unloaded after import = 1
========================================================================
Received Import Request.
  Time of request: 2026-09-22T00:46:10.230145Z
  Time since last request: 0.000744666 seconds.
  importAddress: GUID: 96e9072453a441618754c478755b3028 - Path: Packages/com.unity.ugui/Runtime/TMP/TMPro_EventManager.cs - Importer: ScriptedImporter/UnityEditor.QuickSearchModule:UnityEditor.Search:ASIAI0B
Importing 'GUID: 96e9072453a441618754c478755b3028 - Path: Packages/com.unity.ugui/Runtime/TMP/TMPro_EventManager.cs - Importer: ScriptedImporter/UnityEditor.QuickSearchModule:UnityEditor.Search:ASIAI0B' with importer (ScriptedImporter : UnityEditor.QuickSearchModule:UnityEditor.Search:ASIAI0B)
Imported 'GUID: 96e9072453a441618754c478755b3028' -> (Import Result ID: '6406e473b29d0beb7583e0542b78c8ab') in 0.003 seconds [static and dynamic dependencies]. Details - ImportResultOutputID=5dbb1a06ff67de058cb225320e41592d DependenciesID=e06b875ac1f7509e65a5ef35a65efc0e StaticDependenciesID=302cc83be453a6de98c3e5bd61c9f8b5 
Number of updated asset objects reloaded before import = 0
Number of asset objects unloaded after import = 0
========================================================================
Received Import Request.
  Time of request: 2026-09-22T00:46:10.235247Z
  Time since last request: 0.001716625 seconds.
  importAddress: GUID: 6a981cd1456bec84b86e1c66773f57f5 - Path: Packages/com.unity.ugui/Editor/UGUI/UI/GridLayoutGroupEditor.cs - Importer: ScriptedImporter/UnityEditor.QuickSearchModule:UnityEditor.Search:ASIAI0B
Importing 'GUID: 6a981cd1456bec84b86e1c66773f57f5 - Path: Packages/com.unity.ugui/Editor/UGUI/UI/GridLayoutGroupEditor.cs - Importer: ScriptedImporter/UnityEditor.QuickSearchModule:UnityEditor.Search:ASIAI0B' with importer (ScriptedImporter : UnityEditor.QuickSearchModule:UnityEditor.Search:ASIAI0B)
Imported 'GUID: 6a981cd1456bec84b86e1c66773f57f5' -> (Import Result ID: '174aa8685dc26016e22bc9c75c835772') in 0.003 seconds [static and dynamic dependencies]. Details - ImportResultOutputID=1b9e17781e649a3befca94aa7b3bd14d DependenciesID=c6df410820305ca05035fb988bc94732 StaticDependenciesID=15b26428ba48eca019f44728c2564f65 
Number of updated asset objects reloaded before import = 0
Number of asset objects unloaded after import = 0
========================================================================
Received Import Request.
  Time of request: 2026-09-22T00:46:10.23873Z
  Time since last request: 0.000605583 seconds.
  importAddress: GUID: 46646a5562f14984690c85ee7b946bc9 - Path: Packages/com.unity.ugui/Runtime/UGUI/EventSystem/Raycasters - Importer: ScriptedImporter/UnityEditor.QuickSearchModule:UnityEditor.Search:ASIAI0B
Importing 'GUID: 46646a5562f14984690c85ee7b946bc9 - Path: Packages/com.unity.ugui/Runtime/UGUI/EventSystem/Raycasters - Importer: ScriptedImporter/UnityEditor.QuickSearchModule:UnityEditor.Search:ASIAI0B' with importer (ScriptedImporter : UnityEditor.QuickSearchModule:UnityEditor.Search:ASIAI0B)
Imported 'GUID: 46646a5562f14984690c85ee7b946bc9' -> (Import Result ID: 'e6195b605c0654a28b03fd297f06a1a9') in 0.003 seconds [static and dynamic dependencies]. Details - ImportResultOutputID=3e86caab95603303a90b8d049a70deab DependenciesID=1fad9e70869aa479c45d658661276f9d StaticDependenciesID=e88d78b5a73018ba343050e45c371be0 
Number of updated asset objects reloaded before import = 0
Number of asset objects unloaded after import = 1
========================================================================
Received Import Request.
  Time of request: 2026-09-22T00:46:10.242652Z
  Time since last request: 0.000663416 seconds.
  importAddress: GUID: 6fdea2af3daa40fe8f88e5e9cfc17abb - Path: Packages/com.unity.ugui/Editor/TMP/TMP_PostBuildProcessHandler.cs - Importer: ScriptedImporter/UnityEditor.QuickSearchModule:UnityEditor.Search:ASIAI0B
Importing 'GUID: 6fdea2af3daa40fe8f88e5e9cfc17abb - Path: Packages/com.unity.ugui/Editor/TMP/TMP_PostBuildProcessHandler.cs - Importer: ScriptedImporter/UnityEditor.QuickSearchModule:UnityEditor.Search:ASIAI0B' with importer (ScriptedImporter : UnityEditor.QuickSearchModule:UnityEditor.Search:ASIAI0B)
Imported 'GUID: 6fdea2af3daa40fe8f88e5e9cfc17abb' -> (Import Result ID: '77a8856da1e8ce4a0933af8a2579fcfd') in 0.003 seconds [static and dynamic dependencies]. Details - ImportResultOutputID=cfe532747fcb05c12437e07ea3a19dca DependenciesID=81a8c016023a921fe82fc8cb055c3e73 StaticDependenciesID=5685b8a82710facb3004f9644263a5b7 
Number of updated asset objects reloaded before import = 0
Number of asset objects unloaded after import = 0
========================================================================
Received Import Request.
  Time of request: 2026-09-22T00:46:10.24654Z
  Time since last request: 0.001043583 seconds.
  importAddress: GUID: 8573c56c34e616248a3881b2c56280ef - Path: Packages/com.unity.ugui/Tests/Runtime/UGUI/Canvas/CoroutineWorksIfUIObjectIsAttached.cs - Importer: ScriptedImporter/UnityEditor.QuickSearchModule:UnityEditor.Search:ASIAI0B
Importing 'GUID: 8573c56c34e616248a3881b2c56280ef - Path: Packages/com.unity.ugui/Tests/Runtime/UGUI/Canvas/CoroutineWorksIfUIObjectIsAttached.cs - Importer: ScriptedImporter/UnityEditor.QuickSearchModule:UnityEditor.Search:ASIAI0B' with importer (ScriptedImporter : UnityEditor.QuickSearchModule:UnityEditor.Search:ASIAI0B)
Imported 'GUID: 8573c56c34e616248a3881b2c56280ef' -> (Import Result ID: '99ce45446907ba636e8977b6ec8d6b37') in 0.004 seconds [static and dynamic dependencies]. Details - ImportResultOutputID=065aa05ac098e5318d1ec0d0d31a514b DependenciesID=3e595b9672445cdad5785ff138a7a8c0 StaticDependenciesID=82e5e11938e96b017a2558eff15a37f6 
Number of updated asset objects reloaded before import = 0
Number of asset objects unloaded after import = 0
========================================================================
Received Import Request.
  Time of request: 2026-09-22T00:46:10.2518Z
  Time since last request: 0.001122375 seconds.
  importAddress: GUID: 426106349a0ff964fa4e7178c1d3a4f5 - Path: Packages/com.unity.ugui/Runtime/UGUI/EventSystem/Raycasters/BaseRaycaster.cs - Importer: ScriptedImporter/UnityEditor.QuickSearchModule:UnityEditor.Search:ASIAI0B
Importing 'GUID: 426106349a0ff964fa4e7178c1d3a4f5 - Path: Packages/com.unity.ugui/Runtime/UGUI/EventSystem/Raycasters/BaseRaycaster.cs - Importer: ScriptedImporter/UnityEditor.QuickSearchModule:UnityEditor.Search:ASIAI0B' with importer (ScriptedImporter : UnityEditor.QuickSearchModule:UnityEditor.Search:ASIAI0B)
Imported 'GUID: 426106349a0ff964fa4e7178c1d3a4f5' -> (Import Result ID: 'ad2b0618b39d1693e2968684ffa9e536') in 0.003 seconds [static and dynamic dependencies]. Details - ImportResultOutputID=31777e72cea38b09d52fe6ccea3452ab DependenciesID=fbc4c29becaef0ee4c9f6cd79765434e StaticDependenciesID=08f40f2d1dd6654d845fa00cc9ddf99d 
Number of updated asset objects reloaded before import = 0
Number of asset objects unloaded after import = 0
========================================================================
Received Import Request.
  Time of request: 2026-09-22T00:46:10.255887Z
  Time since last request: 0.000654 seconds.
  importAddress: GUID: 2ba506934dc2ce14591a37f3b00dca92 - Path: Packages/com.unity.ugui/Tests/Runtime/UGUI/Canvas/RectMask2DReparentedToDifferentCanvas.cs - Importer: ScriptedImporter/UnityEditor.QuickSearchModule:UnityEditor.Search:ASIAI0B
Importing 'GUID: 2ba506934dc2ce14591a37f3b00dca92 - Path: Packages/com.unity.ugui/Tests/Runtime/UGUI/Canvas/RectMask2DReparentedToDifferentCanvas.cs - Importer: ScriptedImporter/UnityEditor.QuickSearchModule:UnityEditor.Search:ASIAI0B' with importer (ScriptedImporter : UnityEditor.QuickSearchModule:UnityEditor.Search:ASIAI0B)
Imported 'GUID: 2ba506934dc2ce14591a37f3b00dca92' -> (Import Result ID: 'f383f28310687c753cee5d5e27554f8e') in 0.004 seconds [static and dynamic dependencies]. Details - ImportResultOutputID=d1b6333596e09283293d36edb35677e3 DependenciesID=a4c13f547d972d1ebb1b92984cce8300 StaticDependenciesID=0b17426a8080a4e73fff26466c0379ee 
Number of updated asset objects reloaded before import = 0
Number of asset objects unloaded after import = 0
========================================================================
Received Import Request.
  Time of request: 2026-09-22T00:46:10.26033Z
  Time since last request: 0.000546167 seconds.
  importAddress: GUID: cc313cc004395df4a9884390556690a5 - Path: Packages/com.unity.ugui/Tests/Runtime/UGUI/Layout - Importer: ScriptedImporter/UnityEditor.QuickSearchModule:UnityEditor.Search:ASIAI0B
Importing 'GUID: cc313cc004395df4a9884390556690a5 - Path: Packages/com.unity.ugui/Tests/Runtime/UGUI/Layout - Importer: ScriptedImporter/UnityEditor.QuickSearchModule:UnityEditor.Search:ASIAI0B' with importer (ScriptedImporter : UnityEditor.QuickSearchModule:UnityEditor.Search:ASIAI0B)
Imported 'GUID: cc313cc004395df4a9884390556690a5' -> (Import Result ID: '73589c3cffcd9ae469eb8d1d6e853aad') in 0.004 seconds [static and dynamic dependencies]. Details - ImportResultOutputID=fbc0757aa07875728a55a14d790cc5d3 DependenciesID=8747bbfefee76abb08d532a1f042dd7c StaticDependenciesID=a4ff8830cbf60d84b02c31f2bc39ac7a 
Number of updated asset objects reloaded before import = 0
Number of asset objects unloaded after import = 1
========================================================================
Received Import Request.
  Time of request: 2026-09-22T00:46:10.267401Z
  Time since last request: 0.002886958 seconds.
  importAddress: GUID: 6546d7765b4165b40850b3667f981c26 - Path: Packages/com.unity.ugui/Editor/TMP/Unity.TextMeshPro.Editor.asmdef - Importer: ScriptedImporter/UnityEditor.QuickSearchModule:UnityEditor.Search:ASIAI0B
Importing 'GUID: 6546d7765b4165b40850b3667f981c26 - Path: Packages/com.unity.ugui/Editor/TMP/Unity.TextMeshPro.Editor.asmdef - Importer: ScriptedImporter/UnityEditor.QuickSearchModule:UnityEditor.Search:ASIAI0B' with importer (ScriptedImporter : UnityEditor.QuickSearchModule:UnityEditor.Search:ASIAI0B)
Imported 'GUID: 6546d7765b4165b40850b3667f981c26' -> (Import Result ID: '198e91e75d52b73be9d753599add7b09') in 0.004 seconds [static and dynamic dependencies]. Details - ImportResultOutputID=d43397314f92d64fb8f92827c5ee4c98 DependenciesID=e733f40e8b23499ebd3a062d4f937925 StaticDependenciesID=61eba784e96d1024745ecccaf0af286e 
Number of updated asset objects reloaded before import = 0
Number of asset objects unloaded after import = 1
========================================================================
Received Import Request.
  Time of request: 2026-09-22T00:46:10.272236Z
  Time since last request: 0.000733042 seconds.
  importAddress: GUID: 37cff9f5a86ae494c8cb04423580480d - Path: Packages/com.unity.ugui/Editor/TMP/PropertyDrawers/TMP_SpriteCharacterPropertyDrawer.cs - Importer: ScriptedImporter/UnityEditor.QuickSearchModule:UnityEditor.Search:ASIAI0B
Importing 'GUID: 37cff9f5a86ae494c8cb04423580480d - Path: Packages/com.unity.ugui/Editor/TMP/PropertyDrawers/TMP_SpriteCharacterPropertyDrawer.cs - Importer: ScriptedImporter/UnityEditor.QuickSearchModule:UnityEditor.Search:ASIAI0B' with importer (ScriptedImporter : UnityEditor.QuickSearchModule:UnityEditor.Search:ASIAI0B)
Imported 'GUID: 37cff9f5a86ae494c8cb04423580480d' -> (Import Result ID: '0e848acc9a4566accfdffe72192e00e8') in 0.004 seconds [static and dynamic dependencies]. Details - ImportResultOutputID=adf179254b174e4c8105e05259259926 DependenciesID=18988ef9112f4bbc60b2c40caca5172a StaticDependenciesID=4bcf2299f66eb41b802943f52c4f89b1 
Number of updated asset objects reloaded before import = 0
Number of asset objects unloaded after import = 0
========================================================================
Received Import Request.
  Time of request: 2026-09-22T00:46:10.276411Z
  Time since last request: 0.000505042 seconds.
  importAddress: GUID: b180fd8310805e44dbbef545d0231418 - Path: Packages/com.unity.ugui/Runtime/UGUI/EventSystem/EventData/AxisEventData.cs - Importer: ScriptedImporter/UnityEditor.QuickSearchModule:UnityEditor.Search:ASIAI0B
Importing 'GUID: b180fd8310805e44dbbef545d0231418 - Path: Packages/com.unity.ugui/Runtime/UGUI/EventSystem/EventData/AxisEventData.cs - Importer: ScriptedImporter/UnityEditor.QuickSearchModule:UnityEditor.Search:ASIAI0B' with importer (ScriptedImporter : UnityEditor.QuickSearchModule:UnityEditor.Search:ASIAI0B)
Imported 'GUID: b180fd8310805e44dbbef545d0231418' -> (Import Result ID: 'eaa3e4f6c50d2d47ada3a6a52bb3b85b') in 0.002 seconds [static and dynamic dependencies]. Details - ImportResultOutputID=807749dfbe62c5af7c34264cbb25169a DependenciesID=1a9281982e4b9122b612ee48889ddd34 StaticDependenciesID=cd43821e8e20a8cf77e168d3a01ca57c 
Number of updated asset objects reloaded before import = 0
Number of asset objects unloaded after import = 0
========================================================================
Received Import Request.
  Time of request: 2026-09-22T00:46:10.279509Z
  Time since last request: 0.000767041 seconds.
  importAddress: GUID: 30649d3a9faa99c48a7b1166b86bf2a0 - Path: Packages/com.unity.ugui/Runtime/UGUI/UI/Core/Layout/HorizontalLayoutGroup.cs - Importer: ScriptedImporter/UnityEditor.QuickSearchModule:UnityEditor.Search:ASIAI0B
Importing 'GUID: 30649d3a9faa99c48a7b1166b86bf2a0 - Path: Packages/com.unity.ugui/Runtime/UGUI/UI/Core/Layout/HorizontalLayoutGroup.cs - Importer: ScriptedImporter/UnityEditor.QuickSearchModule:UnityEditor.Search:ASIAI0B' with importer (ScriptedImporter : UnityEditor.QuickSearchModule:UnityEditor.Search:ASIAI0B)
Imported 'GUID: 30649d3a9faa99c48a7b1166b86bf2a0' -> (Import Result ID: '7094e96ea71dad4c51f81d4301771a8a') in 0.004 seconds [static and dynamic dependencies]. Details - ImportResultOutputID=fef1c8154cfbe1e800074891dd9a7365 DependenciesID=b07d5ac620ba40c45238ce3b5ff01cdd StaticDependenciesID=977dd959f095d0ab0157c3da6e21fc81 
Number of updated asset objects reloaded before import = 0
Number of asset objects unloaded after import = 0
========================================================================
Received Import Request.
  Time of request: 2026-09-22T00:46:10.285054Z
  Time since last request: 0.001270792 seconds.
  importAddress: GUID: 4f0ca6874aa74540bb3d4fe5a0f86bcc - Path: Packages/com.unity.ugui/Runtime/TMP/TMP_TextUtilities.cs - Importer: ScriptedImporter/UnityEditor.QuickSearchModule:UnityEditor.Search:ASIAI0B
Importing 'GUID: 4f0ca6874aa74540bb3d4fe5a0f86bcc - Path: Packages/com.unity.ugui/Runtime/TMP/TMP_TextUtilities.cs - Importer: ScriptedImporter/UnityEditor.QuickSearchModule:UnityEditor.Search:ASIAI0B' with importer (ScriptedImporter : UnityEditor.QuickSearchModule:UnityEditor.Search:ASIAI0B)
Imported 'GUID: 4f0ca6874aa74540bb3d4fe5a0f86bcc' -> (Import Result ID: '1670699cc210f23b77286bf84805d9ba') in 0.004 seconds [static and dynamic dependencies]. Details - ImportResultOutputID=1515a786367cee0751f17eaa66ba3fce DependenciesID=4484f027c12c50d64efb2e60d12b1325 StaticDependenciesID=5a22d75c002b2b657921499dc9e1e96c 
Number of updated asset objects reloaded before import = 0
Number of asset objects unloaded after import = 0
========================================================================
Received Import Request.
  Time of request: 2026-09-22T00:46:10.289654Z
  Time since last request: 0.000918292 seconds.
  importAddress: GUID: 21d2d5d6901f2ca43a8015c60ada4e2c - Path: Packages/com.unity.ugui/Editor/UGUI/UI/InputFieldEditor.cs - Importer: ScriptedImporter/UnityEditor.QuickSearchModule:UnityEditor.Search:ASIAI0B
Importing 'GUID: 21d2d5d6901f2ca43a8015c60ada4e2c - Path: Packages/com.unity.ugui/Editor/UGUI/UI/InputFieldEditor.cs - Importer: ScriptedImporter/UnityEditor.QuickSearchModule:UnityEditor.Search:ASIAI0B' with importer (ScriptedImporter : UnityEditor.QuickSearchModule:UnityEditor.Search:ASIAI0B)
Imported 'GUID: 21d2d5d6901f2ca43a8015c60ada4e2c' -> (Import Result ID: '95293ecffface1965e7bb132a929cf4e') in 0.003 seconds [static and dynamic dependencies]. Details - ImportResultOutputID=791f153e817548a6a84349f489dd9169 DependenciesID=9aaa5665a7b6c23443261d9d0debc0aa StaticDependenciesID=90f29533efac05fa1bf9d78363d8083e 
Number of updated asset objects reloaded before import = 0
Number of asset objects unloaded after import = 0
========================================================================
Received Import Request.
  Time of request: 2026-09-22T00:46:10.293892Z
  Time since last request: 0.000620042 seconds.
  importAddress: GUID: e9253e696cd45794d9aec6d4de366b6e - Path: Packages/com.unity.ugui/Editor/UGUI/UI/SelectableEditor.cs - Importer: ScriptedImporter/UnityEditor.QuickSearchModule:UnityEditor.Search:ASIAI0B
Importing 'GUID: e9253e696cd45794d9aec6d4de366b6e - Path: Packages/com.unity.ugui/Editor/UGUI/UI/SelectableEditor.cs - Importer: ScriptedImporter/UnityEditor.QuickSearchModule:UnityEditor.Search:ASIAI0B' with importer (ScriptedImporter : UnityEditor.QuickSearchModule:UnityEditor.Search:ASIAI0B)
Imported 'GUID: e9253e696cd45794d9aec6d4de366b6e' -> (Import Result ID: '8c257f0bedad36e08f7c547593804340') in 0.003 seconds [static and dynamic dependencies]. Details - ImportResultOutputID=3d1b637125925ca9364acd68755920e3 DependenciesID=7196d6c88c1a4cccaa17dc606c5ad170 StaticDependenciesID=4ea3cd1decb04de5bd39909a81798254 
Number of updated asset objects reloaded before import = 0
Number of asset objects unloaded after import = 0
========================================================================
Received Import Request.
  Time of request: 2026-09-22T00:46:10.297803Z
  Time since last request: 0.000494375 seconds.
  importAddress: GUID: c52726d811a9f66459355df6b0c3977b - Path: Packages/com.unity.ugui/Editor/Analytics - Importer: ScriptedImporter/UnityEditor.QuickSearchModule:UnityEditor.Search:ASIAI0B
Importing 'GUID: c52726d811a9f66459355df6b0c3977b - Path: Packages/com.unity.ugui/Editor/Analytics - Importer: ScriptedImporter/UnityEditor.QuickSearchModule:UnityEditor.Search:ASIAI0B' with importer (ScriptedImporter : UnityEditor.QuickSearchModule:UnityEditor.Search:ASIAI0B)
Imported 'GUID: c52726d811a9f66459355df6b0c3977b' -> (Import Result ID: 'd4dd66866f89f9932f549b1b493f6ee3') in 0.006 seconds [static and dynamic dependencies]. Details - ImportResultOutputID=fd1a2ec7aaacb221dd5318ffcc45fd62 DependenciesID=599ea4e5cdcc9f017e012d10c60f1865 StaticDependenciesID=1161493948bbcf1945c587db7a8b1b7c 
Number of updated asset objects reloaded before import = 0
Number of asset objects unloaded after import = 1
========================================================================
Received Import Request.
  Time of request: 2026-09-22T00:46:10.304563Z
  Time since last request: 0.000856167 seconds.
  importAddress: GUID: c851bee4305bddf438cc6ffc515991ce - Path: Packages/com.unity.ugui/CHANGELOG.md - Importer: ScriptedImporter/UnityEditor.QuickSearchModule:UnityEditor.Search:ASIAI0B
Importing 'GUID: c851bee4305bddf438cc6ffc515991ce - Path: Packages/com.unity.ugui/CHANGELOG.md - Importer: ScriptedImporter/UnityEditor.QuickSearchModule:UnityEditor.Search:ASIAI0B' with importer (ScriptedImporter : UnityEditor.QuickSearchModule:UnityEditor.Search:ASIAI0B)
Imported 'GUID: c851bee4305bddf438cc6ffc515991ce' -> (Import Result ID: 'e568fa66261f57029de89c6c95b34ba4') in 0.004 seconds [static and dynamic dependencies]. Details - ImportResultOutputID=a6a82e46fead249ca41710d6608b4305 DependenciesID=49795451743c627d701ac1a670ac4eb5 StaticDependenciesID=2c56db5477890bb2df3d4dec75d235bd 
Number of updated asset objects reloaded before import = 0
Number of asset objects unloaded after import = 1
========================================================================
Received Import Request.
  Time of request: 2026-09-22T00:46:10.309513Z
  Time since last request: 0.000495917 seconds.
  importAddress: GUID: 3ee40aa79cd242a5b53b0b0ca4f13f0f - Path: Packages/com.unity.ugui/Editor Resources/Gizmos/TMP - Input Field Icon.psd - Importer: ScriptedImporter/UnityEditor.QuickSearchModule:UnityEditor.Search:ASIAI0B
Importing 'GUID: 3ee40aa79cd242a5b53b0b0ca4f13f0f - Path: Packages/com.unity.ugui/Editor Resources/Gizmos/TMP - Input Field Icon.psd - Importer: ScriptedImporter/UnityEditor.QuickSearchModule:UnityEditor.Search:ASIAI0B' with importer (ScriptedImporter : UnityEditor.QuickSearchModule:UnityEditor.Search:ASIAI0B)
Imported 'GUID: 3ee40aa79cd242a5b53b0b0ca4f13f0f' -> (Import Result ID: 'fa4958f671f154537389f30572902dc0') in 0.009 seconds [static and dynamic dependencies]. Details - ImportResultOutputID=7b7e04de887f0a03c7cb4dda9a2112f1 DependenciesID=c8e99c8f6918cc6b74719be562126f6f StaticDependenciesID=b32de61292567e9d86ffe439e2d6ebb5 
Number of updated asset objects reloaded before import = 0
Number of asset objects unloaded after import = 1
========================================================================
Received Import Request.
  Time of request: 2026-09-22T00:46:10.32122Z
  Time since last request: 0.002070292 seconds.
  importAddress: GUID: 1f71aeacc4a9f1a40b22a1a590331f6b - Path: Packages/com.unity.ugui/Tests/Editor/UGUI/Dropdown - Importer: ScriptedImporter/UnityEditor.QuickSearchModule:UnityEditor.Search:ASIAI0B
Importing 'GUID: 1f71aeacc4a9f1a40b22a1a590331f6b - Path: Packages/com.unity.ugui/Tests/Editor/UGUI/Dropdown - Importer: ScriptedImporter/UnityEditor.QuickSearchModule:UnityEditor.Search:ASIAI0B' with importer (ScriptedImporter : UnityEditor.QuickSearchModule:UnityEditor.Search:ASIAI0B)
Imported 'GUID: 1f71aeacc4a9f1a40b22a1a590331f6b' -> (Import Result ID: 'd2752dcfd368c76df5b7d174c64805ad') in 0.003 seconds [static and dynamic dependencies]. Details - ImportResultOutputID=9abc455910608768c475e73b07cebb1b DependenciesID=56e5e0fd57b6d9efce31dff3abe3fbec StaticDependenciesID=50ffae06be77958eab0787f3b4e64e17 
Number of updated asset objects reloaded before import = 0
Number of asset objects unloaded after import = 1
========================================================================
Received Import Request.
  Time of request: 2026-09-22T00:46:10.325355Z
  Time since last request: 0.0004955 seconds.
  importAddress: GUID: 32e2186f4598cff489784aae586f2215 - Path: Packages/com.unity.ugui/Runtime/UGUI/Properties - Importer: ScriptedImporter/UnityEditor.QuickSearchModule:UnityEditor.Search:ASIAI0B
Importing 'GUID: 32e2186f4598cff489784aae586f2215 - Path: Packages/com.unity.ugui/Runtime/UGUI/Properties - Importer: ScriptedImporter/UnityEditor.QuickSearchModule:UnityEditor.Search:ASIAI0B' with importer (ScriptedImporter : UnityEditor.QuickSearchModule:UnityEditor.Search:ASIAI0B)
Imported 'GUID: 32e2186f4598cff489784aae586f2215' -> (Import Result ID: '2a1058f85f4ff9a2a7d1528d6682575e') in 0.003 seconds [static and dynamic dependencies]. Details - ImportResultOutputID=eb7600c043057ef430130effcf3be38f DependenciesID=694b5e2873f25f26db34685f98428657 StaticDependenciesID=b64e7a98ba6e1f09785c279054d60aff 
Number of updated asset objects reloaded before import = 0
Number of asset objects unloaded after import = 1
========================================================================
Received Import Request.
  Time of request: 2026-09-22T00:46:10.329543Z
  Time since last request: 0.001379833 seconds.
  importAddress: GUID: bf8befe3c500aa84b9ce3860a226cf41 - Path: Packages/com.unity.ugui/Editor/TMP/TMP_PreBuildProcessor.cs - Importer: ScriptedImporter/UnityEditor.QuickSearchModule:UnityEditor.Search:ASIAI0B
Importing 'GUID: bf8befe3c500aa84b9ce3860a226cf41 - Path: Packages/com.unity.ugui/Editor/TMP/TMP_PreBuildProcessor.cs - Importer: ScriptedImporter/UnityEditor.QuickSearchModule:UnityEditor.Search:ASIAI0B' with importer (ScriptedImporter : UnityEditor.QuickSearchModule:UnityEditor.Search:ASIAI0B)
Imported 'GUID: bf8befe3c500aa84b9ce3860a226cf41' -> (Import Result ID: '1e0f9862cccb9de57b9364a1a3a1cbeb') in 0.005 seconds [static and dynamic dependencies]. Details - ImportResultOutputID=cf5d40db060d96c87de4c183d0879d5e DependenciesID=0b12a3ef0e30ff60764c57abfc34c022 StaticDependenciesID=f0c417c5998a4210ed6c1915f6ef753c 
Number of updated asset objects reloaded before import = 0
Number of asset objects unloaded after import = 0
========================================================================
Received Import Request.
  Time of request: 2026-09-22T00:46:10.335978Z
  Time since last request: 0.001470125 seconds.
  importAddress: GUID: 529fde071171dfd4e99d45ca81a3ac7b - Path: Packages/com.unity.ugui/Tests/Runtime/UGUI/MaskClipping/RectMask2DClipping.cs - Importer: ScriptedImporter/UnityEditor.QuickSearchModule:UnityEditor.Search:ASIAI0B
Importing 'GUID: 529fde071171dfd4e99d45ca81a3ac7b - Path: Packages/com.unity.ugui/Tests/Runtime/UGUI/MaskClipping/RectMask2DClipping.cs - Importer: ScriptedImporter/UnityEditor.QuickSearchModule:UnityEditor.Search:ASIAI0B' with importer (ScriptedImporter : UnityEditor.QuickSearchModule:UnityEditor.Search:ASIAI0B)
Imported 'GUID: 529fde071171dfd4e99d45ca81a3ac7b' -> (Import Result ID: '1f209f8b856eea1c85475e3132a16b05') in 0.003 seconds [static and dynamic dependencies]. Details - ImportResultOutputID=9915d5a6f008fa7c566dd2f2d43e01d4 DependenciesID=ef478f30f183649d68e7d78d9a2b9612 StaticDependenciesID=f8cc5ff7afd22cd2c96c6892a81769b4 
Number of updated asset objects reloaded before import = 0
Number of asset objects unloaded after import = 0
========================================================================
Received Import Request.
  Time of request: 2026-09-22T00:46:10.342537Z
  Time since last request: 0.003352708 seconds.
  importAddress: GUID: bee384ad5b4d1a843a018082e7db53cd - Path: Packages/com.unity.ugui/Editor - Importer: ScriptedImporter/UnityEditor.QuickSearchModule:UnityEditor.Search:ASIAI0B
Importing 'GUID: bee384ad5b4d1a843a018082e7db53cd - Path: Packages/com.unity.ugui/Editor - Importer: ScriptedImporter/UnityEditor.QuickSearchModule:UnityEditor.Search:ASIAI0B' with importer (ScriptedImporter : UnityEditor.QuickSearchModule:UnityEditor.Search:ASIAI0B)
Imported 'GUID: bee384ad5b4d1a843a018082e7db53cd' -> (Import Result ID: '74944518b95953efc6433ac77703ed2d') in 0.003 seconds [static and dynamic dependencies]. Details - ImportResultOutputID=2b4c0f4664f13e0a85eac315ceb24b96 DependenciesID=fddae1d573b01d063a511b542ff66999 StaticDependenciesID=29e484d85af5c3abd87624f6755878b7 
Number of updated asset objects reloaded before import = 0
Number of asset objects unloaded after import = 1
========================================================================
Received Import Request.
  Time of request: 2026-09-22T00:46:10.360801Z
  Time since last request: 0.0155615 seconds.
  importAddress: GUID: 8313ea704470a264295ec9e09aec6ebc - Path: Packages/com.unity.ugui/Tests/Runtime/UGUI/Graphic - Importer: ScriptedImporter/UnityEditor.QuickSearchModule:UnityEditor.Search:ASIAI0B
Importing 'GUID: 8313ea704470a264295ec9e09aec6ebc - Path: Packages/com.unity.ugui/Tests/Runtime/UGUI/Graphic - Importer: ScriptedImporter/UnityEditor.QuickSearchModule:UnityEditor.Search:ASIAI0B' with importer (ScriptedImporter : UnityEditor.QuickSearchModule:UnityEditor.Search:ASIAI0B)
Imported 'GUID: 8313ea704470a264295ec9e09aec6ebc' -> (Import Result ID: '594269da675bde48ff8cbc66782ff6bf') in 0.004 seconds [static and dynamic dependencies]. Details - ImportResultOutputID=03dbf39783d31ae8ed3c57e58fb6cd1f DependenciesID=36d99a4a1a336c270f6b76682d6176e1 StaticDependenciesID=5484b797b0f5d85691aa9969d204d26e 
Number of updated asset objects reloaded before import = 0
Number of asset objects unloaded after import = 1
========================================================================
Received Import Request.
  Time of request: 2026-09-22T00:46:10.366321Z
  Time since last request: 0.000797375 seconds.
  importAddress: GUID: 7c04f0dfa9243c04681a55d90d3ff3fc - Path: Packages/com.unity.ugui/Tests/Editor/UGUI/UnityEditor.UI.EditorTests.asmdef - Importer: ScriptedImporter/UnityEditor.QuickSearchModule:UnityEditor.Search:ASIAI0B
Importing 'GUID: 7c04f0dfa9243c04681a55d90d3ff3fc - Path: Packages/com.unity.ugui/Tests/Editor/UGUI/UnityEditor.UI.EditorTests.asmdef - Importer: ScriptedImporter/UnityEditor.QuickSearchModule:UnityEditor.Search:ASIAI0B' with importer (ScriptedImporter : UnityEditor.QuickSearchModule:UnityEditor.Search:ASIAI0B)
Imported 'GUID: 7c04f0dfa9243c04681a55d90d3ff3fc' -> (Import Result ID: '55a6bb05bb223354f16536c10b8a5f5b') in 0.004 seconds [static and dynamic dependencies]. Details - ImportResultOutputID=3ae684cd23eb7a9b348006a69c8e7ed8 DependenciesID=ecf1ad307ccd3509d96e51b1a430a1e9 StaticDependenciesID=d9482154ff24d1693b65adf23ad2b129 
Number of updated asset objects reloaded before import = 0
Number of asset objects unloaded after import = 1
========================================================================
Received Import Request.
  Time of request: 2026-09-22T00:46:10.37049Z
  Time since last request: 0.000424708 seconds.
  importAddress: GUID: 30a939dce2fd4073955f2f20e659d506 - Path: Packages/com.unity.ugui/Editor/TMP/TMP_UIStyleManager.cs - Importer: ScriptedImporter/UnityEditor.QuickSearchModule:UnityEditor.Search:ASIAI0B
Importing 'GUID: 30a939dce2fd4073955f2f20e659d506 - Path: Packages/com.unity.ugui/Editor/TMP/TMP_UIStyleManager.cs - Importer: ScriptedImporter/UnityEditor.QuickSearchModule:UnityEditor.Search:ASIAI0B' with importer (ScriptedImporter : UnityEditor.QuickSearchModule:UnityEditor.Search:ASIAI0B)
Imported 'GUID: 30a939dce2fd4073955f2f20e659d506' -> (Import Result ID: 'e257f1ad3caadac3fb0c2b65c3e12344') in 0.005 seconds [static and dynamic dependencies]. Details - ImportResultOutputID=7eb2c096a3338c9e3c91d16455f90da6 DependenciesID=b450c0a1cf9d741cbef144edf901cf40 StaticDependenciesID=01fd47d1898cdc85cc8d03e9f921f7e2 
Number of updated asset objects reloaded before import = 0
Number of asset objects unloaded after import = 0
========================================================================
Received Import Request.
  Time of request: 2026-09-22T00:46:10.376968Z
  Time since last request: 0.001005083 seconds.
  importAddress: GUID: f4688fdb7df04437aeb418b961361dc5 - Path: Packages/com.unity.ugui/Runtime/TMP/TextMeshProUGUI.cs - Importer: ScriptedImporter/UnityEditor.QuickSearchModule:UnityEditor.Search:ASIAI0B
Importing 'GUID: f4688fdb7df04437aeb418b961361dc5 - Path: Packages/com.unity.ugui/Runtime/TMP/TextMeshProUGUI.cs - Importer: ScriptedImporter/UnityEditor.QuickSearchModule:UnityEditor.Search:ASIAI0B' with importer (ScriptedImporter : UnityEditor.QuickSearchModule:UnityEditor.Search:ASIAI0B)
Imported 'GUID: f4688fdb7df04437aeb418b961361dc5' -> (Import Result ID: '92938dc9c9fa6bf8332917f531c3823b') in 0.007 seconds [static and dynamic dependencies]. Details - ImportResultOutputID=c5203277fb270af390c4c1670c8da55b DependenciesID=23e84d2f4eb79d5845671941fcefa2f9 StaticDependenciesID=65e503fdabf5f601d24527634719da89 
Number of updated asset objects reloaded before import = 0
Number of asset objects unloaded after import = 1
========================================================================
Received Import Request.
  Time of request: 2026-09-22T00:46:10.386272Z
  Time since last request: 0.001262625 seconds.
  importAddress: GUID: e3882522a08b6f5459b4dea6f8791278 - Path: Packages/com.unity.ugui/Editor/TMP/PropertyDrawers/GlyphMetricsPropertyDrawer.cs - Importer: ScriptedImporter/UnityEditor.QuickSearchModule:UnityEditor.Search:ASIAI0B
Importing 'GUID: e3882522a08b6f5459b4dea6f8791278 - Path: Packages/com.unity.ugui/Editor/TMP/PropertyDrawers/GlyphMetricsPropertyDrawer.cs - Importer: ScriptedImporter/UnityEditor.QuickSearchModule:UnityEditor.Search:ASIAI0B' with importer (ScriptedImporter : UnityEditor.QuickSearchModule:UnityEditor.Search:ASIAI0B)
Imported 'GUID: e3882522a08b6f5459b4dea6f8791278' -> (Import Result ID: '698a391be3e5a83b1a242481fc191e08') in 0.005 seconds [static and dynamic dependencies]. Details - ImportResultOutputID=eb3e5315f4f56b1d5ad177d50f1665ed DependenciesID=31ab910c12e2b2731d48f5fbf69963cf StaticDependenciesID=632ec100d14fb36ef42295aa38ef5b50 
Number of updated asset objects reloaded before import = 0
Number of asset objects unloaded after import = 0
========================================================================
Received Import Request.
  Time of request: 2026-09-22T00:46:10.392811Z
  Time since last request: 0.001535666 seconds.
  importAddress: GUID: cfabb0440166ab443bba8876756fdfa9 - Path: Packages/com.unity.ugui/Runtime/UGUI/UI/Core/VertexModifiers/Shadow.cs - Importer: ScriptedImporter/UnityEditor.QuickSearchModule:UnityEditor.Search:ASIAI0B
Importing 'GUID: cfabb0440166ab443bba8876756fdfa9 - Path: Packages/com.unity.ugui/Runtime/UGUI/UI/Core/VertexModifiers/Shadow.cs - Importer: ScriptedImporter/UnityEditor.QuickSearchModule:UnityEditor.Search:ASIAI0B' with importer (ScriptedImporter : UnityEditor.QuickSearchModule:UnityEditor.Search:ASIAI0B)
Imported 'GUID: cfabb0440166ab443bba8876756fdfa9' -> (Import Result ID: 'ef36d574e30e8d279d00070d4db4316b') in 0.004 seconds [static and dynamic dependencies]. Details - ImportResultOutputID=3cb696dcbe965b35071b9d443fdd27f6 DependenciesID=78024fb00fd1a6f00293d9e4b39fde72 StaticDependenciesID=1bc9c96ad49a5da353b8266732562996 
Number of updated asset objects reloaded before import = 0
Number of asset objects unloaded after import = 0
========================================================================
Received Import Request.
  Time of request: 2026-09-22T00:46:10.404309Z
  Time since last request: 0.007375459 seconds.
  importAddress: GUID: d925cabd9ecd5074aadab0726b96c38f - Path: Packages/com.unity.ugui/Tests/Runtime/UGUI/ScrollRect/ScrollRectTests.cs - Importer: ScriptedImporter/UnityEditor.QuickSearchModule:UnityEditor.Search:ASIAI0B
Importing 'GUID: d925cabd9ecd5074aadab0726b96c38f - Path: Packages/com.unity.ugui/Tests/Runtime/UGUI/ScrollRect/ScrollRectTests.cs - Importer: ScriptedImporter/UnityEditor.QuickSearchModule:UnityEditor.Search:ASIAI0B' with importer (ScriptedImporter : UnityEditor.QuickSearchModule:UnityEditor.Search:ASIAI0B)
Imported 'GUID: d925cabd9ecd5074aadab0726b96c38f' -> (Import Result ID: '8496522f83726ad8371391fece515253') in 0.004 seconds [static and dynamic dependencies]. Details - ImportResultOutputID=2963a89b8aa21724062bec5221922c18 DependenciesID=40d7506dfc16d8af1d559d94c104852b StaticDependenciesID=dac0164396116e1497d9edc1b76963e7 
Number of updated asset objects reloaded before import = 0
Number of asset objects unloaded after import = 0
========================================================================
Received Import Request.
  Time of request: 2026-09-22T00:46:10.408942Z
  Time since last request: 0.000973542 seconds.
  importAddress: GUID: 343deaaf83e0cee4ca978e7df0b80d21 - Path: Packages/com.unity.ugui/Editor/UGUI/UnityEditor.UI.asmdef - Importer: ScriptedImporter/UnityEditor.QuickSearchModule:UnityEditor.Search:ASIAI0B
Importing 'GUID: 343deaaf83e0cee4ca978e7df0b80d21 - Path: Packages/com.unity.ugui/Editor/UGUI/UnityEditor.UI.asmdef - Importer: ScriptedImporter/UnityEditor.QuickSearchModule:UnityEditor.Search:ASIAI0B' with importer (ScriptedImporter : UnityEditor.QuickSearchModule:UnityEditor.Search:ASIAI0B)
Imported 'GUID: 343deaaf83e0cee4ca978e7df0b80d21' -> (Import Result ID: '90df1314ecfd5aed7d730e17fcd41862') in 0.003 seconds [static and dynamic dependencies]. Details - ImportResultOutputID=aa4ad506580cc06d1cdfb6a70dc0e494 DependenciesID=1a164cb01a93591c50319b688995fecb StaticDependenciesID=1fb5748f1b07d9e602bcbf71977ffca8 
Number of updated asset objects reloaded before import = 0
Number of asset objects unloaded after import = 1
========================================================================
Received Import Request.
  Time of request: 2026-09-22T00:46:10.420741Z
  Time since last request: 0.008661042 seconds.
  importAddress: GUID: 05242c3d99f24a74f99cc20369fcb344 - Path: Packages/com.unity.ugui/Tests/Editor/Common/UnityEditor.UI.Common.Tests.asmdef - Importer: ScriptedImporter/UnityEditor.QuickSearchModule:UnityEditor.Search:ASIAI0B
Importing 'GUID: 05242c3d99f24a74f99cc20369fcb344 - Path: Packages/com.unity.ugui/Tests/Editor/Common/UnityEditor.UI.Common.Tests.asmdef - Importer: ScriptedImporter/UnityEditor.QuickSearchModule:UnityEditor.Search:ASIAI0B' with importer (ScriptedImporter : UnityEditor.QuickSearchModule:UnityEditor.Search:ASIAI0B)
Imported 'GUID: 05242c3d99f24a74f99cc20369fcb344' -> (Import Result ID: 'b2c75845bcaa8b12de2a49a82617c09e') in 0.004 seconds [static and dynamic dependencies]. Details - ImportResultOutputID=37cfbff2e545ddea0eabb3fbf914a36e DependenciesID=dd1668ef2accf8ac3ebabdac5022f53d StaticDependenciesID=f4e5c14d89f6bac1c5a2717dde5309ab 
Number of updated asset objects reloaded before import = 0
Number of asset objects unloaded after import = 1
========================================================================
Received Import Request.
  Time of request: 2026-09-22T00:46:10.426459Z
  Time since last request: 0.001552542 seconds.
  importAddress: GUID: 368d3a0498e78014da578aa5f45e2797 - Path: Packages/com.unity.ugui/Runtime/UGUI/UI/Core/Layout/ILayoutElement.cs - Importer: ScriptedImporter/UnityEditor.QuickSearchModule:UnityEditor.Search:ASIAI0B
Importing 'GUID: 368d3a0498e78014da578aa5f45e2797 - Path: Packages/com.unity.ugui/Runtime/UGUI/UI/Core/Layout/ILayoutElement.cs - Importer: ScriptedImporter/UnityEditor.QuickSearchModule:UnityEditor.Search:ASIAI0B' with importer (ScriptedImporter : UnityEditor.QuickSearchModule:UnityEditor.Search:ASIAI0B)
Imported 'GUID: 368d3a0498e78014da578aa5f45e2797' -> (Import Result ID: '8c6c135520912a586928bd50d2e1bebe') in 0.003 seconds [static and dynamic dependencies]. Details - ImportResultOutputID=c02d4b50bb33bfd0b7569d087c7418cf DependenciesID=d18d01d45b60ad5924e909f522d16f4e StaticDependenciesID=5f8579c5f7424ee8f0eb8a64129e987f 
Number of updated asset objects reloaded before import = 0
Number of asset objects unloaded after import = 0
========================================================================
Received Import Request.
  Time of request: 2026-09-22T00:46:10.430351Z
  Time since last request: 0.000823583 seconds.
  importAddress: GUID: 020ee4c1798a3d243a4b8cbfee6cac2d - Path: Packages/com.unity.ugui/Runtime/UGUI/UI/Core/VertexModifiers/PositionAsUV1.cs - Importer: ScriptedImporter/UnityEditor.QuickSearchModule:UnityEditor.Search:ASIAI0B
Importing 'GUID: 020ee4c1798a3d243a4b8cbfee6cac2d - Path: Packages/com.unity.ugui/Runtime/UGUI/UI/Core/VertexModifiers/PositionAsUV1.cs - Importer: ScriptedImporter/UnityEditor.QuickSearchModule:UnityEditor.Search:ASIAI0B' with importer (ScriptedImporter : UnityEditor.QuickSearchModule:UnityEditor.Search:ASIAI0B)
Imported 'GUID: 020ee4c1798a3d243a4b8cbfee6cac2d' -> (Import Result ID: '366908f23860d2d099f6d690c5dfc17b') in 0.004 seconds [static and dynamic dependencies]. Details - ImportResultOutputID=431eba0990c3523f7e1635eeec824946 DependenciesID=a9dbf77d9e9476df0770b1b7d2e84dc9 StaticDependenciesID=003763f46394dbb50e46add27caf80cf 
Number of updated asset objects reloaded before import = 0
Number of asset objects unloaded after import = 0
========================================================================
Received Import Request.
  Time of request: 2026-09-22T00:46:10.434855Z
  Time since last request: 0.000404042 seconds.
  importAddress: GUID: 56ba6cb160ebfc042b48224bd1a35614 - Path: Packages/com.unity.ugui/Editor/UGUI/UI/ScrollRectEditor.cs - Importer: ScriptedImporter/UnityEditor.QuickSearchModule:UnityEditor.Search:ASIAI0B
Importing 'GUID: 56ba6cb160ebfc042b48224bd1a35614 - Path: Packages/com.unity.ugui/Editor/UGUI/UI/ScrollRectEditor.cs - Importer: ScriptedImporter/UnityEditor.QuickSearchModule:UnityEditor.Search:ASIAI0B' with importer (ScriptedImporter : UnityEditor.QuickSearchModule:UnityEditor.Search:ASIAI0B)
Imported 'GUID: 56ba6cb160ebfc042b48224bd1a35614' -> (Import Result ID: '2b1854b36207ac6a20d14b6497fb25d2') in 0.003 seconds [static and dynamic dependencies]. Details - ImportResultOutputID=8dc52d18307a57f84554df4c589e1c9c DependenciesID=1bd9f02dfcb74c1342de079fa99e2f4b StaticDependenciesID=593e68b134853abd560290cc8fef81a1 
Number of updated asset objects reloaded before import = 0
Number of asset objects unloaded after import = 0
========================================================================
Received Import Request.
  Time of request: 2026-09-22T00:46:10.438602Z
  Time since last request: 0.000584666 seconds.
  importAddress: GUID: 3fa274f26b1574c40b949e114327022e - Path: Packages/com.unity.ugui/Runtime/UGUI/EventSystem/EventTriggerType.cs - Importer: ScriptedImporter/UnityEditor.QuickSearchModule:UnityEditor.Search:ASIAI0B
Importing 'GUID: 3fa274f26b1574c40b949e114327022e - Path: Packages/com.unity.ugui/Runtime/UGUI/EventSystem/EventTriggerType.cs - Importer: ScriptedImporter/UnityEditor.QuickSearchModule:UnityEditor.Search:ASIAI0B' with importer (ScriptedImporter : UnityEditor.QuickSearchModule:UnityEditor.Search:ASIAI0B)
Imported 'GUID: 3fa274f26b1574c40b949e114327022e' -> (Import Result ID: '7abd927e84a380bea65d65ef8da199b0') in 0.003 seconds [static and dynamic dependencies]. Details - ImportResultOutputID=6ab0c9ff2685422a160583a6ac81b9ac DependenciesID=30af76bf9a0ed3833f9e855e0cef735e StaticDependenciesID=f166682d3c6800bd465c418b6f4961e5 
Number of updated asset objects reloaded before import = 0
Number of asset objects unloaded after import = 0
========================================================================
Received Import Request.
  Time of request: 2026-09-22T00:46:10.442692Z
  Time since last request: 0.000760458 seconds.
  importAddress: GUID: 2aff4fada0516c64a8537a20bfe1b699 - Path: Packages/com.unity.ugui/Tests/Editor/UGUI/EventSystem/InterceptedEventsPreviewTests.cs - Importer: ScriptedImporter/UnityEditor.QuickSearchModule:UnityEditor.Search:ASIAI0B
Importing 'GUID: 2aff4fada0516c64a8537a20bfe1b699 - Path: Packages/com.unity.ugui/Tests/Editor/UGUI/EventSystem/InterceptedEventsPreviewTests.cs - Importer: ScriptedImporter/UnityEditor.QuickSearchModule:UnityEditor.Search:ASIAI0B' with importer (ScriptedImporter : UnityEditor.QuickSearchModule:UnityEditor.Search:ASIAI0B)
Imported 'GUID: 2aff4fada0516c64a8537a20bfe1b699' -> (Import Result ID: 'eb6d8dc1c1f5483839b033fe2dbf9fe7') in 0.003 seconds [static and dynamic dependencies]. Details - ImportResultOutputID=9081eb653e60e4c9c1fd33a854fec222 DependenciesID=52ed44d0c9904b012a10660b87c4f73c StaticDependenciesID=8d9a7ad882f95fb0731b5b44c3be9e5a 
Number of updated asset objects reloaded before import = 0
Number of asset objects unloaded after import = 0
========================================================================
Received Import Request.
  Time of request: 2026-09-22T00:46:10.446992Z
  Time since last request: 0.000685125 seconds.
  importAddress: GUID: e9745f6a32442194c8dc5a43e9ab86f9 - Path: Packages/com.unity.ugui/Tests/Runtime/UGUI/UnityEngine.UI.Tests.asmdef - Importer: ScriptedImporter/UnityEditor.QuickSearchModule:UnityEditor.Search:ASIAI0B
Importing 'GUID: e9745f6a32442194c8dc5a43e9ab86f9 - Path: Packages/com.unity.ugui/Tests/Runtime/UGUI/UnityEngine.UI.Tests.asmdef - Importer: ScriptedImporter/UnityEditor.QuickSearchModule:UnityEditor.Search:ASIAI0B' with importer (ScriptedImporter : UnityEditor.QuickSearchModule:UnityEditor.Search:ASIAI0B)
Imported 'GUID: e9745f6a32442194c8dc5a43e9ab86f9' -> (Import Result ID: 'dca8519f98995297d24153047320742b') in 0.007 seconds [static and dynamic dependencies]. Details - ImportResultOutputID=e2f683e2e63678e9c795dbfd22528b43 DependenciesID=cd5f206369f723257f6933fc63756203 StaticDependenciesID=3cdeda399852b99d221e9b37b2105089 
Number of updated asset objects reloaded before import = 0
Number of asset objects unloaded after import = 1
========================================================================
Received Import Request.
  Time of request: 2026-09-22T00:46:10.454797Z
  Time since last request: 0.000564167 seconds.
  importAddress: GUID: 84a92b25f83d49b9bc132d206b370281 - Path: Packages/com.unity.ugui/Runtime/TMP/TMP_SpriteAsset.cs - Importer: ScriptedImporter/UnityEditor.QuickSearchModule:UnityEditor.Search:ASIAI0B
Importing 'GUID: 84a92b25f83d49b9bc132d206b370281 - Path: Packages/com.unity.ugui/Runtime/TMP/TMP_SpriteAsset.cs - Importer: ScriptedImporter/UnityEditor.QuickSearchModule:UnityEditor.Search:ASIAI0B' with importer (ScriptedImporter : UnityEditor.QuickSearchModule:UnityEditor.Search:ASIAI0B)
Imported 'GUID: 84a92b25f83d49b9bc132d206b370281' -> (Import Result ID: 'f4a5f25392807e847cf866d64e036ead') in 0.006 seconds [static and dynamic dependencies]. Details - ImportResultOutputID=d0aab42bc9f180e13484bff8dea40731 DependenciesID=702cc1a5d111275b1ccef3377ea7b21f StaticDependenciesID=756d07c73843af6fe7a1bf660e4ab8dd 
Number of updated asset objects reloaded before import = 0
Number of asset objects unloaded after import = 1
========================================================================
Received Import Request.
  Time of request: 2026-09-22T00:46:10.462747Z
  Time since last request: 0.001585167 seconds.
  importAddress: GUID: 4f5ed95515938d14189b094f8654d0bd - Path: Packages/com.unity.ugui/Tests/Runtime/UGUI/Button/TestButton.cs - Importer: ScriptedImporter/UnityEditor.QuickSearchModule:UnityEditor.Search:ASIAI0B
Importing 'GUID: 4f5ed95515938d14189b094f8654d0bd - Path: Packages/com.unity.ugui/Tests/Runtime/UGUI/Button/TestButton.cs - Importer: ScriptedImporter/UnityEditor.QuickSearchModule:UnityEditor.Search:ASIAI0B' with importer (ScriptedImporter : UnityEditor.QuickSearchModule:UnityEditor.Search:ASIAI0B)
Imported 'GUID: 4f5ed95515938d14189b094f8654d0bd' -> (Import Result ID: '7d92b4922a83cfd1f697f195de660781') in 0.003 seconds [static and dynamic dependencies]. Details - ImportResultOutputID=0b7ea1fd3c439ab8148d3a8d4fc69b05 DependenciesID=03381c9fb696eac1435e1ea164a0cd19 StaticDependenciesID=d18e63c06ff6fd1fe465feb385d4e492 
Number of updated asset objects reloaded before import = 0
Number of asset objects unloaded after import = 0
========================================================================
Received Import Request.
  Time of request: 2026-09-22T00:46:10.468968Z
  Time since last request: 0.002588333 seconds.
  importAddress: GUID: afc31ad767318c9488de260c166cd21d - Path: Packages/com.unity.ugui/Runtime/TMP/ITextPreProcessor.cs - Importer: ScriptedImporter/UnityEditor.QuickSearchModule:UnityEditor.Search:ASIAI0B
Importing 'GUID: afc31ad767318c9488de260c166cd21d - Path: Packages/com.unity.ugui/Runtime/TMP/ITextPreProcessor.cs - Importer: ScriptedImporter/UnityEditor.QuickSearchModule:UnityEditor.Search:ASIAI0B' with importer (ScriptedImporter : UnityEditor.QuickSearchModule:UnityEditor.Search:ASIAI0B)
Imported 'GUID: afc31ad767318c9488de260c166cd21d' -> (Import Result ID: 'b677e092d32fb4f9c44a29615d97136e') in 0.004 seconds [static and dynamic dependencies]. Details - ImportResultOutputID=3c6e27faba735e292a58ad0f1961884a DependenciesID=b7c9ef933afc34de9651146e7e73f47e StaticDependenciesID=ecd2b1d4aeca51cb19a3cdab7ba48b00 
Number of updated asset objects reloaded before import = 0
Number of asset objects unloaded after import = 0
========================================================================
Received Import Request.
  Time of request: 2026-09-22T00:46:10.4779Z
  Time since last request: 0.004402583 seconds.
  importAddress: GUID: 936bea4b2545c4a4fad2e623b0f6371f - Path: Packages/com.unity.ugui/Tests/Editor - Importer: ScriptedImporter/UnityEditor.QuickSearchModule:UnityEditor.Search:ASIAI0B
Importing 'GUID: 936bea4b2545c4a4fad2e623b0f6371f - Path: Packages/com.unity.ugui/Tests/Editor - Importer: ScriptedImporter/UnityEditor.QuickSearchModule:UnityEditor.Search:ASIAI0B' with importer (ScriptedImporter : UnityEditor.QuickSearchModule:UnityEditor.Search:ASIAI0B)
Imported 'GUID: 936bea4b2545c4a4fad2e623b0f6371f' -> (Import Result ID: '3939d65c01391f4e2b88370d6ba509c9') in 0.003 seconds [static and dynamic dependencies]. Details - ImportResultOutputID=9c340c726c5d2cdd378580ed58ed8111 DependenciesID=8576f18bf4fd6407042e63e199384c7f StaticDependenciesID=643fbce43611f9714070355585e8024b 
Number of updated asset objects reloaded before import = 0
Number of asset objects unloaded after import = 1
========================================================================
Received Import Request.
  Time of request: 2026-09-22T00:46:10.484408Z
  Time since last request: 0.003622125 seconds.
  importAddress: GUID: 9a3557da07c729b4eb774b8e30e157a4 - Path: Packages/com.unity.ugui/Tests/Runtime/UGUI/Canvas - Importer: ScriptedImporter/UnityEditor.QuickSearchModule:UnityEditor.Search:ASIAI0B
Importing 'GUID: 9a3557da07c729b4eb774b8e30e157a4 - Path: Packages/com.unity.ugui/Tests/Runtime/UGUI/Canvas - Importer: ScriptedImporter/UnityEditor.QuickSearchModule:UnityEditor.Search:ASIAI0B' with importer (ScriptedImporter : UnityEditor.QuickSearchModule:UnityEditor.Search:ASIAI0B)
Imported 'GUID: 9a3557da07c729b4eb774b8e30e157a4' -> (Import Result ID: '7d9b56459c2501611d0d8e09d9f99413') in 0.013 seconds [static and dynamic dependencies]. Details - ImportResultOutputID=89a55d651265b96696157dab66c364ef DependenciesID=d5ff09884c50a21c6470c20d07fbeada StaticDependenciesID=05eb74fc1f7ddc61ff9c21da39594c6e 
Number of updated asset objects reloaded before import = 0
Number of asset objects unloaded after import = 1
========================================================================
Received Import Request.
  Time of request: 2026-09-22T00:46:10.546398Z
  Time since last request: 0.048229667 seconds.
  importAddress: GUID: 5c004b1354944164fb076276c289afc1 - Path: Packages/com.unity.ugui/Tests/Runtime/UGUI/Graphic/ToggleTestImageHook.cs - Importer: ScriptedImporter/UnityEditor.QuickSearchModule:UnityEditor.Search:ASIAI0B
Importing 'GUID: 5c004b1354944164fb076276c289afc1 - Path: Packages/com.unity.ugui/Tests/Runtime/UGUI/Graphic/ToggleTestImageHook.cs - Importer: ScriptedImporter/UnityEditor.QuickSearchModule:UnityEditor.Search:ASIAI0B' with importer (ScriptedImporter : UnityEditor.QuickSearchModule:UnityEditor.Search:ASIAI0B)
Imported 'GUID: 5c004b1354944164fb076276c289afc1' -> (Import Result ID: '9c43fe6ac69461c8613b20f95dcf328e') in 0.004 seconds [static and dynamic dependencies]. Details - ImportResultOutputID=6156ed60bc3ea7f7d3a6e734232e3060 DependenciesID=9fd1a1ce1e43b02ea2645a07d4702f56 StaticDependenciesID=b29a7797122e9b83290b730c3ed988da 
Number of updated asset objects reloaded before import = 0
Number of asset objects unloaded after import = 0
========================================================================
Received Import Request.
  Time of request: 2026-09-22T00:46:10.552004Z
  Time since last request: 0.001269959 seconds.
  importAddress: GUID: 6b259c4003a802847b9ada90744e34c5 - Path: Packages/com.unity.ugui/Editor/TMP/TMP_EditorResourceManager.cs - Importer: ScriptedImporter/UnityEditor.QuickSearchModule:UnityEditor.Search:ASIAI0B
Importing 'GUID: 6b259c4003a802847b9ada90744e34c5 - Path: Packages/com.unity.ugui/Editor/TMP/TMP_EditorResourceManager.cs - Importer: ScriptedImporter/UnityEditor.QuickSearchModule:UnityEditor.Search:ASIAI0B' with importer (ScriptedImporter : UnityEditor.QuickSearchModule:UnityEditor.Search:ASIAI0B)
Imported 'GUID: 6b259c4003a802847b9ada90744e34c5' -> (Import Result ID: '699f67d08961a9c2731bfd66ff55315b') in 0.003 seconds [static and dynamic dependencies]. Details - ImportResultOutputID=9c60d4627fbe1937ba8c05f1ca1f3610 DependenciesID=d5bdc2d544778cf412c164133222bc5b StaticDependenciesID=4e0a2126a26e91af2eb6725df6fb9664 
Number of updated asset objects reloaded before import = 0
Number of asset objects unloaded after import = 0
========================================================================
Received Import Request.
  Time of request: 2026-09-22T00:46:10.556425Z
  Time since last request: 0.001286541 seconds.
  importAddress: GUID: 48d034c499ee4697af9dd6e327110249 - Path: Packages/com.unity.ugui/Editor Resources/Textures/btn_AlignTop.psd - Importer: ScriptedImporter/UnityEditor.QuickSearchModule:UnityEditor.Search:ASIAI0B
Importing 'GUID: 48d034c499ee4697af9dd6e327110249 - Path: Packages/com.unity.ugui/Editor Resources/Textures/btn_AlignTop.psd - Importer: ScriptedImporter/UnityEditor.QuickSearchModule:UnityEditor.Search:ASIAI0B' with importer (ScriptedImporter : UnityEditor.QuickSearchModule:UnityEditor.Search:ASIAI0B)
Imported 'GUID: 48d034c499ee4697af9dd6e327110249' -> (Import Result ID: '095e793951b20c4af8adff590de4d8df') in 0.012 seconds [static and dynamic dependencies]. Details - ImportResultOutputID=1b9613c7a9471ad0c248eaf82cb013b0 DependenciesID=9699cdff7cba0da1a1f2e384099a8157 StaticDependenciesID=2dfa10322fb4d7dc9ccdcf1107291cfc 
Number of updated asset objects reloaded before import = 0
Number of asset objects unloaded after import = 1
========================================================================
Received Import Request.
  Time of request: 2026-09-22T00:46:10.571491Z
  Time since last request: 0.002666041 seconds.
  importAddress: GUID: 98d14ab1acf42df4f88a0561822ac807 - Path: Packages/com.unity.ugui/Tests/Editor/UGUI/EventSystem - Importer: ScriptedImporter/UnityEditor.QuickSearchModule:UnityEditor.Search:ASIAI0B
Importing 'GUID: 98d14ab1acf42df4f88a0561822ac807 - Path: Packages/com.unity.ugui/Tests/Editor/UGUI/EventSystem - Importer: ScriptedImporter/UnityEditor.QuickSearchModule:UnityEditor.Search:ASIAI0B' with importer (ScriptedImporter : UnityEditor.QuickSearchModule:UnityEditor.Search:ASIAI0B)
Imported 'GUID: 98d14ab1acf42df4f88a0561822ac807' -> (Import Result ID: '28ffe6c08759c3d2dd67bb0cce644bdd') in 0.005 seconds [static and dynamic dependencies]. Details - ImportResultOutputID=7a906e7c0352199e20f640949a936dd5 DependenciesID=c06f2ee9cf5163131a6e2301ec4d5661 StaticDependenciesID=dcc12bbb79819963ff8af5a9437229fd 
Number of updated asset objects reloaded before import = 0
Number of asset objects unloaded after import = 1
========================================================================
Received Import Request.
  Time of request: 2026-09-22T00:46:10.57803Z
  Time since last request: 0.001817209 seconds.
  importAddress: GUID: 4ac5b6a65aaeb59478e3b78660e9f134 - Path: Packages/com.unity.ugui/Runtime/TMP/TMP_Character.cs - Importer: ScriptedImporter/UnityEditor.QuickSearchModule:UnityEditor.Search:ASIAI0B
Importing 'GUID: 4ac5b6a65aaeb59478e3b78660e9f134 - Path: Packages/com.unity.ugui/Runtime/TMP/TMP_Character.cs - Importer: ScriptedImporter/UnityEditor.QuickSearchModule:UnityEditor.Search:ASIAI0B' with importer (ScriptedImporter : UnityEditor.QuickSearchModule:UnityEditor.Search:ASIAI0B)
Imported 'GUID: 4ac5b6a65aaeb59478e3b78660e9f134' -> (Import Result ID: 'a14ecb62b8f5c3543c85515c214c9b82') in 0.002 seconds [static and dynamic dependencies]. Details - ImportResultOutputID=7861fe19ed003f527ff8acba83ee7f41 DependenciesID=3b60f352b35e00762f5b88d3404da907 StaticDependenciesID=68920922e15b5306641b56559841a58f 
Number of updated asset objects reloaded before import = 0
Number of asset objects unloaded after import = 0
========================================================================
Received Import Request.
  Time of request: 2026-09-22T00:46:10.582912Z
  Time since last request: 0.002270125 seconds.
  importAddress: GUID: 91950f78729ab144aa36e94690b28fad - Path: Packages/com.unity.ugui/Editor/TMP/TMP_BaseEditorPanel.cs - Importer: ScriptedImporter/UnityEditor.QuickSearchModule:UnityEditor.Search:ASIAI0B
Importing 'GUID: 91950f78729ab144aa36e94690b28fad - Path: Packages/com.unity.ugui/Editor/TMP/TMP_BaseEditorPanel.cs - Importer: ScriptedImporter/UnityEditor.QuickSearchModule:UnityEditor.Search:ASIAI0B' with importer (ScriptedImporter : UnityEditor.QuickSearchModule:UnityEditor.Search:ASIAI0B)
Imported 'GUID: 91950f78729ab144aa36e94690b28fad' -> (Import Result ID: '29b02677329bb5554d620c54f7581052') in 0.004 seconds [static and dynamic dependencies]. Details - ImportResultOutputID=a6d0b824ab734fa03c154eb05a6fd392 DependenciesID=09f204adf32da50ef31e9f76e41f3bc1 StaticDependenciesID=504daed9da34a82cced75d70cd5924a5 
Number of updated asset objects reloaded before import = 0
Number of asset objects unloaded after import = 0
========================================================================
Received Import Request.
  Time of request: 2026-09-22T00:46:10.588863Z
  Time since last request: 0.00169175 seconds.
  importAddress: GUID: c825bad77a42dd341a8f0a5ef9cd5f4c - Path: Packages/com.unity.ugui/Tests/Editor/UGUI/CanvasRenderer/ChangingHierarchyOfCanvasRenderer.cs - Importer: ScriptedImporter/UnityEditor.QuickSearchModule:UnityEditor.Search:ASIAI0B
Importing 'GUID: c825bad77a42dd341a8f0a5ef9cd5f4c - Path: Packages/com.unity.ugui/Tests/Editor/UGUI/CanvasRenderer/ChangingHierarchyOfCanvasRenderer.cs - Importer: ScriptedImporter/UnityEditor.QuickSearchModule:UnityEditor.Search:ASIAI0B' with importer (ScriptedImporter : UnityEditor.QuickSearchModule:UnityEditor.Search:ASIAI0B)
Imported 'GUID: c825bad77a42dd341a8f0a5ef9cd5f4c' -> (Import Result ID: '30d17ff91de3afe9e609167481b54cd0') in 0.004 seconds [static and dynamic dependencies]. Details - ImportResultOutputID=7abba05589ded9d07e328d93607cbcd1 DependenciesID=15f6c6732a9d05b4f6bd30b302a25524 StaticDependenciesID=63438caedb74a036659815e1e1e4f039 
Number of updated asset objects reloaded before import = 0
Number of asset objects unloaded after import = 0
========================================================================
Received Import Request.
  Time of request: 2026-09-22T00:46:10.593676Z
  Time since last request: 0.0009135 seconds.
  importAddress: GUID: 5da88f348abcbd94585671a69c672781 - Path: Packages/com.unity.ugui/Tests/Runtime/UGUI/Util/ImageHook.cs - Importer: ScriptedImporter/UnityEditor.QuickSearchModule:UnityEditor.Search:ASIAI0B
Importing 'GUID: 5da88f348abcbd94585671a69c672781 - Path: Packages/com.unity.ugui/Tests/Runtime/UGUI/Util/ImageHook.cs - Importer: ScriptedImporter/UnityEditor.QuickSearchModule:UnityEditor.Search:ASIAI0B' with importer (ScriptedImporter : UnityEditor.QuickSearchModule:UnityEditor.Search:ASIAI0B)
Imported 'GUID: 5da88f348abcbd94585671a69c672781' -> (Import Result ID: 'aabeda4c87c84d6b01871b052f7b3b17') in 0.003 seconds [static and dynamic dependencies]. Details - ImportResultOutputID=34da88ac7b20f161ef0655f624c58f59 DependenciesID=51f7703006af957fbe118cbf08ff2c2e StaticDependenciesID=25ec4b266380201790c554fc44857ad8 
Number of updated asset objects reloaded before import = 0
Number of asset objects unloaded after import = 0
========================================================================
Received Import Request.
  Time of request: 2026-09-22T00:46:10.603288Z
  Time since last request: 0.006672667 seconds.
  importAddress: GUID: 765f7aac6597fc444a90dac4294e929d - Path: Packages/com.unity.ugui/Editor/UGUI/EventSystem/InputModuleComponentFactory.cs - Importer: ScriptedImporter/UnityEditor.QuickSearchModule:UnityEditor.Search:ASIAI0B
Importing 'GUID: 765f7aac6597fc444a90dac4294e929d - Path: Packages/com.unity.ugui/Editor/UGUI/EventSystem/InputModuleComponentFactory.cs - Importer: ScriptedImporter/UnityEditor.QuickSearchModule:UnityEditor.Search:ASIAI0B' with importer (ScriptedImporter : UnityEditor.QuickSearchModule:UnityEditor.Search:ASIAI0B)
Imported 'GUID: 765f7aac6597fc444a90dac4294e929d' -> (Import Result ID: '5cb00650fc4faebacc98b22665ce2694') in 0.003 seconds [static and dynamic dependencies]. Details - ImportResultOutputID=83a10b601b2883922b055fe87e3aec5c DependenciesID=adef5bb5f268cb81b2a92b2fe2db4b78 StaticDependenciesID=3c78051b474fe0fb145393a51be60bca 
Number of updated asset objects reloaded before import = 0
Number of asset objects unloaded after import = 0
========================================================================
Received Import Request.
  Time of request: 2026-09-22T00:46:10.606812Z
  Time since last request: 0.000634167 seconds.
  importAddress: GUID: 00f9a68859b850648902e0c98c25b590 - Path: Packages/com.unity.ugui/Tests/Runtime/UGUI/ScrollBar/ScrollBarTests.cs - Importer: ScriptedImporter/UnityEditor.QuickSearchModule:UnityEditor.Search:ASIAI0B
Importing 'GUID: 00f9a68859b850648902e0c98c25b590 - Path: Packages/com.unity.ugui/Tests/Runtime/UGUI/ScrollBar/ScrollBarTests.cs - Importer: ScriptedImporter/UnityEditor.QuickSearchModule:UnityEditor.Search:ASIAI0B' with importer (ScriptedImporter : UnityEditor.QuickSearchModule:UnityEditor.Search:ASIAI0B)
Imported 'GUID: 00f9a68859b850648902e0c98c25b590' -> (Import Result ID: '3a334b4d3b2ee33b8a998d8a75c0dce4') in 0.004 seconds [static and dynamic dependencies]. Details - ImportResultOutputID=185f30b5cb48f07045ae288b8b7b30e0 DependenciesID=7fde140e696a85084cc62f8e3636faf9 StaticDependenciesID=3a9ce9c0c50154ef6bc3ebe85dbd9ba0 
Number of updated asset objects reloaded before import = 0
Number of asset objects unloaded after import = 0
========================================================================
Received Import Request.
  Time of request: 2026-09-22T00:46:10.612359Z
  Time since last request: 0.000843458 seconds.
  importAddress: GUID: 5143f58107604835ab1a5efa2d8818fd - Path: Packages/com.unity.ugui/Runtime/TMP/TMP_Text.cs - Importer: ScriptedImporter/UnityEditor.QuickSearchModule:UnityEditor.Search:ASIAI0B
Importing 'GUID: 5143f58107604835ab1a5efa2d8818fd - Path: Packages/com.unity.ugui/Runtime/TMP/TMP_Text.cs - Importer: ScriptedImporter/UnityEditor.QuickSearchModule:UnityEditor.Search:ASIAI0B' with importer (ScriptedImporter : UnityEditor.QuickSearchModule:UnityEditor.Search:ASIAI0B)
Imported 'GUID: 5143f58107604835ab1a5efa2d8818fd' -> (Import Result ID: '21cf2ecfeefca6b122e0cea9d5fc00d0') in 0.008 seconds [static and dynamic dependencies]. Details - ImportResultOutputID=ca715eadbf04f69e30851dd12cab185b DependenciesID=69954a7fad3a30bbe2c3a70e5227657a StaticDependenciesID=801a3fdedae9a5609a756c8b92e3d4a4 
Number of updated asset objects reloaded before import = 0
Number of asset objects unloaded after import = 0
========================================================================
Received Import Request.
  Time of request: 2026-09-22T00:46:10.621977Z
  Time since last request: 0.00128825 seconds.
  importAddress: GUID: 438efd46088d408d8a53f707fa68d976 - Path: Packages/com.unity.ugui/Editor/TMP/TMP_BaseShaderGUI.cs - Importer: ScriptedImporter/UnityEditor.QuickSearchModule:UnityEditor.Search:ASIAI0B
Importing 'GUID: 438efd46088d408d8a53f707fa68d976 - Path: Packages/com.unity.ugui/Editor/TMP/TMP_BaseShaderGUI.cs - Importer: ScriptedImporter/UnityEditor.QuickSearchModule:UnityEditor.Search:ASIAI0B' with importer (ScriptedImporter : UnityEditor.QuickSearchModule:UnityEditor.Search:ASIAI0B)
Imported 'GUID: 438efd46088d408d8a53f707fa68d976' -> (Import Result ID: 'bd59186d21f14c8ef16cfe9593d6cd94') in 0.003 seconds [static and dynamic dependencies]. Details - ImportResultOutputID=4262d56aaaf40dda31a9a314a44d34cc DependenciesID=12d2752027f2afc50e76c956f6aa92f0 StaticDependenciesID=a5ac3ffa2b84c26066490448af341e6d 
Number of updated asset objects reloaded before import = 0
Number of asset objects unloaded after import = 0
========================================================================
Received Import Request.
  Time of request: 2026-09-22T00:46:10.626329Z
  Time since last request: 0.000766667 seconds.
  importAddress: GUID: c459424081436584c8cec10767f9ac38 - Path: Packages/com.unity.ugui/Runtime/UGUI/UI/Core/Utility/VertexHelper.cs - Importer: ScriptedImporter/UnityEditor.QuickSearchModule:UnityEditor.Search:ASIAI0B
Importing 'GUID: c459424081436584c8cec10767f9ac38 - Path: Packages/com.unity.ugui/Runtime/UGUI/UI/Core/Utility/VertexHelper.cs - Importer: ScriptedImporter/UnityEditor.QuickSearchModule:UnityEditor.Search:ASIAI0B' with importer (ScriptedImporter : UnityEditor.QuickSearchModule:UnityEditor.Search:ASIAI0B)
Imported 'GUID: c459424081436584c8cec10767f9ac38' -> (Import Result ID: '33498432aa01f73e0ba9a61e5c34fbae') in 0.003 seconds [static and dynamic dependencies]. Details - ImportResultOutputID=c204370a766a658a387def398a122f1d DependenciesID=3ab2f042c9cf0681fc66d5eb8527ac44 StaticDependenciesID=06fa237f637227612e6f37d14654e448 
Number of updated asset objects reloaded before import = 0
Number of asset objects unloaded after import = 0
========================================================================
Received Import Request.
  Time of request: 2026-09-22T00:46:10.630293Z
  Time since last request: 0.000745958 seconds.
  importAddress: GUID: 4d3d51749e989f747b2674e0b4d9b3d7 - Path: Packages/com.unity.ugui/LICENSE.md - Importer: ScriptedImporter/UnityEditor.QuickSearchModule:UnityEditor.Search:ASIAI0B
Importing 'GUID: 4d3d51749e989f747b2674e0b4d9b3d7 - Path: Packages/com.unity.ugui/LICENSE.md - Importer: ScriptedImporter/UnityEditor.QuickSearchModule:UnityEditor.Search:ASIAI0B' with importer (ScriptedImporter : UnityEditor.QuickSearchModule:UnityEditor.Search:ASIAI0B)
Imported 'GUID: 4d3d51749e989f747b2674e0b4d9b3d7' -> (Import Result ID: '364a4495f3f2ba4572530ea0d84a2224') in 0.005 seconds [static and dynamic dependencies]. Details - ImportResultOutputID=6dbfef4c720794898229f1303ef04cc6 DependenciesID=8985eab8a5bf55b0d00664a96af0cfe4 StaticDependenciesID=6be6e6430a1518ec1ba9f6060628ad94 
Number of updated asset objects reloaded before import = 0
Number of asset objects unloaded after import = 1
========================================================================
Received Import Request.
  Time of request: 2026-09-22T00:46:10.635942Z
  Time since last request: 0.000538292 seconds.
  importAddress: GUID: 976acc75bfafe594cb01142ba21947be - Path: Packages/com.unity.ugui/Runtime/UGUI/UI/Core/MaskableGraphic.cs - Importer: ScriptedImporter/UnityEditor.QuickSearchModule:UnityEditor.Search:ASIAI0B
Importing 'GUID: 976acc75bfafe594cb01142ba21947be - Path: Packages/com.unity.ugui/Runtime/UGUI/UI/Core/MaskableGraphic.cs - Importer: ScriptedImporter/UnityEditor.QuickSearchModule:UnityEditor.Search:ASIAI0B' with importer (ScriptedImporter : UnityEditor.QuickSearchModule:UnityEditor.Search:ASIAI0B)
Imported 'GUID: 976acc75bfafe594cb01142ba21947be' -> (Import Result ID: '5638f6a34b70a4873b765241092d3904') in 0.004 seconds [static and dynamic dependencies]. Details - ImportResultOutputID=8b782124fc67bc8dcede07b2dbe9808a DependenciesID=3ab0cea745e78e93dbbb4b2baaaf1771 StaticDependenciesID=ccc3d216738e55d9f4539576edb919b1 
Number of updated asset objects reloaded before import = 0
Number of asset objects unloaded after import = 0
========================================================================
Received Import Request.
  Time of request: 2026-09-22T00:46:10.64159Z
  Time since last request: 0.001941834 seconds.
  importAddress: GUID: e210c8bf2e9c6514d90a1bd77586af1f - Path: Packages/com.unity.ugui/Tests/Runtime/UGUI/Toggle - Importer: ScriptedImporter/UnityEditor.QuickSearchModule:UnityEditor.Search:ASIAI0B
Importing 'GUID: e210c8bf2e9c6514d90a1bd77586af1f - Path: Packages/com.unity.ugui/Tests/Runtime/UGUI/Toggle - Importer: ScriptedImporter/UnityEditor.QuickSearchModule:UnityEditor.Search:ASIAI0B' with importer (ScriptedImporter : UnityEditor.QuickSearchModule:UnityEditor.Search:ASIAI0B)
Imported 'GUID: e210c8bf2e9c6514d90a1bd77586af1f' -> (Import Result ID: '8fbd4dbb3f58bab6e6512a62d4380961') in 0.003 seconds [static and dynamic dependencies]. Details - ImportResultOutputID=35ab23611cc82e6529d10b42129c7159 DependenciesID=336d06ac2ab608f7c540c991cc543865 StaticDependenciesID=f2870cd909144efe4081dfd2e148fe66 
Number of updated asset objects reloaded before import = 0
Number of asset objects unloaded after import = 1
========================================================================
Received Import Request.
  Time of request: 2026-09-22T00:46:10.645277Z
  Time since last request: 0.000424834 seconds.
  importAddress: GUID: c8f647c4cc6a64e4ba36c171768ab9a7 - Path: Packages/com.unity.ugui/Runtime/TMP/TMP_TextProcessingCommon.cs - Importer: ScriptedImporter/UnityEditor.QuickSearchModule:UnityEditor.Search:ASIAI0B
Importing 'GUID: c8f647c4cc6a64e4ba36c171768ab9a7 - Path: Packages/com.unity.ugui/Runtime/TMP/TMP_TextProcessingCommon.cs - Importer: ScriptedImporter/UnityEditor.QuickSearchModule:UnityEditor.Search:ASIAI0B' with importer (ScriptedImporter : UnityEditor.QuickSearchModule:UnityEditor.Search:ASIAI0B)
Imported 'GUID: c8f647c4cc6a64e4ba36c171768ab9a7' -> (Import Result ID: '7b427281f04dcfdd1456cb343872063f') in 0.003 seconds [static and dynamic dependencies]. Details - ImportResultOutputID=56ad030ef8696462ca295d4c6c9b3fb7 DependenciesID=df2307df8e8c4f4365470074331110e1 StaticDependenciesID=7dd031dec7c91aa95835bc1cffc11be8 
Number of updated asset objects reloaded before import = 0
Number of asset objects unloaded after import = 0
========================================================================
Received Import Request.
  Time of request: 2026-09-22T00:46:10.650203Z
  Time since last request: 0.002266666 seconds.
  importAddress: GUID: ae242449e9279d44789513b922d3178a - Path: Packages/com.unity.ugui/Tests/Editor/UGUI/CanvasRenderer - Importer: ScriptedImporter/UnityEditor.QuickSearchModule:UnityEditor.Search:ASIAI0B
Importing 'GUID: ae242449e9279d44789513b922d3178a - Path: Packages/com.unity.ugui/Tests/Editor/UGUI/CanvasRenderer - Importer: ScriptedImporter/UnityEditor.QuickSearchModule:UnityEditor.Search:ASIAI0B' with importer (ScriptedImporter : UnityEditor.QuickSearchModule:UnityEditor.Search:ASIAI0B)
Imported 'GUID: ae242449e9279d44789513b922d3178a' -> (Import Result ID: 'e69afa7718aa11595d2a7cb1e2025ee0') in 0.003 seconds [static and dynamic dependencies]. Details - ImportResultOutputID=32c672904c7276f54115ca3899d8bbe2 DependenciesID=0e810b7940dc5cb62f4d7f30e1bc3bd5 StaticDependenciesID=1bc53857684b4c1f7feefad9cf4c9b64 
Number of updated asset objects reloaded before import = 0
Number of asset objects unloaded after import = 1
========================================================================
Received Import Request.
  Time of request: 2026-09-22T00:46:10.6537Z
  Time since last request: 0.000512542 seconds.
  importAddress: GUID: efad3ddb7270ac241b9b1357ec5ee2f2 - Path: Packages/com.unity.ugui/Tests/Runtime/UGUI/NestedLayout - Importer: ScriptedImporter/UnityEditor.QuickSearchModule:UnityEditor.Search:ASIAI0B
Importing 'GUID: efad3ddb7270ac241b9b1357ec5ee2f2 - Path: Packages/com.unity.ugui/Tests/Runtime/UGUI/NestedLayout - Importer: ScriptedImporter/UnityEditor.QuickSearchModule:UnityEditor.Search:ASIAI0B' with importer (ScriptedImporter : UnityEditor.QuickSearchModule:UnityEditor.Search:ASIAI0B)
Imported 'GUID: efad3ddb7270ac241b9b1357ec5ee2f2' -> (Import Result ID: '530445d59c1596e0f3352710fab2c7e1') in 0.003 seconds [static and dynamic dependencies]. Details - ImportResultOutputID=a3dca142ad6f514efb872a22f1fbf127 DependenciesID=bd9c57ba86e7635fc60f1a53f186fd91 StaticDependenciesID=0118d5724ebe63105bfb4f2dfb4c3451 
Number of updated asset objects reloaded before import = 0
Number of asset objects unloaded after import = 1
========================================================================
Received Import Request.
  Time of request: 2026-09-22T00:46:10.669625Z
  Time since last request: 0.013015875 seconds.
  importAddress: GUID: bc00e25696e4132499f56528d3fed2e3 - Path: Packages/com.unity.ugui/Package Resources/TMP Examples & Extras.unitypackage - Importer: ScriptedImporter/UnityEditor.QuickSearchModule:UnityEditor.Search:ASIAI0B
Importing 'GUID: bc00e25696e4132499f56528d3fed2e3 - Path: Packages/com.unity.ugui/Package Resources/TMP Examples & Extras.unitypackage - Importer: ScriptedImporter/UnityEditor.QuickSearchModule:UnityEditor.Search:ASIAI0B' with importer (ScriptedImporter : UnityEditor.QuickSearchModule:UnityEditor.Search:ASIAI0B)
Imported 'GUID: bc00e25696e4132499f56528d3fed2e3' -> (Import Result ID: 'db5d1442a98a151cab58eb3c9c5efcf8') in 0.005 seconds [static and dynamic dependencies]. Details - ImportResultOutputID=32bea9138c9ffd62c8df43d22959f593 DependenciesID=7f59aca7ccf73e64ade43ad1072f440f StaticDependenciesID=d4b0a8711b56e167d4b7251b9b700594 
Number of updated asset objects reloaded before import = 0
Number of asset objects unloaded after import = 1
========================================================================
Received Import Request.
  Time of request: 2026-09-22T00:46:10.684208Z
  Time since last request: 0.009098 seconds.
  importAddress: GUID: 658c1fb149e7498aa072b0c0f3bf13f0 - Path: Packages/com.unity.ugui/Runtime/TMP/TMP_CoroutineTween.cs - Importer: ScriptedImporter/UnityEditor.QuickSearchModule:UnityEditor.Search:ASIAI0B
Importing 'GUID: 658c1fb149e7498aa072b0c0f3bf13f0 - Path: Packages/com.unity.ugui/Runtime/TMP/TMP_CoroutineTween.cs - Importer: ScriptedImporter/UnityEditor.QuickSearchModule:UnityEditor.Search:ASIAI0B' with importer (ScriptedImporter : UnityEditor.QuickSearchModule:UnityEditor.Search:ASIAI0B)
Imported 'GUID: 658c1fb149e7498aa072b0c0f3bf13f0' -> (Import Result ID: 'f756045781fbfcd653013e759ddb0353') in 0.004 seconds [static and dynamic dependencies]. Details - ImportResultOutputID=197ebb35ddc070b007577c5a9e3aed43 DependenciesID=52e20edd472d81f2a13910565c549506 StaticDependenciesID=f8296bc28ee2afd019ee896d089854d5 
Number of updated asset objects reloaded before import = 0
Number of asset objects unloaded after import = 0
========================================================================
Received Import Request.
  Time of request: 2026-09-22T00:46:10.689376Z
  Time since last request: 0.001375208 seconds.
  importAddress: GUID: d0b148fe25e99eb48b9724523833bab1 - Path: Packages/com.unity.ugui/Runtime/UGUI/EventSystem/EventTrigger.cs - Importer: ScriptedImporter/UnityEditor.QuickSearchModule:UnityEditor.Search:ASIAI0B
Importing 'GUID: d0b148fe25e99eb48b9724523833bab1 - Path: Packages/com.unity.ugui/Runtime/UGUI/EventSystem/EventTrigger.cs - Importer: ScriptedImporter/UnityEditor.QuickSearchModule:UnityEditor.Search:ASIAI0B' with importer (ScriptedImporter : UnityEditor.QuickSearchModule:UnityEditor.Search:ASIAI0B)
Imported 'GUID: d0b148fe25e99eb48b9724523833bab1' -> (Import Result ID: '416e779066dc2f3b4740eef24df872cf') in 0.007 seconds [static and dynamic dependencies]. Details - ImportResultOutputID=4b20d5b28097afa03bbeb0e2dd2cc92a DependenciesID=05e3029cf754485f6269b26f65208d0f StaticDependenciesID=e02eb45725cc8e9bcc211aee81a6370c 
Number of updated asset objects reloaded before import = 0
Number of asset objects unloaded after import = 0
========================================================================
Received Import Request.
  Time of request: 2026-09-22T00:46:10.697642Z
  Time since last request: 0.001335333 seconds.
  importAddress: GUID: 8a410b213209442fb15a69799f0240a5 - Path: Packages/com.unity.ugui/Runtime/UGUI/EventSystem/UIElements/PanelEventHandler.cs - Importer: ScriptedImporter/UnityEditor.QuickSearchModule:UnityEditor.Search:ASIAI0B
Importing 'GUID: 8a410b213209442fb15a69799f0240a5 - Path: Packages/com.unity.ugui/Runtime/UGUI/EventSystem/UIElements/PanelEventHandler.cs - Importer: ScriptedImporter/UnityEditor.QuickSearchModule:UnityEditor.Search:ASIAI0B' with importer (ScriptedImporter : UnityEditor.QuickSearchModule:UnityEditor.Search:ASIAI0B)
Imported 'GUID: 8a410b213209442fb15a69799f0240a5' -> (Import Result ID: 'a842ef901dd9bc1186df5c7392857376') in 0.005 seconds [static and dynamic dependencies]. Details - ImportResultOutputID=68f1d9ce15add4a75d5db8cf0a0c7ed8 DependenciesID=25bc02e4946fe9e9b141d1bf57f3609e StaticDependenciesID=62411831a6405a3afcdd2634e066b065 
Number of updated asset objects reloaded before import = 0
Number of asset objects unloaded after import = 0
========================================================================
Received Import Request.
  Time of request: 2026-09-22T00:46:10.704299Z
  Time since last request: 0.001598 seconds.
  importAddress: GUID: 49679f302ac6408697f6b9314a38985c - Path: Packages/com.unity.ugui/Editor Resources/Textures/btn_AlignCapLine_Light.psd - Importer: ScriptedImporter/UnityEditor.QuickSearchModule:UnityEditor.Search:ASIAI0B
Importing 'GUID: 49679f302ac6408697f6b9314a38985c - Path: Packages/com.unity.ugui/Editor Resources/Textures/btn_AlignCapLine_Light.psd - Importer: ScriptedImporter/UnityEditor.QuickSearchModule:UnityEditor.Search:ASIAI0B' with importer (ScriptedImporter : UnityEditor.QuickSearchModule:UnityEditor.Search:ASIAI0B)
Imported 'GUID: 49679f302ac6408697f6b9314a38985c' -> (Import Result ID: 'c1d16f8a0200305df5837b0d36259834') in 0.010 seconds [static and dynamic dependencies]. Details - ImportResultOutputID=8b0b9c70eaba04a943bb1a27fb48c5e3 DependenciesID=be2e077b64122023cb635d681d0eddf7 StaticDependenciesID=790e010a9aa26d57876e4cdb115f3159 
Number of updated asset objects reloaded before import = 0
Number of asset objects unloaded after import = 1
========================================================================
Received Import Request.
  Time of request: 2026-09-22T00:46:10.714679Z
  Time since last request: 0.000581625 seconds.
  importAddress: GUID: b611b0a598aeada419afa9737807c598 - Path: Packages/com.unity.ugui/Tests/Runtime/UGUI/Graphic/MaskTests.cs - Importer: ScriptedImporter/UnityEditor.QuickSearchModule:UnityEditor.Search:ASIAI0B
Importing 'GUID: b611b0a598aeada419afa9737807c598 - Path: Packages/com.unity.ugui/Tests/Runtime/UGUI/Graphic/MaskTests.cs - Importer: ScriptedImporter/UnityEditor.QuickSearchModule:UnityEditor.Search:ASIAI0B' with importer (ScriptedImporter : UnityEditor.QuickSearchModule:UnityEditor.Search:ASIAI0B)
Imported 'GUID: b611b0a598aeada419afa9737807c598' -> (Import Result ID: 'b163ddcfdcd2002f58ca9ba8b2bf52c6') in 0.007 seconds [static and dynamic dependencies]. Details - ImportResultOutputID=d8c9bc5da9ec7dd79e46fb1f96774060 DependenciesID=4b2f30b9737a93f3752ecf82624aa987 StaticDependenciesID=2cd7a3181d271ce52b573a55b8a3ff74 
Number of updated asset objects reloaded before import = 0
Number of asset objects unloaded after import = 0
========================================================================
Received Import Request.
  Time of request: 2026-09-22T00:46:10.722394Z
  Time since last request: 0.000957292 seconds.
  importAddress: GUID: 6366ee97f6b541449155028b9487355a - Path: Packages/com.unity.ugui/Runtime/TMP/TMP_SpriteAnimator.cs - Importer: ScriptedImporter/UnityEditor.QuickSearchModule:UnityEditor.Search:ASIAI0B
Importing 'GUID: 6366ee97f6b541449155028b9487355a - Path: Packages/com.unity.ugui/Runtime/TMP/TMP_SpriteAnimator.cs - Importer: ScriptedImporter/UnityEditor.QuickSearchModule:UnityEditor.Search:ASIAI0B' with importer (ScriptedImporter : UnityEditor.QuickSearchModule:UnityEditor.Search:ASIAI0B)
Imported 'GUID: 6366ee97f6b541449155028b9487355a' -> (Import Result ID: '3361bbafe9b8d5fd8ed57b615b64d6f5') in 0.004 seconds [static and dynamic dependencies]. Details - ImportResultOutputID=04f624da5abc0223097c01ead906e1bb DependenciesID=6b8294c85ae0dd5f3f3cda408d0ae05f StaticDependenciesID=8c44bbfab424df69d6bbaf0c03586748 
Number of updated asset objects reloaded before import = 0
Number of asset objects unloaded after import = 0
========================================================================
Received Import Request.
  Time of request: 2026-09-22T00:46:10.72828Z
  Time since last request: 0.001278416 seconds.
  importAddress: GUID: 7bd96d76711152648a736c4d28d865f2 - Path: Packages/com.unity.ugui/Runtime/UGUI/UI/Core/MaskUtilities.cs - Importer: ScriptedImporter/UnityEditor.QuickSearchModule:UnityEditor.Search:ASIAI0B
Importing 'GUID: 7bd96d76711152648a736c4d28d865f2 - Path: Packages/com.unity.ugui/Runtime/UGUI/UI/Core/MaskUtilities.cs - Importer: ScriptedImporter/UnityEditor.QuickSearchModule:UnityEditor.Search:ASIAI0B' with importer (ScriptedImporter : UnityEditor.QuickSearchModule:UnityEditor.Search:ASIAI0B)
Imported 'GUID: 7bd96d76711152648a736c4d28d865f2' -> (Import Result ID: '9712dacaa5346a2689042dc43df57a66') in 0.003 seconds [static and dynamic dependencies]. Details - ImportResultOutputID=c61b0617f800f33cd9c8d31cc82aa589 DependenciesID=2f7178e4ade2acbc36e55f59c52c882a StaticDependenciesID=b18be71a77a0cf4f929cf6b7dbc19a1d 
Number of updated asset objects reloaded before import = 0
Number of asset objects unloaded after import = 0
========================================================================
Received Import Request.
  Time of request: 2026-09-22T00:46:10.732392Z
  Time since last request: 0.001246667 seconds.
  importAddress: GUID: e3795795b029fde4395e6953ce72b5a6 - Path: Packages/com.unity.ugui/Editor/TMP/HDRP/TMP_BaseHDRPLitShaderGUI.cs - Importer: ScriptedImporter/UnityEditor.QuickSearchModule:UnityEditor.Search:ASIAI0B
Importing 'GUID: e3795795b029fde4395e6953ce72b5a6 - Path: Packages/com.unity.ugui/Editor/TMP/HDRP/TMP_BaseHDRPLitShaderGUI.cs - Importer: ScriptedImporter/UnityEditor.QuickSearchModule:UnityEditor.Search:ASIAI0B' with importer (ScriptedImporter : UnityEditor.QuickSearchModule:UnityEditor.Search:ASIAI0B)
Imported 'GUID: e3795795b029fde4395e6953ce72b5a6' -> (Import Result ID: 'a7a2fd0135d9555c835bee5f2151849b') in 0.007 seconds [static and dynamic dependencies]. Details - ImportResultOutputID=7854862ea12d2bd719d9c4d6d403a29b DependenciesID=7c2065d3af6df4d48ff947f0e30ab609 StaticDependenciesID=aca214c1e711f8f8f5707b2bd90be726 
Number of updated asset objects reloaded before import = 0
Number of asset objects unloaded after import = 0
========================================================================
Received Import Request.
  Time of request: 2026-09-22T00:46:10.742177Z
  Time since last request: 0.00307375 seconds.
  importAddress: GUID: 37b164a494cd92a498526852ecceedef - Path: Packages/com.unity.ugui/Editor/UGUI/EventSystem/EventTriggerEditor.cs - Importer: ScriptedImporter/UnityEditor.QuickSearchModule:UnityEditor.Search:ASIAI0B
Importing 'GUID: 37b164a494cd92a498526852ecceedef - Path: Packages/com.unity.ugui/Editor/UGUI/EventSystem/EventTriggerEditor.cs - Importer: ScriptedImporter/UnityEditor.QuickSearchModule:UnityEditor.Search:ASIAI0B' with importer (ScriptedImporter : UnityEditor.QuickSearchModule:UnityEditor.Search:ASIAI0B)
Imported 'GUID: 37b164a494cd92a498526852ecceedef' -> (Import Result ID: 'b853466ec662cac6daea33cd8353c302') in 0.003 seconds [static and dynamic dependencies]. Details - ImportResultOutputID=d2eb097180f3e5e8825f31a808f7d367 DependenciesID=8210838a56b72ca67fe5a88b9dd25333 StaticDependenciesID=a62250adfbb82b08bb809fc8f6df9755 
Number of updated asset objects reloaded before import = 0
Number of asset objects unloaded after import = 0
========================================================================
Received Import Request.
  Time of request: 2026-09-22T00:46:10.747504Z
  Time since last request: 0.002137125 seconds.
  importAddress: GUID: cb319974ad8ebd44aa1e1fbb02640b5b - Path: Packages/com.unity.ugui/Editor/UGUI/UI/HorizontalOrVerticalLayoutGroupEditor.cs - Importer: ScriptedImporter/UnityEditor.QuickSearchModule:UnityEditor.Search:ASIAI0B
Importing 'GUID: cb319974ad8ebd44aa1e1fbb02640b5b - Path: Packages/com.unity.ugui/Editor/UGUI/UI/HorizontalOrVerticalLayoutGroupEditor.cs - Importer: ScriptedImporter/UnityEditor.QuickSearchModule:UnityEditor.Search:ASIAI0B' with importer (ScriptedImporter : UnityEditor.QuickSearchModule:UnityEditor.Search:ASIAI0B)
Imported 'GUID: cb319974ad8ebd44aa1e1fbb02640b5b' -> (Import Result ID: 'efb26081adee9791665d45bd25fbfede') in 0.004 seconds [static and dynamic dependencies]. Details - ImportResultOutputID=5acb972c7e0962e6f2bfe9cd97698633 DependenciesID=eaad1c1b9d2091281c2fdf32005583ba StaticDependenciesID=7ca2ebcb6505f1297b9fe32b1bf7bc1a 
Number of updated asset objects reloaded before import = 0
Number of asset objects unloaded after import = 0
========================================================================
Received Import Request.
  Time of request: 2026-09-22T00:46:10.7545Z
  Time since last request: 0.002837167 seconds.
  importAddress: GUID: 2da27f5fe80a3a549ac7331d9f52f5f0 - Path: Packages/com.unity.ugui/Editor Resources/Shaders - Importer: ScriptedImporter/UnityEditor.QuickSearchModule:UnityEditor.Search:ASIAI0B
Importing 'GUID: 2da27f5fe80a3a549ac7331d9f52f5f0 - Path: Packages/com.unity.ugui/Editor Resources/Shaders - Importer: ScriptedImporter/UnityEditor.QuickSearchModule:UnityEditor.Search:ASIAI0B' with importer (ScriptedImporter : UnityEditor.QuickSearchModule:UnityEditor.Search:ASIAI0B)
Imported 'GUID: 2da27f5fe80a3a549ac7331d9f52f5f0' -> (Import Result ID: 'd55d3506641eae43ac77393e775ed293') in 0.005 seconds [static and dynamic dependencies]. Details - ImportResultOutputID=11b0d8b4890639da2c8b22c460e50518 DependenciesID=bf5b247d2274a5c613e30aff072404aa StaticDependenciesID=be7c1799b2eefadb2ddba5939a7b4aef 
Number of updated asset objects reloaded before import = 0
Number of asset objects unloaded after import = 1
========================================================================
Received Import Request.
  Time of request: 2026-09-22T00:46:10.763336Z
  Time since last request: 0.003591167 seconds.
  importAddress: GUID: b3cdabf2f1e76854d8aab5930305d70d - Path: Packages/com.unity.ugui/Runtime/UGUI/EventSystem/EventData - Importer: ScriptedImporter/UnityEditor.QuickSearchModule:UnityEditor.Search:ASIAI0B
Importing 'GUID: b3cdabf2f1e76854d8aab5930305d70d - Path: Packages/com.unity.ugui/Runtime/UGUI/EventSystem/EventData - Importer: ScriptedImporter/UnityEditor.QuickSearchModule:UnityEditor.Search:ASIAI0B' with importer (ScriptedImporter : UnityEditor.QuickSearchModule:UnityEditor.Search:ASIAI0B)
Imported 'GUID: b3cdabf2f1e76854d8aab5930305d70d' -> (Import Result ID: '9c72b87d70ab1d2d88d05a272fba0b25') in 0.005 seconds [static and dynamic dependencies]. Details - ImportResultOutputID=fb01da5789d5fb1be52b68e9e9ee0221 DependenciesID=e312125a92473e7452b2b51033a9cc51 StaticDependenciesID=0b2c72a424a47d8ee79db12c48fbd4fb 
Number of updated asset objects reloaded before import = 0
Number of asset objects unloaded after import = 1
========================================================================
Received Import Request.
  Time of request: 2026-09-22T00:46:10.771913Z
  Time since last request: 0.003015375 seconds.
  importAddress: GUID: 8e3e781d26ad4aeca78526b3464f26d7 - Path: Packages/com.unity.ugui/Tests/Runtime/UGUI/RawImage/RawImageTests.cs - Importer: ScriptedImporter/UnityEditor.QuickSearchModule:UnityEditor.Search:ASIAI0B
Importing 'GUID: 8e3e781d26ad4aeca78526b3464f26d7 - Path: Packages/com.unity.ugui/Tests/Runtime/UGUI/RawImage/RawImageTests.cs - Importer: ScriptedImporter/UnityEditor.QuickSearchModule:UnityEditor.Search:ASIAI0B' with importer (ScriptedImporter : UnityEditor.QuickSearchModule:UnityEditor.Search:ASIAI0B)
Imported 'GUID: 8e3e781d26ad4aeca78526b3464f26d7' -> (Import Result ID: '6b07e49a794161a3849eafa789de120e') in 0.003 seconds [static and dynamic dependencies]. Details - ImportResultOutputID=93835914262053018792d18ccc5f2017 DependenciesID=fa3357ff3cfa8798f227017b7e254e10 StaticDependenciesID=d8967858a209060cb0189022ffb5f8e2 
Number of updated asset objects reloaded before import = 0
Number of asset objects unloaded after import = 0
========================================================================
Received Import Request.
  Time of request: 2026-09-22T00:46:10.776652Z
  Time since last request: 0.001245958 seconds.
  importAddress: GUID: 3ddaad49a7bcb4087b403f2225d54840 - Path: Packages/com.unity.ugui/Tests/Editor/TMP - Importer: ScriptedImporter/UnityEditor.QuickSearchModule:UnityEditor.Search:ASIAI0B
Importing 'GUID: 3ddaad49a7bcb4087b403f2225d54840 - Path: Packages/com.unity.ugui/Tests/Editor/TMP - Importer: ScriptedImporter/UnityEditor.QuickSearchModule:UnityEditor.Search:ASIAI0B' with importer (ScriptedImporter : UnityEditor.QuickSearchModule:UnityEditor.Search:ASIAI0B)
Imported 'GUID: 3ddaad49a7bcb4087b403f2225d54840' -> (Import Result ID: '4b84630a7d92019851faf617dfc2ed63') in 0.004 seconds [static and dynamic dependencies]. Details - ImportResultOutputID=39077d25d84390d834cf14932ad25d48 DependenciesID=9582049c8316ba1b27a78e91ace83ca9 StaticDependenciesID=34e45ed539892840bc93bd9e55ec8994 
Number of updated asset objects reloaded before import = 0
Number of asset objects unloaded after import = 1
========================================================================
Received Import Request.
  Time of request: 2026-09-22T00:46:10.792771Z
  Time since last request: 0.011283792 seconds.
  importAddress: GUID: 7065397ff8184621aa3ca4f854491259 - Path: Packages/com.unity.ugui/Editor/TMP/TMPro_CreateObjectMenu.cs - Importer: ScriptedImporter/UnityEditor.QuickSearchModule:UnityEditor.Search:ASIAI0B
Importing 'GUID: 7065397ff8184621aa3ca4f854491259 - Path: Packages/com.unity.ugui/Editor/TMP/TMPro_CreateObjectMenu.cs - Importer: ScriptedImporter/UnityEditor.QuickSearchModule:UnityEditor.Search:ASIAI0B' with importer (ScriptedImporter : UnityEditor.QuickSearchModule:UnityEditor.Search:ASIAI0B)
Imported 'GUID: 7065397ff8184621aa3ca4f854491259' -> (Import Result ID: '7825e3a7aaf2b215bd07912b5d134a9d') in 0.003 seconds [static and dynamic dependencies]. Details - ImportResultOutputID=6d029ce9067ddb18f677d1feae19ae97 DependenciesID=8204b6df899f99d2463f0de04ce970c4 StaticDependenciesID=af616f6a8bfe1e385dc41915b42b1734 
Number of updated asset objects reloaded before import = 0
Number of asset objects unloaded after import = 0
========================================================================
Received Import Request.
  Time of request: 2026-09-22T00:46:10.79727Z
  Time since last request: 0.001062167 seconds.
  importAddress: GUID: 29e8e5970b511b37787b0dae645df9ba - Path: Packages/com.unity.ugui - Importer: ScriptedImporter/UnityEditor.QuickSearchModule:UnityEditor.Search:ASIAI0B
Importing 'GUID: 29e8e5970b511b37787b0dae645df9ba - Path: Packages/com.unity.ugui - Importer: ScriptedImporter/UnityEditor.QuickSearchModule:UnityEditor.Search:ASIAI0B' with importer (ScriptedImporter : UnityEditor.QuickSearchModule:UnityEditor.Search:ASIAI0B)
Imported 'GUID: 29e8e5970b511b37787b0dae645df9ba' -> (Import Result ID: '068b1155535d25a006c3003aa4672fd2') in 0.003 seconds [static and dynamic dependencies]. Details - ImportResultOutputID=f8645b41bab5d5f427ebf71ca707db9a DependenciesID=9c5c284f14c07a682da6d34ab5b70f3a StaticDependenciesID=14ad226d80c9d2ca295144fbac999bc4 
Number of updated asset objects reloaded before import = 0
Number of asset objects unloaded after import = 1
========================================================================
Received Import Request.
  Time of request: 2026-09-22T00:46:10.801898Z
  Time since last request: 0.001812208 seconds.
  importAddress: GUID: 87ab1bebe13f41f89d5427e7d2c34d58 - Path: Packages/com.unity.ugui/Runtime/TMP/TMP_TextElement_Legacy.cs - Importer: ScriptedImporter/UnityEditor.QuickSearchModule:UnityEditor.Search:ASIAI0B
Importing 'GUID: 87ab1bebe13f41f89d5427e7d2c34d58 - Path: Packages/com.unity.ugui/Runtime/TMP/TMP_TextElement_Legacy.cs - Importer: ScriptedImporter/UnityEditor.QuickSearchModule:UnityEditor.Search:ASIAI0B' with importer (ScriptedImporter : UnityEditor.QuickSearchModule:UnityEditor.Search:ASIAI0B)
Imported 'GUID: 87ab1bebe13f41f89d5427e7d2c34d58' -> (Import Result ID: '8badcbd618de30c1cadb5d68a98eadb2') in 0.005 seconds [static and dynamic dependencies]. Details - ImportResultOutputID=acadb4472837cac99f64a8c62571d890 DependenciesID=1ada1990d239453ff9ba524a9f186ac6 StaticDependenciesID=73dc4dc4e07a00892f306c566a442b42 
Number of updated asset objects reloaded before import = 0
Number of asset objects unloaded after import = 0
========================================================================
Received Import Request.
  Time of request: 2026-09-22T00:46:10.807786Z
  Time since last request: 0.000734334 seconds.
  importAddress: GUID: db339ef553721e94999125c0b9f909dc - Path: Packages/com.unity.ugui/Tests/Runtime/UGUI/Canvas/CreateSceneUtility.cs - Importer: ScriptedImporter/UnityEditor.QuickSearchModule:UnityEditor.Search:ASIAI0B
Importing 'GUID: db339ef553721e94999125c0b9f909dc - Path: Packages/com.unity.ugui/Tests/Runtime/UGUI/Canvas/CreateSceneUtility.cs - Importer: ScriptedImporter/UnityEditor.QuickSearchModule:UnityEditor.Search:ASIAI0B' with importer (ScriptedImporter : UnityEditor.QuickSearchModule:UnityEditor.Search:ASIAI0B)
Imported 'GUID: db339ef553721e94999125c0b9f909dc' -> (Import Result ID: '70fe9693ad4ed4c946e266c4648a6645') in 0.003 seconds [static and dynamic dependencies]. Details - ImportResultOutputID=a88ce82d53e370cc87359815d531a094 DependenciesID=073a679d104ce617ff696fc46d4a3db0 StaticDependenciesID=04597721d1ff68dd630138156f05f24d 
Number of updated asset objects reloaded before import = 0
Number of asset objects unloaded after import = 0
========================================================================
Received Import Request.
  Time of request: 2026-09-22T00:46:10.8119Z
  Time since last request: 0.000681167 seconds.
  importAddress: GUID: c18288a8d31fc9043a807ee8a9f1ae64 - Path: Packages/com.unity.ugui/Editor/UGUI/UI/PropertyDrawers/AnimationTriggersDrawer.cs - Importer: ScriptedImporter/UnityEditor.QuickSearchModule:UnityEditor.Search:ASIAI0B
Importing 'GUID: c18288a8d31fc9043a807ee8a9f1ae64 - Path: Packages/com.unity.ugui/Editor/UGUI/UI/PropertyDrawers/AnimationTriggersDrawer.cs - Importer: ScriptedImporter/UnityEditor.QuickSearchModule:UnityEditor.Search:ASIAI0B' with importer (ScriptedImporter : UnityEditor.QuickSearchModule:UnityEditor.Search:ASIAI0B)
Imported 'GUID: c18288a8d31fc9043a807ee8a9f1ae64' -> (Import Result ID: '62dc3eeed95d2562fa23a7f5760848e8') in 0.003 seconds [static and dynamic dependencies]. Details - ImportResultOutputID=dbdea25af6d90b7ac8767f5c02205061 DependenciesID=1f12ec877320cc318868368ac843e3ce StaticDependenciesID=199168fb2e94b567df2da19fd325f696 
Number of updated asset objects reloaded before import = 0
Number of asset objects unloaded after import = 0
========================================================================
Received Import Request.
  Time of request: 2026-09-22T00:46:10.81555Z
  Time since last request: 0.000945042 seconds.
  importAddress: GUID: 735d54f21944f834f931716514c87a84 - Path: Packages/com.unity.ugui/Tests/Runtime/UGUI/Canvas/RectMask2DWithNestedCanvasCullsUsingCorrectCanvasRect.cs - Importer: ScriptedImporter/UnityEditor.QuickSearchModule:UnityEditor.Search:ASIAI0B
Importing 'GUID: 735d54f21944f834f931716514c87a84 - Path: Packages/com.unity.ugui/Tests/Runtime/UGUI/Canvas/RectMask2DWithNestedCanvasCullsUsingCorrectCanvasRect.cs - Importer: ScriptedImporter/UnityEditor.QuickSearchModule:UnityEditor.Search:ASIAI0B' with importer (ScriptedImporter : UnityEditor.QuickSearchModule:UnityEditor.Search:ASIAI0B)
Imported 'GUID: 735d54f21944f834f931716514c87a84' -> (Import Result ID: '1c1ed5d31971c7a31e4094aca7a66241') in 0.003 seconds [static and dynamic dependencies]. Details - ImportResultOutputID=22026c6952c36a684995be5d73109eea DependenciesID=2b3d79b3eed769238a10d972cd6b14ba StaticDependenciesID=1fa65abe27d65d3633b23c9a2f9d3a01 
Number of updated asset objects reloaded before import = 0
Number of asset objects unloaded after import = 0
========================================================================
Received Import Request.
  Time of request: 2026-09-22T00:46:10.819858Z
  Time since last request: 0.00079525 seconds.
  importAddress: GUID: e4e290d31ab7fb54880746bb8f818e0d - Path: Packages/com.unity.ugui/Tests/Runtime/UGUI/EventSystem/InputModuleTests.cs - Importer: ScriptedImporter/UnityEditor.QuickSearchModule:UnityEditor.Search:ASIAI0B
Importing 'GUID: e4e290d31ab7fb54880746bb8f818e0d - Path: Packages/com.unity.ugui/Tests/Runtime/UGUI/EventSystem/InputModuleTests.cs - Importer: ScriptedImporter/UnityEditor.QuickSearchModule:UnityEditor.Search:ASIAI0B' with importer (ScriptedImporter : UnityEditor.QuickSearchModule:UnityEditor.Search:ASIAI0B)
Imported 'GUID: e4e290d31ab7fb54880746bb8f818e0d' -> (Import Result ID: 'b9738eda6a5a70237630870ffbb1a1ec') in 0.003 seconds [static and dynamic dependencies]. Details - ImportResultOutputID=3f8cebc868fba2f857b317a0e584e3e9 DependenciesID=4bdfc237921e1cbdc399a8ea08fe85c4 StaticDependenciesID=6737f65f415b051ff1254a944739570b 
Number of updated asset objects reloaded before import = 0
Number of asset objects unloaded after import = 0
========================================================================
Received Import Request.
  Time of request: 2026-09-22T00:46:10.824493Z
  Time since last request: 0.001896375 seconds.
  importAddress: GUID: 5ea9f573d4b800a49b9d83a1f61c0a88 - Path: Packages/com.unity.ugui/Runtime/TMP/TMP_FontFeatureTable.cs - Importer: ScriptedImporter/UnityEditor.QuickSearchModule:UnityEditor.Search:ASIAI0B
Importing 'GUID: 5ea9f573d4b800a49b9d83a1f61c0a88 - Path: Packages/com.unity.ugui/Runtime/TMP/TMP_FontFeatureTable.cs - Importer: ScriptedImporter/UnityEditor.QuickSearchModule:UnityEditor.Search:ASIAI0B' with importer (ScriptedImporter : UnityEditor.QuickSearchModule:UnityEditor.Search:ASIAI0B)
Imported 'GUID: 5ea9f573d4b800a49b9d83a1f61c0a88' -> (Import Result ID: '23ce7ee414f3758738a023bb36b8f241') in 0.003 seconds [static and dynamic dependencies]. Details - ImportResultOutputID=d38a46130322c3274f20fcc9c750c531 DependenciesID=a3a80cc06fa8c6392a7f412fb9da1ec7 StaticDependenciesID=e3ebb47be10be794760a41ae63c005fb 
Number of updated asset objects reloaded before import = 0
Number of asset objects unloaded after import = 0
========================================================================
Received Import Request.
  Time of request: 2026-09-22T00:46:10.828878Z
  Time since last request: 0.000810292 seconds.
  importAddress: GUID: d199490a83bb2b844b9695cbf13b01ef - Path: Packages/com.unity.ugui/Runtime/UGUI/UI/Core/InputField.cs - Importer: ScriptedImporter/UnityEditor.QuickSearchModule:UnityEditor.Search:ASIAI0B
Importing 'GUID: d199490a83bb2b844b9695cbf13b01ef - Path: Packages/com.unity.ugui/Runtime/UGUI/UI/Core/InputField.cs - Importer: ScriptedImporter/UnityEditor.QuickSearchModule:UnityEditor.Search:ASIAI0B' with importer (ScriptedImporter : UnityEditor.QuickSearchModule:UnityEditor.Search:ASIAI0B)
Imported 'GUID: d199490a83bb2b844b9695cbf13b01ef' -> (Import Result ID: '959fe3eef7c9d8035c26dc7fa641c76b') in 0.003 seconds [static and dynamic dependencies]. Details - ImportResultOutputID=298c2d8f06fff3c91289b417f302772b DependenciesID=6fa9be9b8ccfab3fd8f2c7e81b60255a StaticDependenciesID=80e7f06772410905318ccf3be198ae85 
Number of updated asset objects reloaded before import = 0
Number of asset objects unloaded after import = 0
========================================================================
Received Import Request.
  Time of request: 2026-09-22T00:46:10.832667Z
  Time since last request: 0.000826083 seconds.
  importAddress: GUID: a7ec9e7ad8b847b7ae4510af83c5d868 - Path: Packages/com.unity.ugui/Editor Resources/Gizmos/TMP - Dropdown Icon.psd - Importer: ScriptedImporter/UnityEditor.QuickSearchModule:UnityEditor.Search:ASIAI0B
Importing 'GUID: a7ec9e7ad8b847b7ae4510af83c5d868 - Path: Packages/com.unity.ugui/Editor Resources/Gizmos/TMP - Dropdown Icon.psd - Importer: ScriptedImporter/UnityEditor.QuickSearchModule:UnityEditor.Search:ASIAI0B' with importer (ScriptedImporter : UnityEditor.QuickSearchModule:UnityEditor.Search:ASIAI0B)
Imported 'GUID: a7ec9e7ad8b847b7ae4510af83c5d868' -> (Import Result ID: '5bf4ddbd2332e2baf52b1de8f197773e') in 0.009 seconds [static and dynamic dependencies]. Details - ImportResultOutputID=2f6e41226a4b739c2b78589540a331dd DependenciesID=4f8c98ffea8cc9446228a36a9eab6e75 StaticDependenciesID=005fafd8424a48f575d771e4979ed037 
Number of updated asset objects reloaded before import = 0
Number of asset objects unloaded after import = 1
========================================================================
Received Import Request.
  Time of request: 2026-09-22T00:46:10.843113Z
  Time since last request: 0.00103575 seconds.
  importAddress: GUID: e69259f6ff914146ad610be5491eb44a - Path: Packages/com.unity.ugui/Runtime/TMP/TMP_ObjectPool.cs - Importer: ScriptedImporter/UnityEditor.QuickSearchModule:UnityEditor.Search:ASIAI0B
Importing 'GUID: e69259f6ff914146ad610be5491eb44a - Path: Packages/com.unity.ugui/Runtime/TMP/TMP_ObjectPool.cs - Importer: ScriptedImporter/UnityEditor.QuickSearchModule:UnityEditor.Search:ASIAI0B' with importer (ScriptedImporter : UnityEditor.QuickSearchModule:UnityEditor.Search:ASIAI0B)
Imported 'GUID: e69259f6ff914146ad610be5491eb44a' -> (Import Result ID: '0b200778d732c75a10896293b8245aa1') in 0.003 seconds [static and dynamic dependencies]. Details - ImportResultOutputID=25a964b52d57fb57ffbf25e153e0b572 DependenciesID=03138d570f044ec98fb43664847bc770 StaticDependenciesID=9c07207a8e3617d2d93cf34c2f0d7195 
Number of updated asset objects reloaded before import = 0
Number of asset objects unloaded after import = 0
========================================================================
Received Import Request.
  Time of request: 2026-09-22T00:46:10.846584Z
  Time since last request: 0.000715125 seconds.
  importAddress: GUID: 85f3c3a3c2623cd4da1661b0479e2ef2 - Path: Packages/com.unity.ugui/Runtime/UGUI/UI/Core/VertexModifiers/IMeshModifier.cs - Importer: ScriptedImporter/UnityEditor.QuickSearchModule:UnityEditor.Search:ASIAI0B
Importing 'GUID: 85f3c3a3c2623cd4da1661b0479e2ef2 - Path: Packages/com.unity.ugui/Runtime/UGUI/UI/Core/VertexModifiers/IMeshModifier.cs - Importer: ScriptedImporter/UnityEditor.QuickSearchModule:UnityEditor.Search:ASIAI0B' with importer (ScriptedImporter : UnityEditor.QuickSearchModule:UnityEditor.Search:ASIAI0B)
Imported 'GUID: 85f3c3a3c2623cd4da1661b0479e2ef2' -> (Import Result ID: '1570b0df031cce77776a7f9d66932632') in 0.003 seconds [static and dynamic dependencies]. Details - ImportResultOutputID=a683d69cd870c3d980d3bc41869b6326 DependenciesID=a426c4f448d16936a28038a2502d81a7 StaticDependenciesID=984434db92f330b6a7d24a330eb64f6f 
Number of updated asset objects reloaded before import = 0
Number of asset objects unloaded after import = 0
========================================================================
Received Import Request.
  Time of request: 2026-09-22T00:46:10.852795Z
  Time since last request: 0.002131708 seconds.
  importAddress: GUID: 853edc343b78a7c4c81cbb3851d48c0a - Path: Packages/com.unity.ugui/Editor/UGUI/UI - Importer: ScriptedImporter/UnityEditor.QuickSearchModule:UnityEditor.Search:ASIAI0B
Importing 'GUID: 853edc343b78a7c4c81cbb3851d48c0a - Path: Packages/com.unity.ugui/Editor/UGUI/UI - Importer: ScriptedImporter/UnityEditor.QuickSearchModule:UnityEditor.Search:ASIAI0B' with importer (ScriptedImporter : UnityEditor.QuickSearchModule:UnityEditor.Search:ASIAI0B)
Imported 'GUID: 853edc343b78a7c4c81cbb3851d48c0a' -> (Import Result ID: 'b07acfbb033f64c284bf889c934a09cc') in 0.003 seconds [static and dynamic dependencies]. Details - ImportResultOutputID=7f7f8169ddfb6b5df3ddc7a9f3bbdf74 DependenciesID=6e31f8aa07db219e63de51d5ead83ffc StaticDependenciesID=a81dd23ffa95362d131c3a88470ae6b9 
Number of updated asset objects reloaded before import = 0
Number of asset objects unloaded after import = 1
========================================================================
Received Import Request.
  Time of request: 2026-09-22T00:46:10.857843Z
  Time since last request: 0.001385958 seconds.
  importAddress: GUID: 4adb1f65bbae8004a88d8f5bc3523298 - Path: Packages/com.unity.ugui/Tests/Editor/UGUI/EventSystem/EventTriggerRemoveDuringExecution.cs - Importer: ScriptedImporter/UnityEditor.QuickSearchModule:UnityEditor.Search:ASIAI0B
Importing 'GUID: 4adb1f65bbae8004a88d8f5bc3523298 - Path: Packages/com.unity.ugui/Tests/Editor/UGUI/EventSystem/EventTriggerRemoveDuringExecution.cs - Importer: ScriptedImporter/UnityEditor.QuickSearchModule:UnityEditor.Search:ASIAI0B' with importer (ScriptedImporter : UnityEditor.QuickSearchModule:UnityEditor.Search:ASIAI0B)
Imported 'GUID: 4adb1f65bbae8004a88d8f5bc3523298' -> (Import Result ID: 'c7e06be6ee2a2621621780be61dc12eb') in 0.003 seconds [static and dynamic dependencies]. Details - ImportResultOutputID=21eef8d2534a83987f8975a2497ae81c DependenciesID=d408e3af45c8f5ad0bf07fecd17579dc StaticDependenciesID=07dc0167010a934b5cf6fa43b27d3df9 
Number of updated asset objects reloaded before import = 0
Number of asset objects unloaded after import = 0
========================================================================
Received Import Request.
  Time of request: 2026-09-22T00:46:10.861899Z
  Time since last request: 0.000869 seconds.
  importAddress: GUID: 13cd966480ec3354bb318ee1aeccff6f - Path: Packages/com.unity.ugui/Runtime/UGUI/UI/Core/FontData.cs - Importer: ScriptedImporter/UnityEditor.QuickSearchModule:UnityEditor.Search:ASIAI0B
Importing 'GUID: 13cd966480ec3354bb318ee1aeccff6f - Path: Packages/com.unity.ugui/Runtime/UGUI/UI/Core/FontData.cs - Importer: ScriptedImporter/UnityEditor.QuickSearchModule:UnityEditor.Search:ASIAI0B' with importer (ScriptedImporter : UnityEditor.QuickSearchModule:UnityEditor.Search:ASIAI0B)
Imported 'GUID: 13cd966480ec3354bb318ee1aeccff6f' -> (Import Result ID: '6f00f8dd56264a163ccea4e0d8012f61') in 0.004 seconds [static and dynamic dependencies]. Details - ImportResultOutputID=de343e05a3d5037500c720c7cd8316c6 DependenciesID=9633047f414adb41aa62bc595b76fbbf StaticDependenciesID=5e687dac638a85431c4f955420340b8d 
Number of updated asset objects reloaded before import = 0
Number of asset objects unloaded after import = 0
========================================================================
Received Import Request.
  Time of request: 2026-09-22T00:46:10.869814Z
  Time since last request: 0.003658709 seconds.
  importAddress: GUID: c67ac6e40bbb6fe47a095b949b609ce0 - Path: Packages/com.unity.ugui/Runtime/UGUI/UI/Core/AnimationTriggers.cs - Importer: ScriptedImporter/UnityEditor.QuickSearchModule:UnityEditor.Search:ASIAI0B
Importing 'GUID: c67ac6e40bbb6fe47a095b949b609ce0 - Path: Packages/com.unity.ugui/Runtime/UGUI/UI/Core/AnimationTriggers.cs - Importer: ScriptedImporter/UnityEditor.QuickSearchModule:UnityEditor.Search:ASIAI0B' with importer (ScriptedImporter : UnityEditor.QuickSearchModule:UnityEditor.Search:ASIAI0B)
Imported 'GUID: c67ac6e40bbb6fe47a095b949b609ce0' -> (Import Result ID: '5424090daddd7f162ef869a34a5ec78f') in 0.003 seconds [static and dynamic dependencies]. Details - ImportResultOutputID=3cd8dd7b451b361b798d3e5ddd89749c DependenciesID=70f964c6d26c7de91ee556d03b4f9658 StaticDependenciesID=21ce01c19f597afccaebeb920c2da269 
Number of updated asset objects reloaded before import = 0
Number of asset objects unloaded after import = 0
========================================================================
Received Import Request.
  Time of request: 2026-09-22T00:46:10.875575Z
  Time since last request: 0.002254291 seconds.
  importAddress: GUID: 718966f960cb50643986195e5fe953ca - Path: Packages/com.unity.ugui/Runtime/UGUI/UI/Core/VertexModifiers/BaseMeshEffect.cs - Importer: ScriptedImporter/UnityEditor.QuickSearchModule:UnityEditor.Search:ASIAI0B
Importing 'GUID: 718966f960cb50643986195e5fe953ca - Path: Packages/com.unity.ugui/Runtime/UGUI/UI/Core/VertexModifiers/BaseMeshEffect.cs - Importer: ScriptedImporter/UnityEditor.QuickSearchModule:UnityEditor.Search:ASIAI0B' with importer (ScriptedImporter : UnityEditor.QuickSearchModule:UnityEditor.Search:ASIAI0B)
Imported 'GUID: 718966f960cb50643986195e5fe953ca' -> (Import Result ID: '9fd9fb1e26b798b4b1e6262ffffd6384') in 0.003 seconds [static and dynamic dependencies]. Details - ImportResultOutputID=fe51f83bff4ccfc87ec5b4e3628519cd DependenciesID=01023627689c1719d850ea63dd052c48 StaticDependenciesID=7f3bb2900d43652774ff644130f6a3da 
Number of updated asset objects reloaded before import = 0
Number of asset objects unloaded after import = 0
========================================================================
Received Import Request.
  Time of request: 2026-09-22T00:46:10.87954Z
  Time since last request: 0.00107575 seconds.
  importAddress: GUID: 34e150112c1c42ac83170b52d898e322 - Path: Packages/com.unity.ugui/Runtime/TMP/TMP_ScrollbarEventHandler.cs - Importer: ScriptedImporter/UnityEditor.QuickSearchModule:UnityEditor.Search:ASIAI0B
Importing 'GUID: 34e150112c1c42ac83170b52d898e322 - Path: Packages/com.unity.ugui/Runtime/TMP/TMP_ScrollbarEventHandler.cs - Importer: ScriptedImporter/UnityEditor.QuickSearchModule:UnityEditor.Search:ASIAI0B' with importer (ScriptedImporter : UnityEditor.QuickSearchModule:UnityEditor.Search:ASIAI0B)
Imported 'GUID: 34e150112c1c42ac83170b52d898e322' -> (Import Result ID: '54b6a74c6f057acbdef7e84efc5ad386') in 0.003 seconds [static and dynamic dependencies]. Details - ImportResultOutputID=ffd1de636af424fa4140dcc2ef27bb62 DependenciesID=74677c578a2ecc875ca08820591e0597 StaticDependenciesID=381c214f25880f32a5be767e8516ffdb 
Number of updated asset objects reloaded before import = 0
Number of asset objects unloaded after import = 0
========================================================================
Received Import Request.
  Time of request: 2026-09-22T00:46:10.896028Z
  Time since last request: 0.013302208 seconds.
  importAddress: GUID: aa14b70e6a58c5b4fa6663623e3dca91 - Path: Packages/com.unity.ugui/Runtime - Importer: ScriptedImporter/UnityEditor.QuickSearchModule:UnityEditor.Search:ASIAI0B
Importing 'GUID: aa14b70e6a58c5b4fa6663623e3dca91 - Path: Packages/com.unity.ugui/Runtime - Importer: ScriptedImporter/UnityEditor.QuickSearchModule:UnityEditor.Search:ASIAI0B' with importer (ScriptedImporter : UnityEditor.QuickSearchModule:UnityEditor.Search:ASIAI0B)
Imported 'GUID: aa14b70e6a58c5b4fa6663623e3dca91' -> (Import Result ID: '2c6eaf126d96b9c9e66bff25e44ce5cb') in 0.005 seconds [static and dynamic dependencies]. Details - ImportResultOutputID=f25392627a9cc697481fa5b365ddfbdf DependenciesID=5f053093611a73ecbc5cb6fe64c47027 StaticDependenciesID=03edfdb4ee926a229646e3c0bbc172a8 
Number of updated asset objects reloaded before import = 0
Number of asset objects unloaded after import = 1
========================================================================
Received Import Request.
  Time of request: 2026-09-22T00:46:10.904222Z
  Time since last request: 0.003152666 seconds.
  importAddress: GUID: ff6d34f71e1a6af4290f9275ff94616c - Path: Packages/com.unity.ugui/Editor/Analytics/UGUIAnalytics.cs - Importer: ScriptedImporter/UnityEditor.QuickSearchModule:UnityEditor.Search:ASIAI0B
Importing 'GUID: ff6d34f71e1a6af4290f9275ff94616c - Path: Packages/com.unity.ugui/Editor/Analytics/UGUIAnalytics.cs - Importer: ScriptedImporter/UnityEditor.QuickSearchModule:UnityEditor.Search:ASIAI0B' with importer (ScriptedImporter : UnityEditor.QuickSearchModule:UnityEditor.Search:ASIAI0B)
Imported 'GUID: ff6d34f71e1a6af4290f9275ff94616c' -> (Import Result ID: '90deb902874baef077c2f8477cf5c8eb') in 0.007 seconds [static and dynamic dependencies]. Details - ImportResultOutputID=bcf706195282dffa3cd73b471de0d45d DependenciesID=e94290dba2f2bb108a06f2d82a9f4e55 StaticDependenciesID=8d3b4e49f43d0f374da179d5fb00e65d 
Number of updated asset objects reloaded before import = 0
Number of asset objects unloaded after import = 0
========================================================================
Received Import Request.
  Time of request: 2026-09-22T00:46:10.912097Z
  Time since last request: 0.00083825 seconds.
  importAddress: GUID: bc9aa6d5a7945f34882c442e9e201537 - Path: Packages/com.unity.ugui/Editor/UGUI/UI/PropertyDrawers - Importer: ScriptedImporter/UnityEditor.QuickSearchModule:UnityEditor.Search:ASIAI0B
Importing 'GUID: bc9aa6d5a7945f34882c442e9e201537 - Path: Packages/com.unity.ugui/Editor/UGUI/UI/PropertyDrawers - Importer: ScriptedImporter/UnityEditor.QuickSearchModule:UnityEditor.Search:ASIAI0B' with importer (ScriptedImporter : UnityEditor.QuickSearchModule:UnityEditor.Search:ASIAI0B)
Imported 'GUID: bc9aa6d5a7945f34882c442e9e201537' -> (Import Result ID: '3ed4e844880db58ed97001132ea45295') in 0.003 seconds [static and dynamic dependencies]. Details - ImportResultOutputID=2fba003e1031b4003bd2b8f994b64a55 DependenciesID=7d15b8b24b5da2df609aeebcbfbc6002 StaticDependenciesID=a33c4fdb5cdaddf69d97e4feb0f9ab8e 
Number of updated asset objects reloaded before import = 0
Number of asset objects unloaded after import = 1
========================================================================
Received Import Request.
  Time of request: 2026-09-22T00:46:10.918607Z
  Time since last request: 0.002934417 seconds.
  importAddress: GUID: 8bc2b083b068f3546a9509c805e0541c - Path: Packages/com.unity.ugui/Editor/TMP/PropertyDrawers/GlyphRectPropertyDrawer.cs - Importer: ScriptedImporter/UnityEditor.QuickSearchModule:UnityEditor.Search:ASIAI0B
Importing 'GUID: 8bc2b083b068f3546a9509c805e0541c - Path: Packages/com.unity.ugui/Editor/TMP/PropertyDrawers/GlyphRectPropertyDrawer.cs - Importer: ScriptedImporter/UnityEditor.QuickSearchModule:UnityEditor.Search:ASIAI0B' with importer (ScriptedImporter : UnityEditor.QuickSearchModule:UnityEditor.Search:ASIAI0B)
Imported 'GUID: 8bc2b083b068f3546a9509c805e0541c' -> (Import Result ID: '0312a3f5792c043fb56dc3c22ef252eb') in 0.014 seconds [static and dynamic dependencies]. Details - ImportResultOutputID=abe4283fc74bdca5479d3d61c5246ff0 DependenciesID=be4389aafca1cebdff369de9c55e6d19 StaticDependenciesID=b712ae19b96a4ada5a75aa4bd63cba4e 
Number of updated asset objects reloaded before import = 0
Number of asset objects unloaded after import = 0
========================================================================
Received Import Request.
  Time of request: 2026-09-22T00:46:10.934733Z
  Time since last request: 0.001556583 seconds.
  importAddress: GUID: bfb788a43e03363419155b8af77da971 - Path: Packages/com.unity.ugui/Runtime/UGUI/UI/Core/CanvasUpdateRegistry.cs - Importer: ScriptedImporter/UnityEditor.QuickSearchModule:UnityEditor.Search:ASIAI0B
Importing 'GUID: bfb788a43e03363419155b8af77da971 - Path: Packages/com.unity.ugui/Runtime/UGUI/UI/Core/CanvasUpdateRegistry.cs - Importer: ScriptedImporter/UnityEditor.QuickSearchModule:UnityEditor.Search:ASIAI0B' with importer (ScriptedImporter : UnityEditor.QuickSearchModule:UnityEditor.Search:ASIAI0B)
Imported 'GUID: bfb788a43e03363419155b8af77da971' -> (Import Result ID: '5594747c2e64af1b4efd360fb4addbea') in 0.003 seconds [static and dynamic dependencies]. Details - ImportResultOutputID=898298c3c577f2b6c5b9f62eac887818 DependenciesID=c7e9b0532aeb9278566cc2e4de5d4cd1 StaticDependenciesID=ccd006eb3aa4cd7341c9ea9e1e03e2ba 
Number of updated asset objects reloaded before import = 0
Number of asset objects unloaded after import = 0
========================================================================
Received Import Request.
  Time of request: 2026-09-22T00:46:10.938559Z
  Time since last request: 0.000409833 seconds.
  importAddress: GUID: 27df3b12f30d0b74a9b10a3968c402ff - Path: Packages/com.unity.ugui/Runtime/TMP/TMP_FontFeaturesCommon.cs - Importer: ScriptedImporter/UnityEditor.QuickSearchModule:UnityEditor.Search:ASIAI0B
Importing 'GUID: 27df3b12f30d0b74a9b10a3968c402ff - Path: Packages/com.unity.ugui/Runtime/TMP/TMP_FontFeaturesCommon.cs - Importer: ScriptedImporter/UnityEditor.QuickSearchModule:UnityEditor.Search:ASIAI0B' with importer (ScriptedImporter : UnityEditor.QuickSearchModule:UnityEditor.Search:ASIAI0B)
Imported 'GUID: 27df3b12f30d0b74a9b10a3968c402ff' -> (Import Result ID: 'f9fe4a3babba3e65d4a036af0b92ca3e') in 0.002 seconds [static and dynamic dependencies]. Details - ImportResultOutputID=6f95eb89304920e2d6c5fdbf03dc59f8 DependenciesID=2a5487ccf41ef97f4d3e7810b0652670 StaticDependenciesID=1bb76ffccc23356e348bac93dac42c86 
Number of updated asset objects reloaded before import = 0
Number of asset objects unloaded after import = 0
========================================================================
Received Import Request.
  Time of request: 2026-09-22T00:46:10.941821Z
  Time since last request: 0.000661375 seconds.
  importAddress: GUID: cf97e54bcd5479a46bdbade48da047cc - Path: Packages/com.unity.ugui/Editor/UGUI/Properties - Importer: ScriptedImporter/UnityEditor.QuickSearchModule:UnityEditor.Search:ASIAI0B
Importing 'GUID: cf97e54bcd5479a46bdbade48da047cc - Path: Packages/com.unity.ugui/Editor/UGUI/Properties - Importer: ScriptedImporter/UnityEditor.QuickSearchModule:UnityEditor.Search:ASIAI0B' with importer (ScriptedImporter : UnityEditor.QuickSearchModule:UnityEditor.Search:ASIAI0B)
Imported 'GUID: cf97e54bcd5479a46bdbade48da047cc' -> (Import Result ID: '4d4b669dc072e0fa56856056732fce9e') in 0.003 seconds [static and dynamic dependencies]. Details - ImportResultOutputID=78c22bb2c6f3b3c71a795f90941ae71d DependenciesID=264107cb64b6771ae5b8d5e2b468f777 StaticDependenciesID=9b9d144767ac935c6084865d2438038d 
Number of updated asset objects reloaded before import = 0
Number of asset objects unloaded after import = 1
========================================================================
Received Import Request.
  Time of request: 2026-09-22T00:46:10.945503Z
  Time since last request: 0.0007435 seconds.
  importAddress: GUID: ba923e2b58fea044bb1f8839376a1118 - Path: Packages/com.unity.ugui/Runtime/UGUI/EventSystem/UIElements/UIToolkitInteroperabilityBridge.cs - Importer: ScriptedImporter/UnityEditor.QuickSearchModule:UnityEditor.Search:ASIAI0B
Importing 'GUID: ba923e2b58fea044bb1f8839376a1118 - Path: Packages/com.unity.ugui/Runtime/UGUI/EventSystem/UIElements/UIToolkitInteroperabilityBridge.cs - Importer: ScriptedImporter/UnityEditor.QuickSearchModule:UnityEditor.Search:ASIAI0B' with importer (ScriptedImporter : UnityEditor.QuickSearchModule:UnityEditor.Search:ASIAI0B)
Imported 'GUID: ba923e2b58fea044bb1f8839376a1118' -> (Import Result ID: 'b2aa46f63dec8cd95783c45d87081a43') in 0.004 seconds [static and dynamic dependencies]. Details - ImportResultOutputID=7a9adecca22ef4ec4b13acd316c2f4ae DependenciesID=9ff960acc0830aae9bc795df0d96866d StaticDependenciesID=36f1b3c0706f54aa6d58ec10524e24f5 
Number of updated asset objects reloaded before import = 0
Number of asset objects unloaded after import = 0
========================================================================
Received Import Request.
  Time of request: 2026-09-22T00:46:10.954567Z
  Time since last request: 0.00525675 seconds.
  importAddress: GUID: d1a0a27327b54c3bac52a08929c33f81 - Path: Packages/com.unity.ugui/Editor Resources - Importer: ScriptedImporter/UnityEditor.QuickSearchModule:UnityEditor.Search:ASIAI0B
Importing 'GUID: d1a0a27327b54c3bac52a08929c33f81 - Path: Packages/com.unity.ugui/Editor Resources - Importer: ScriptedImporter/UnityEditor.QuickSearchModule:UnityEditor.Search:ASIAI0B' with importer (ScriptedImporter : UnityEditor.QuickSearchModule:UnityEditor.Search:ASIAI0B)
Imported 'GUID: d1a0a27327b54c3bac52a08929c33f81' -> (Import Result ID: '5b3c25516c9d5af99e0f0e76fcc6f90f') in 0.004 seconds [static and dynamic dependencies]. Details - ImportResultOutputID=26d06420564174f38b95d68de44cd593 DependenciesID=b9c5f031073a5b899e1b3cd15d7fad3d StaticDependenciesID=c72e810291fa4e3e3345d693d678b914 
Number of updated asset objects reloaded before import = 0
Number of asset objects unloaded after import = 1
========================================================================
Received Import Request.
  Time of request: 2026-09-22T00:46:10.95978Z
  Time since last request: 0.001019083 seconds.
  importAddress: GUID: cb7c939a806f03341b682c180dc13f08 - Path: Packages/com.unity.ugui/Runtime/UGUI/UI/Core/Layout/LayoutGroup.cs - Importer: ScriptedImporter/UnityEditor.QuickSearchModule:UnityEditor.Search:ASIAI0B
Importing 'GUID: cb7c939a806f03341b682c180dc13f08 - Path: Packages/com.unity.ugui/Runtime/UGUI/UI/Core/Layout/LayoutGroup.cs - Importer: ScriptedImporter/UnityEditor.QuickSearchModule:UnityEditor.Search:ASIAI0B' with importer (ScriptedImporter : UnityEditor.QuickSearchModule:UnityEditor.Search:ASIAI0B)
Imported 'GUID: cb7c939a806f03341b682c180dc13f08' -> (Import Result ID: '7a783bebb0a733f803a6607e7325617d') in 0.003 seconds [static and dynamic dependencies]. Details - ImportResultOutputID=5040e3cc905f23e87de67973749672da DependenciesID=3f07afc6f32560053727358d21143ead StaticDependenciesID=7f0707e46e4c7a2a45701c2dd61048b7 
Number of updated asset objects reloaded before import = 0
Number of asset objects unloaded after import = 0
========================================================================
Received Import Request.
  Time of request: 2026-09-22T00:46:10.964387Z
  Time since last request: 0.001854667 seconds.
  importAddress: GUID: fcae021c30eccf74790a4e816ba97c19 - Path: Packages/com.unity.ugui/Runtime/UGUI/UI/Core/Utility/ReflectionMethodsCache.cs - Importer: ScriptedImporter/UnityEditor.QuickSearchModule:UnityEditor.Search:ASIAI0B
Importing 'GUID: fcae021c30eccf74790a4e816ba97c19 - Path: Packages/com.unity.ugui/Runtime/UGUI/UI/Core/Utility/ReflectionMethodsCache.cs - Importer: ScriptedImporter/UnityEditor.QuickSearchModule:UnityEditor.Search:ASIAI0B' with importer (ScriptedImporter : UnityEditor.QuickSearchModule:UnityEditor.Search:ASIAI0B)
Imported 'GUID: fcae021c30eccf74790a4e816ba97c19' -> (Import Result ID: 'b16f3df25d5b4fe186d51266ba16312d') in 0.004 seconds [static and dynamic dependencies]. Details - ImportResultOutputID=b49773ba3f21b5b5e6f62190e0562aef DependenciesID=79b3de7249507b3cea83ba48dfc0dbbe StaticDependenciesID=69fd69fc150009c3ae564a895565a70c 
Number of updated asset objects reloaded before import = 0
Number of asset objects unloaded after import = 0
========================================================================
Received Import Request.
  Time of request: 2026-09-22T00:46:10.969622Z
  Time since last request: 0.000796291 seconds.
  importAddress: GUID: 0e751e877ed14d71a6b8e63ac54949cf - Path: Packages/com.unity.ugui/Editor/TMP/TMP_ProjectTextSettings.cs - Importer: ScriptedImporter/UnityEditor.QuickSearchModule:UnityEditor.Search:ASIAI0B
Importing 'GUID: 0e751e877ed14d71a6b8e63ac54949cf - Path: Packages/com.unity.ugui/Editor/TMP/TMP_ProjectTextSettings.cs - Importer: ScriptedImporter/UnityEditor.QuickSearchModule:UnityEditor.Search:ASIAI0B' with importer (ScriptedImporter : UnityEditor.QuickSearchModule:UnityEditor.Search:ASIAI0B)
Imported 'GUID: 0e751e877ed14d71a6b8e63ac54949cf' -> (Import Result ID: 'e51a7dc91db94252f3fd0cbfad348047') in 0.007 seconds [static and dynamic dependencies]. Details - ImportResultOutputID=fc4944ec296024f12359b1773aa3fb81 DependenciesID=c2cf84856279d8784d51215b112d6dfe StaticDependenciesID=0be10f2751c50fae08b1e8bd8dc2ebe4 
Number of updated asset objects reloaded before import = 0
Number of asset objects unloaded after import = 0
========================================================================
Received Import Request.
  Time of request: 2026-09-22T00:46:10.977252Z
  Time since last request: 0.000439042 seconds.
  importAddress: GUID: 5f7201a12d95ffc409449d95f23cf332 - Path: Packages/com.unity.ugui/Runtime/UGUI/UI/Core/Text.cs - Importer: ScriptedImporter/UnityEditor.QuickSearchModule:UnityEditor.Search:ASIAI0B
Importing 'GUID: 5f7201a12d95ffc409449d95f23cf332 - Path: Packages/com.unity.ugui/Runtime/UGUI/UI/Core/Text.cs - Importer: ScriptedImporter/UnityEditor.QuickSearchModule:UnityEditor.Search:ASIAI0B' with importer (ScriptedImporter : UnityEditor.QuickSearchModule:UnityEditor.Search:ASIAI0B)
Imported 'GUID: 5f7201a12d95ffc409449d95f23cf332' -> (Import Result ID: '37e7466a7809c9eb0a46df9c1effc4a6') in 0.003 seconds [static and dynamic dependencies]. Details - ImportResultOutputID=a28e701a815664934e1d0161189b0add DependenciesID=2f0e7f4aa31044edfc4ab0363fea2ea7 StaticDependenciesID=335d3359c3cb76cdde9f6ec90c7a37fa 
Number of updated asset objects reloaded before import = 0
Number of asset objects unloaded after import = 0
========================================================================
Received Import Request.
  Time of request: 2026-09-22T00:46:10.981002Z
  Time since last request: 0.000943375 seconds.
  importAddress: GUID: 6ace62d30f494c948b71d5594afce11d - Path: Packages/com.unity.ugui/Editor Resources/Textures/btn_AlignCenter_Light.psd - Importer: ScriptedImporter/UnityEditor.QuickSearchModule:UnityEditor.Search:ASIAI0B
Importing 'GUID: 6ace62d30f494c948b71d5594afce11d - Path: Packages/com.unity.ugui/Editor Resources/Textures/btn_AlignCenter_Light.psd - Importer: ScriptedImporter/UnityEditor.QuickSearchModule:UnityEditor.Search:ASIAI0B' with importer (ScriptedImporter : UnityEditor.QuickSearchModule:UnityEditor.Search:ASIAI0B)
Imported 'GUID: 6ace62d30f494c948b71d5594afce11d' -> (Import Result ID: '217ce2b2275e230ea10862f141c5638b') in 0.015 seconds [static and dynamic dependencies]. Details - ImportResultOutputID=28640e8472fd39583c94a8cc664573eb DependenciesID=fcfe2f0edf4da7d00a5778074fc3bfc5 StaticDependenciesID=074ab894b5fcdfc21053628245fccdd2 
Number of updated asset objects reloaded before import = 0
Number of asset objects unloaded after import = 1
========================================================================
Received Import Request.
  Time of request: 2026-09-22T00:46:10.997516Z
  Time since last request: 0.001749625 seconds.
  importAddress: GUID: fb27f3049fe06c246803a4a4c5b7fda3 - Path: Packages/com.unity.ugui/Editor/UGUI/UI/PropertyDrawers/NavigationDrawer.cs - Importer: ScriptedImporter/UnityEditor.QuickSearchModule:UnityEditor.Search:ASIAI0B
Importing 'GUID: fb27f3049fe06c246803a4a4c5b7fda3 - Path: Packages/com.unity.ugui/Editor/UGUI/UI/PropertyDrawers/NavigationDrawer.cs - Importer: ScriptedImporter/UnityEditor.QuickSearchModule:UnityEditor.Search:ASIAI0B' with importer (ScriptedImporter : UnityEditor.QuickSearchModule:UnityEditor.Search:ASIAI0B)
Imported 'GUID: fb27f3049fe06c246803a4a4c5b7fda3' -> (Import Result ID: 'b2f3d64671b388852c1cac1100090c24') in 0.008 seconds [static and dynamic dependencies]. Details - ImportResultOutputID=0602e26f3d0cf272cbf61556d12efbfb DependenciesID=e88473645a95a24d989e6370e5861a7f StaticDependenciesID=443d6bcca24cb62f28a8062c7697282b 
Number of updated asset objects reloaded before import = 0
Number of asset objects unloaded after import = 0
========================================================================
Received Import Request.
  Time of request: 2026-09-22T00:46:11.007882Z
  Time since last request: 0.002059916 seconds.
  importAddress: GUID: ab2114bdc8544297b417dfefe9f1e410 - Path: Packages/com.unity.ugui/Runtime/TMP/TMP_StyleSheet.cs - Importer: ScriptedImporter/UnityEditor.QuickSearchModule:UnityEditor.Search:ASIAI0B
Importing 'GUID: ab2114bdc8544297b417dfefe9f1e410 - Path: Packages/com.unity.ugui/Runtime/TMP/TMP_StyleSheet.cs - Importer: ScriptedImporter/UnityEditor.QuickSearchModule:UnityEditor.Search:ASIAI0B' with importer (ScriptedImporter : UnityEditor.QuickSearchModule:UnityEditor.Search:ASIAI0B)
Imported 'GUID: ab2114bdc8544297b417dfefe9f1e410' -> (Import Result ID: 'f062d6c6e737946d173599159ba93eb0') in 0.013 seconds [static and dynamic dependencies]. Details - ImportResultOutputID=7da197ab0a0bd668e036569f471b341d DependenciesID=e3546a2baf11f1dd917158fdc019a08f StaticDependenciesID=ba6adafe32a1e70f827ca0d0792466e1 
Number of updated asset objects reloaded before import = 0
Number of asset objects unloaded after import = 0
========================================================================
Received Import Request.
  Time of request: 2026-09-22T00:46:11.021649Z
  Time since last request: 0.000505125 seconds.
  importAddress: GUID: 08a8587e5f07fb64f88a0cbe2ebe327e - Path: Packages/com.unity.ugui/Tests/Runtime/UGUI/Canvas/RectangleContainsScreenPointTest.cs - Importer: ScriptedImporter/UnityEditor.QuickSearchModule:UnityEditor.Search:ASIAI0B
Importing 'GUID: 08a8587e5f07fb64f88a0cbe2ebe327e - Path: Packages/com.unity.ugui/Tests/Runtime/UGUI/Canvas/RectangleContainsScreenPointTest.cs - Importer: ScriptedImporter/UnityEditor.QuickSearchModule:UnityEditor.Search:ASIAI0B' with importer (ScriptedImporter : UnityEditor.QuickSearchModule:UnityEditor.Search:ASIAI0B)
Imported 'GUID: 08a8587e5f07fb64f88a0cbe2ebe327e' -> (Import Result ID: '5eb703513f1203ca17b1f4962272536f') in 0.004 seconds [static and dynamic dependencies]. Details - ImportResultOutputID=b82fe50581376fd951fe17731973e425 DependenciesID=f3cb48201edb508aad81e6200b6bb1f4 StaticDependenciesID=1dd1b9920a4768eba93a6136f9b99952 
Number of updated asset objects reloaded before import = 0
Number of asset objects unloaded after import = 0
========================================================================
Received Import Request.
  Time of request: 2026-09-22T00:46:11.026172Z
  Time since last request: 0.000716917 seconds.
  importAddress: GUID: 64b9fad609434c489c32b1cdf2004a1c - Path: Packages/com.unity.ugui/Editor Resources/Textures/btn_AlignFlush_Light.psd - Importer: ScriptedImporter/UnityEditor.QuickSearchModule:UnityEditor.Search:ASIAI0B
Importing 'GUID: 64b9fad609434c489c32b1cdf2004a1c - Path: Packages/com.unity.ugui/Editor Resources/Textures/btn_AlignFlush_Light.psd - Importer: ScriptedImporter/UnityEditor.QuickSearchModule:UnityEditor.Search:ASIAI0B' with importer (ScriptedImporter : UnityEditor.QuickSearchModule:UnityEditor.Search:ASIAI0B)
Imported 'GUID: 64b9fad609434c489c32b1cdf2004a1c' -> (Import Result ID: 'fc8e08d4a17a554303d973fbb547de55') in 0.014 seconds [static and dynamic dependencies]. Details - ImportResultOutputID=c5b6be3303a041c2f5cd5abdf2eb8d8f DependenciesID=a54e2d03b008298637f3ef2409454011 StaticDependenciesID=e5c176e540f79a8d4d9ccce6858e393c 
Number of updated asset objects reloaded before import = 0
Number of asset objects unloaded after import = 1
========================================================================
Received Import Request.
  Time of request: 2026-09-22T00:46:11.0428Z
  Time since last request: 0.002097959 seconds.
  importAddress: GUID: 07994bfe8b0e4adb97d706de5dea48d5 - Path: Packages/com.unity.ugui/Runtime/TMP/TMP_SubMesh.cs - Importer: ScriptedImporter/UnityEditor.QuickSearchModule:UnityEditor.Search:ASIAI0B
Importing 'GUID: 07994bfe8b0e4adb97d706de5dea48d5 - Path: Packages/com.unity.ugui/Runtime/TMP/TMP_SubMesh.cs - Importer: ScriptedImporter/UnityEditor.QuickSearchModule:UnityEditor.Search:ASIAI0B' with importer (ScriptedImporter : UnityEditor.QuickSearchModule:UnityEditor.Search:ASIAI0B)
Imported 'GUID: 07994bfe8b0e4adb97d706de5dea48d5' -> (Import Result ID: 'aee2b2ea0c9999c1b3d8d4ecac7f1ad8') in 0.003 seconds [static and dynamic dependencies]. Details - ImportResultOutputID=e217cd612fff7b72f924ec7bfa25be98 DependenciesID=482f3d840354af819be488e3ffec9ee5 StaticDependenciesID=ec6abfd9cb919309263f0f0546c1e02d 
Number of updated asset objects reloaded before import = 0
Number of asset objects unloaded after import = 0
========================================================================
Received Import Request.
  Time of request: 2026-09-22T00:46:11.047601Z
  Time since last request: 0.001125125 seconds.
  importAddress: GUID: 619aadd8f276341ca84d7ad5a9c6db21 - Path: Packages/com.unity.ugui/Runtime/TMP - Importer: ScriptedImporter/UnityEditor.QuickSearchModule:UnityEditor.Search:ASIAI0B
Importing 'GUID: 619aadd8f276341ca84d7ad5a9c6db21 - Path: Packages/com.unity.ugui/Runtime/TMP - Importer: ScriptedImporter/UnityEditor.QuickSearchModule:UnityEditor.Search:ASIAI0B' with importer (ScriptedImporter : UnityEditor.QuickSearchModule:UnityEditor.Search:ASIAI0B)
Imported 'GUID: 619aadd8f276341ca84d7ad5a9c6db21' -> (Import Result ID: '320c59da81ffabf9b65d6da343271f41') in 0.004 seconds [static and dynamic dependencies]. Details - ImportResultOutputID=380c0fb6ee5cc5b76a75deb6be375595 DependenciesID=25cf681e584c724914f2942229a0004b StaticDependenciesID=60e430b12e87fa2728bac19540492468 
Number of updated asset objects reloaded before import = 0
Number of asset objects unloaded after import = 1
========================================================================
Received Import Request.
  Time of request: 2026-09-22T00:46:11.06943Z
  Time since last request: 0.014561833 seconds.
  importAddress: GUID: 4f231c4fb786f3946a6b90b886c48677 - Path: Packages/com.unity.ugui/Runtime/UGUI/EventSystem/InputModules/StandaloneInputModule.cs - Importer: ScriptedImporter/UnityEditor.QuickSearchModule:UnityEditor.Search:ASIAI0B
Importing 'GUID: 4f231c4fb786f3946a6b90b886c48677 - Path: Packages/com.unity.ugui/Runtime/UGUI/EventSystem/InputModules/StandaloneInputModule.cs - Importer: ScriptedImporter/UnityEditor.QuickSearchModule:UnityEditor.Search:ASIAI0B' with importer (ScriptedImporter : UnityEditor.QuickSearchModule:UnityEditor.Search:ASIAI0B)
Imported 'GUID: 4f231c4fb786f3946a6b90b886c48677' -> (Import Result ID: '24896f8de330246c41b40b09fcf46196') in 0.005 seconds [static and dynamic dependencies]. Details - ImportResultOutputID=422faac2ba65edf979d9b87477c68ec0 DependenciesID=92949821a72ebc3fccc85922aecc6c3a StaticDependenciesID=77a992c41f863a2fd0764e4aaedb3ef8 
Number of updated asset objects reloaded before import = 0
Number of asset objects unloaded after import = 0
========================================================================
Received Import Request.
  Time of request: 2026-09-22T00:46:11.075454Z
  Time since last request: 0.000823667 seconds.
  importAddress: GUID: 13d161b14bb3ab74e8a9634e26fb7a5e - Path: Packages/com.unity.ugui/Tests/Runtime/UGUI/Canvas/CanvasScalerWithChildTextObjectDoesNotCrash.cs - Importer: ScriptedImporter/UnityEditor.QuickSearchModule:UnityEditor.Search:ASIAI0B
Importing 'GUID: 13d161b14bb3ab74e8a9634e26fb7a5e - Path: Packages/com.unity.ugui/Tests/Runtime/UGUI/Canvas/CanvasScalerWithChildTextObjectDoesNotCrash.cs - Importer: ScriptedImporter/UnityEditor.QuickSearchModule:UnityEditor.Search:ASIAI0B' with importer (ScriptedImporter : UnityEditor.QuickSearchModule:UnityEditor.Search:ASIAI0B)
Imported 'GUID: 13d161b14bb3ab74e8a9634e26fb7a5e' -> (Import Result ID: 'a2b4ec6ccf1d75966e5724340c1c642f') in 0.003 seconds [static and dynamic dependencies]. Details - ImportResultOutputID=5dd5d31dc064c60a1ec89021227eda1b DependenciesID=957ab50555190a71dd701ed3db06d72c StaticDependenciesID=94fc4fc30c9422784d1f003b0057e47d 
Number of updated asset objects reloaded before import = 0
Number of asset objects unloaded after import = 0
========================================================================
Received Import Request.
  Time of request: 2026-09-22T00:46:11.079985Z
  Time since last request: 0.001750583 seconds.
  importAddress: GUID: 7a892c920c8ad2848b469ec9579c5219 - Path: Packages/com.unity.ugui/Tests/Runtime/UGUI/EventSystem/InputModuleTests - Importer: ScriptedImporter/UnityEditor.QuickSearchModule:UnityEditor.Search:ASIAI0B
Importing 'GUID: 7a892c920c8ad2848b469ec9579c5219 - Path: Packages/com.unity.ugui/Tests/Runtime/UGUI/EventSystem/InputModuleTests - Importer: ScriptedImporter/UnityEditor.QuickSearchModule:UnityEditor.Search:ASIAI0B' with importer (ScriptedImporter : UnityEditor.QuickSearchModule:UnityEditor.Search:ASIAI0B)
Imported 'GUID: 7a892c920c8ad2848b469ec9579c5219' -> (Import Result ID: 'a4e2501522d09a29fa9f294def9017c7') in 0.004 seconds [static and dynamic dependencies]. Details - ImportResultOutputID=f6505f1e2399680c29510dd9d6c8d58f DependenciesID=204ea06dc40c4bc589f7f1e6c175c448 StaticDependenciesID=932d5a40791666c6348a1dfd898ee6a8 
Number of updated asset objects reloaded before import = 0
Number of asset objects unloaded after import = 1
========================================================================
Received Import Request.
  Time of request: 2026-09-22T00:46:11.08773Z
  Time since last request: 0.003773458 seconds.
  importAddress: GUID: 445cdcfc747eba94288b97f5869aa2fb - Path: Packages/com.unity.ugui/Runtime/UGUI/UI/Core/GraphicRebuildTracker.cs - Importer: ScriptedImporter/UnityEditor.QuickSearchModule:UnityEditor.Search:ASIAI0B
Importing 'GUID: 445cdcfc747eba94288b97f5869aa2fb - Path: Packages/com.unity.ugui/Runtime/UGUI/UI/Core/GraphicRebuildTracker.cs - Importer: ScriptedImporter/UnityEditor.QuickSearchModule:UnityEditor.Search:ASIAI0B' with importer (ScriptedImporter : UnityEditor.QuickSearchModule:UnityEditor.Search:ASIAI0B)
Imported 'GUID: 445cdcfc747eba94288b97f5869aa2fb' -> (Import Result ID: '14dc13edfee9a53d604032dbe851b7dd') in 0.003 seconds [static and dynamic dependencies]. Details - ImportResultOutputID=8841978abda2f683514031381b89c0f6 DependenciesID=3e0778afda3d95bd703744794c7517a0 StaticDependenciesID=9483a91d55d29c1ca0da228fc36a42e1 
Number of updated asset objects reloaded before import = 0
Number of asset objects unloaded after import = 0
========================================================================
Received Import Request.
  Time of request: 2026-09-22T00:46:11.092503Z
  Time since last request: 0.001715792 seconds.
  importAddress: GUID: 11a6a034ab84493cbed6af5ae7aae78b - Path: Packages/com.unity.ugui/Runtime/TMP/MaterialReferenceManager.cs - Importer: ScriptedImporter/UnityEditor.QuickSearchModule:UnityEditor.Search:ASIAI0B
Importing 'GUID: 11a6a034ab84493cbed6af5ae7aae78b - Path: Packages/com.unity.ugui/Runtime/TMP/MaterialReferenceManager.cs - Importer: ScriptedImporter/UnityEditor.QuickSearchModule:UnityEditor.Search:ASIAI0B' with importer (ScriptedImporter : UnityEditor.QuickSearchModule:UnityEditor.Search:ASIAI0B)
Imported 'GUID: 11a6a034ab84493cbed6af5ae7aae78b' -> (Import Result ID: '0e595e85e4a5f19721cc34dba34c4df0') in 0.003 seconds [static and dynamic dependencies]. Details - ImportResultOutputID=18415314f06bfdc2844d93a8b76d5b0c DependenciesID=e213adf7a0823559f0cc2848f45a97a4 StaticDependenciesID=59b7f7349fbc6505fc608d436a2bf65c 
Number of updated asset objects reloaded before import = 0
Number of asset objects unloaded after import = 0
========================================================================
Received Import Request.
  Time of request: 2026-09-22T00:46:11.099581Z
  Time since last request: 0.003946417 seconds.
  importAddress: GUID: 24cda912b57cf784d9eebefb7c59111c - Path: Packages/com.unity.ugui/Editor/Analytics/IAnalytic/UGUIBuildEvent.cs - Importer: ScriptedImporter/UnityEditor.QuickSearchModule:UnityEditor.Search:ASIAI0B
Importing 'GUID: 24cda912b57cf784d9eebefb7c59111c - Path: Packages/com.unity.ugui/Editor/Analytics/IAnalytic/UGUIBuildEvent.cs - Importer: ScriptedImporter/UnityEditor.QuickSearchModule:UnityEditor.Search:ASIAI0B' with importer (ScriptedImporter : UnityEditor.QuickSearchModule:UnityEditor.Search:ASIAI0B)
Imported 'GUID: 24cda912b57cf784d9eebefb7c59111c' -> (Import Result ID: 'df4f3851f510ca9d10e12c055c80c838') in 0.005 seconds [static and dynamic dependencies]. Details - ImportResultOutputID=6a8623b21e51172c4ab03eeb76975f8c DependenciesID=802d9d1d678479abb92e763a6b139919 StaticDependenciesID=efadef6a8d83659ab855ff3a387a40a7 
Number of updated asset objects reloaded before import = 0
Number of asset objects unloaded after import = 0
========================================================================
Received Import Request.
  Time of request: 2026-09-22T00:46:11.10557Z
  Time since last request: 0.001070875 seconds.
  importAddress: GUID: b9eb962217e00bf4fbc734e109991fca - Path: Packages/com.unity.ugui/Tests/Runtime/UGUI/Layout/GridLayoutGroupTests.cs - Importer: ScriptedImporter/UnityEditor.QuickSearchModule:UnityEditor.Search:ASIAI0B
Importing 'GUID: b9eb962217e00bf4fbc734e109991fca - Path: Packages/com.unity.ugui/Tests/Runtime/UGUI/Layout/GridLayoutGroupTests.cs - Importer: ScriptedImporter/UnityEditor.QuickSearchModule:UnityEditor.Search:ASIAI0B' with importer (ScriptedImporter : UnityEditor.QuickSearchModule:UnityEditor.Search:ASIAI0B)
Imported 'GUID: b9eb962217e00bf4fbc734e109991fca' -> (Import Result ID: '5ebe21a498dd4e32fd7798acf8b8ca29') in 0.004 seconds [static and dynamic dependencies]. Details - ImportResultOutputID=b567c700fa744964d88b914423dc58b7 DependenciesID=5917b88ad362b2eb85bbd19218815890 StaticDependenciesID=23fd258618dce63a68933d66ecc2130b 
Number of updated asset objects reloaded before import = 0
Number of asset objects unloaded after import = 0
========================================================================
Received Import Request.
  Time of request: 2026-09-22T00:46:11.110662Z
  Time since last request: 0.001052875 seconds.
  importAddress: GUID: 8bc445bb79654bf496c92d0407840a92 - Path: Packages/com.unity.ugui/Editor Resources/Textures/btn_AlignBaseLine.psd - Importer: ScriptedImporter/UnityEditor.QuickSearchModule:UnityEditor.Search:ASIAI0B
Importing 'GUID: 8bc445bb79654bf496c92d0407840a92 - Path: Packages/com.unity.ugui/Editor Resources/Textures/btn_AlignBaseLine.psd - Importer: ScriptedImporter/UnityEditor.QuickSearchModule:UnityEditor.Search:ASIAI0B' with importer (ScriptedImporter : UnityEditor.QuickSearchModule:UnityEditor.Search:ASIAI0B)
Imported 'GUID: 8bc445bb79654bf496c92d0407840a92' -> (Import Result ID: '6dbd8d44c97333acba3c4e13979dd032') in 0.011 seconds [static and dynamic dependencies]. Details - ImportResultOutputID=c9bc54b1c16780e33e238cc65d743c52 DependenciesID=5b1ad555b42a7603e5a7b145b6942223 StaticDependenciesID=4b926591ae0922dc0e0a9e0a62fe4cae 
Number of updated asset objects reloaded before import = 0
Number of asset objects unloaded after import = 1
========================================================================
Received Import Request.
  Time of request: 2026-09-22T00:46:11.122793Z
  Time since last request: 0.000501625 seconds.
  importAddress: GUID: 691475c57a824010be0c6f474caeb7e1 - Path: Packages/com.unity.ugui/Editor Resources/Textures/btn_AlignFlush.psd - Importer: ScriptedImporter/UnityEditor.QuickSearchModule:UnityEditor.Search:ASIAI0B
Importing 'GUID: 691475c57a824010be0c6f474caeb7e1 - Path: Packages/com.unity.ugui/Editor Resources/Textures/btn_AlignFlush.psd - Importer: ScriptedImporter/UnityEditor.QuickSearchModule:UnityEditor.Search:ASIAI0B' with importer (ScriptedImporter : UnityEditor.QuickSearchModule:UnityEditor.Search:ASIAI0B)
Imported 'GUID: 691475c57a824010be0c6f474caeb7e1' -> (Import Result ID: '14cb5cd60c1b240930a42e4f197224fe') in 0.010 seconds [static and dynamic dependencies]. Details - ImportResultOutputID=40e2447d870f2c79e6dd63429d9d254c DependenciesID=e5ddfbb6840feb5fc90b8c1de3734f9e StaticDependenciesID=431258e04cf30c0b0b3e23225faaf3f8 
Number of updated asset objects reloaded before import = 0
Number of asset objects unloaded after import = 1
========================================================================
Received Import Request.
  Time of request: 2026-09-22T00:46:11.134656Z
  Time since last request: 0.001441416 seconds.
  importAddress: GUID: f700f31b2e40d7f4bb69753fdbbbc2b5 - Path: Packages/com.unity.ugui/Editor/UGUI/UI/ScrollbarEditor.cs - Importer: ScriptedImporter/UnityEditor.QuickSearchModule:UnityEditor.Search:ASIAI0B
Importing 'GUID: f700f31b2e40d7f4bb69753fdbbbc2b5 - Path: Packages/com.unity.ugui/Editor/UGUI/UI/ScrollbarEditor.cs - Importer: ScriptedImporter/UnityEditor.QuickSearchModule:UnityEditor.Search:ASIAI0B' with importer (ScriptedImporter : UnityEditor.QuickSearchModule:UnityEditor.Search:ASIAI0B)
Imported 'GUID: f700f31b2e40d7f4bb69753fdbbbc2b5' -> (Import Result ID: 'cfb9ef26fe4b338091ee05321706a474') in 0.003 seconds [static and dynamic dependencies]. Details - ImportResultOutputID=144c782a9cacdd0133ab4892e2acad04 DependenciesID=5b2f7b6043ab9f1f7f533765a74f33ab StaticDependenciesID=4b979546ef78a9ca9fdf7428ba3fae34 
Number of updated asset objects reloaded before import = 0
Number of asset objects unloaded after import = 0
========================================================================
Received Import Request.
  Time of request: 2026-09-22T00:46:11.138499Z
  Time since last request: 0.000507459 seconds.
  importAddress: GUID: 1a26e19d51cbfac42a02631ad1f9e39e - Path: Packages/com.unity.ugui/Tests/Runtime/UGUI/Canvas/BridgeScriptForRetainingObjects.cs - Importer: ScriptedImporter/UnityEditor.QuickSearchModule:UnityEditor.Search:ASIAI0B
Importing 'GUID: 1a26e19d51cbfac42a02631ad1f9e39e - Path: Packages/com.unity.ugui/Tests/Runtime/UGUI/Canvas/BridgeScriptForRetainingObjects.cs - Importer: ScriptedImporter/UnityEditor.QuickSearchModule:UnityEditor.Search:ASIAI0B' with importer (ScriptedImporter : UnityEditor.QuickSearchModule:UnityEditor.Search:ASIAI0B)
Imported 'GUID: 1a26e19d51cbfac42a02631ad1f9e39e' -> (Import Result ID: 'fe76aacf4a4403901435018a1581e9c9') in 0.003 seconds [static and dynamic dependencies]. Details - ImportResultOutputID=4afbeccd9e624458af27ccb754c4eead DependenciesID=75a9672aba394609ce4adf99680eba45 StaticDependenciesID=84132c9d5ed78185279fb4c8abfb47a8 
Number of updated asset objects reloaded before import = 0
Number of asset objects unloaded after import = 0
========================================================================
Received Import Request.
  Time of request: 2026-09-22T00:46:11.155192Z
  Time since last request: 0.013709375 seconds.
  importAddress: GUID: 4e29b1a8efbd4b44bb3f3716e73f07ff - Path: Packages/com.unity.ugui/Runtime/UGUI/UI/Core/Button.cs - Importer: ScriptedImporter/UnityEditor.QuickSearchModule:UnityEditor.Search:ASIAI0B
Importing 'GUID: 4e29b1a8efbd4b44bb3f3716e73f07ff - Path: Packages/com.unity.ugui/Runtime/UGUI/UI/Core/Button.cs - Importer: ScriptedImporter/UnityEditor.QuickSearchModule:UnityEditor.Search:ASIAI0B' with importer (ScriptedImporter : UnityEditor.QuickSearchModule:UnityEditor.Search:ASIAI0B)
Imported 'GUID: 4e29b1a8efbd4b44bb3f3716e73f07ff' -> (Import Result ID: '40144564b563ee635b7d9f10318b51eb') in 0.007 seconds [static and dynamic dependencies]. Details - ImportResultOutputID=562be9c4f2db99878bb4ae5157a8ab96 DependenciesID=6661bc42cc04db15a2252c3541a19204 StaticDependenciesID=301f58a894ca5eaa43ed1202a41c7338 
Number of updated asset objects reloaded before import = 0
Number of asset objects unloaded after import = 0
========================================================================
Received Import Request.
  Time of request: 2026-09-22T00:46:11.163515Z
  Time since last request: 0.001116667 seconds.
  importAddress: GUID: 35ff0937876540d3bd4b6a941df62a92 - Path: Packages/com.unity.ugui/Editor Resources/Textures/btn_AlignCenterGeo_Light.psd - Importer: ScriptedImporter/UnityEditor.QuickSearchModule:UnityEditor.Search:ASIAI0B
Importing 'GUID: 35ff0937876540d3bd4b6a941df62a92 - Path: Packages/com.unity.ugui/Editor Resources/Textures/btn_AlignCenterGeo_Light.psd - Importer: ScriptedImporter/UnityEditor.QuickSearchModule:UnityEditor.Search:ASIAI0B' with importer (ScriptedImporter : UnityEditor.QuickSearchModule:UnityEditor.Search:ASIAI0B)
Imported 'GUID: 35ff0937876540d3bd4b6a941df62a92' -> (Import Result ID: '8f8ac2b9685ca8a51aba6d630359956d') in 0.011 seconds [static and dynamic dependencies]. Details - ImportResultOutputID=ee4f4d2e17ae49e03fee8a6130c47556 DependenciesID=b3a1f123784f522c8d05aee4cb1e8aea StaticDependenciesID=49cffeeab088a82b4868f141f13153ab 
Number of updated asset objects reloaded before import = 0
Number of asset objects unloaded after import = 1
========================================================================
Received Import Request.
  Time of request: 2026-09-22T00:46:11.175796Z
  Time since last request: 0.000685166 seconds.
  importAddress: GUID: eb7e44c5cec24463ab95d52834898a3b - Path: Packages/com.unity.ugui/Tests/Runtime/UGUI/RawImage - Importer: ScriptedImporter/UnityEditor.QuickSearchModule:UnityEditor.Search:ASIAI0B
Importing 'GUID: eb7e44c5cec24463ab95d52834898a3b - Path: Packages/com.unity.ugui/Tests/Runtime/UGUI/RawImage - Importer: ScriptedImporter/UnityEditor.QuickSearchModule:UnityEditor.Search:ASIAI0B' with importer (ScriptedImporter : UnityEditor.QuickSearchModule:UnityEditor.Search:ASIAI0B)
Imported 'GUID: eb7e44c5cec24463ab95d52834898a3b' -> (Import Result ID: 'fc7e897db4caf0d2045296737da4c660') in 0.003 seconds [static and dynamic dependencies]. Details - ImportResultOutputID=5ac7de9781eeb9fb3d50fb97b9b6cd04 DependenciesID=054e8931d2b04cd3ea34a2b50ee04dd4 StaticDependenciesID=6aa780fafa4ce08357e438d6e263b21c 
Number of updated asset objects reloaded before import = 0
Number of asset objects unloaded after import = 1
========================================================================
Received Import Request.
  Time of request: 2026-09-22T00:46:11.179858Z
  Time since last request: 0.000755375 seconds.
  importAddress: GUID: fae3ac1997e164d1eba5fa5c417cbefd - Path: Packages/com.unity.ugui/Tests/Editor/UGUI - Importer: ScriptedImporter/UnityEditor.QuickSearchModule:UnityEditor.Search:ASIAI0B
Importing 'GUID: fae3ac1997e164d1eba5fa5c417cbefd - Path: Packages/com.unity.ugui/Tests/Editor/UGUI - Importer: ScriptedImporter/UnityEditor.QuickSearchModule:UnityEditor.Search:ASIAI0B' with importer (ScriptedImporter : UnityEditor.QuickSearchModule:UnityEditor.Search:ASIAI0B)
Imported 'GUID: fae3ac1997e164d1eba5fa5c417cbefd' -> (Import Result ID: '5a668235f7af6677c4e7c5be0df7ebe0') in 0.004 seconds [static and dynamic dependencies]. Details - ImportResultOutputID=641752335c7d9c586bc8b4d4458d8c49 DependenciesID=9a1a1a6c4cc67058f760d6db827a0f93 StaticDependenciesID=b5d286ca0e8710cc95073fd11a5e4a8a 
Number of updated asset objects reloaded before import = 0
Number of asset objects unloaded after import = 1
========================================================================
Received Import Request.
  Time of request: 2026-09-22T00:46:11.187572Z
  Time since last request: 0.003119125 seconds.
  importAddress: GUID: f867743975592a743a3581ff042bcc25 - Path: Packages/com.unity.ugui/Editor/UGUI/UI/MenuOptions.cs - Importer: ScriptedImporter/UnityEditor.QuickSearchModule:UnityEditor.Search:ASIAI0B
Importing 'GUID: f867743975592a743a3581ff042bcc25 - Path: Packages/com.unity.ugui/Editor/UGUI/UI/MenuOptions.cs - Importer: ScriptedImporter/UnityEditor.QuickSearchModule:UnityEditor.Search:ASIAI0B' with importer (ScriptedImporter : UnityEditor.QuickSearchModule:UnityEditor.Search:ASIAI0B)
Imported 'GUID: f867743975592a743a3581ff042bcc25' -> (Import Result ID: '0d01166e9c0cd7a6ca85462581044428') in 0.003 seconds [static and dynamic dependencies]. Details - ImportResultOutputID=61bf6c1c49ecc20a5e47b90b6fc638da DependenciesID=f01f85fd8808f5d4b342307a17dc28e0 StaticDependenciesID=bd27c1392ae226fe75a9b3ffe87c633d 
Number of updated asset objects reloaded before import = 0
Number of asset objects unloaded after import = 0
========================================================================
Received Import Request.
  Time of request: 2026-09-22T00:46:11.191782Z
  Time since last request: 0.000740084 seconds.
  importAddress: GUID: 3550d8ec6f29ab34d895ae9a43d560c2 - Path: Packages/com.unity.ugui/Runtime/UGUI/EventSystem/RaycastResult.cs - Importer: ScriptedImporter/UnityEditor.QuickSearchModule:UnityEditor.Search:ASIAI0B
Importing 'GUID: 3550d8ec6f29ab34d895ae9a43d560c2 - Path: Packages/com.unity.ugui/Runtime/UGUI/EventSystem/RaycastResult.cs - Importer: ScriptedImporter/UnityEditor.QuickSearchModule:UnityEditor.Search:ASIAI0B' with importer (ScriptedImporter : UnityEditor.QuickSearchModule:UnityEditor.Search:ASIAI0B)
Imported 'GUID: 3550d8ec6f29ab34d895ae9a43d560c2' -> (Import Result ID: 'f3c19bb8c47aef9476b077e3815a31e4') in 0.003 seconds [static and dynamic dependencies]. Details - ImportResultOutputID=5cd4e9047e9a9b34df088a069388eef7 DependenciesID=dd89fdd63b5308ca108266d42d1ee192 StaticDependenciesID=a7c9e25175676743e937436cb5e6f788 
Number of updated asset objects reloaded before import = 0
Number of asset objects unloaded after import = 0
========================================================================
Received Import Request.
  Time of request: 2026-09-22T00:46:11.196825Z
  Time since last request: 0.002068834 seconds.
  importAddress: GUID: 8a8695521f0d02e499659fee002a26c2 - Path: Packages/com.unity.ugui/Runtime/UGUI/UI/Core/Layout/GridLayoutGroup.cs - Importer: ScriptedImporter/UnityEditor.QuickSearchModule:UnityEditor.Search:ASIAI0B
Importing 'GUID: 8a8695521f0d02e499659fee002a26c2 - Path: Packages/com.unity.ugui/Runtime/UGUI/UI/Core/Layout/GridLayoutGroup.cs - Importer: ScriptedImporter/UnityEditor.QuickSearchModule:UnityEditor.Search:ASIAI0B' with importer (ScriptedImporter : UnityEditor.QuickSearchModule:UnityEditor.Search:ASIAI0B)
Imported 'GUID: 8a8695521f0d02e499659fee002a26c2' -> (Import Result ID: '8896c906382202233b6f0efbeeace90e') in 0.005 seconds [static and dynamic dependencies]. Details - ImportResultOutputID=b51f85206af0a014de86d545a952b6eb DependenciesID=642092bbd816115200666acb98e7c141 StaticDependenciesID=c741e740c26658bba1d94faf31ed7613 
Number of updated asset objects reloaded before import = 0
Number of asset objects unloaded after import = 0
========================================================================
Received Import Request.
  Time of request: 2026-09-22T00:46:11.20484Z
  Time since last request: 0.002962125 seconds.
  importAddress: GUID: 3bda1886f58f4e0ab1139400b160c3ee - Path: Packages/com.unity.ugui/Runtime/TMP/TMP_Asset.cs - Importer: ScriptedImporter/UnityEditor.QuickSearchModule:UnityEditor.Search:ASIAI0B
Importing 'GUID: 3bda1886f58f4e0ab1139400b160c3ee - Path: Packages/com.unity.ugui/Runtime/TMP/TMP_Asset.cs - Importer: ScriptedImporter/UnityEditor.QuickSearchModule:UnityEditor.Search:ASIAI0B' with importer (ScriptedImporter : UnityEditor.QuickSearchModule:UnityEditor.Search:ASIAI0B)
Imported 'GUID: 3bda1886f58f4e0ab1139400b160c3ee' -> (Import Result ID: '49498a2e24817011d28a69db0fc11b3b') in 0.003 seconds [static and dynamic dependencies]. Details - ImportResultOutputID=7da2faa4e33a6b0b534d31a792a60059 DependenciesID=0c56815cce2da0df3d3c0cc5fb14e9a8 StaticDependenciesID=37550e59ef2f7a650ab49ea71bc75af9 
Number of updated asset objects reloaded before import = 0
Number of asset objects unloaded after import = 0
========================================================================
Received Import Request.
  Time of request: 2026-09-22T00:46:11.209058Z
  Time since last request: 0.0015455 seconds.
  importAddress: GUID: e4e0b1de1aee400d81ed4273141e7823 - Path: Packages/com.unity.ugui/Runtime/TMP/TMP_SpriteAssetImportFormats.cs - Importer: ScriptedImporter/UnityEditor.QuickSearchModule:UnityEditor.Search:ASIAI0B
Importing 'GUID: e4e0b1de1aee400d81ed4273141e7823 - Path: Packages/com.unity.ugui/Runtime/TMP/TMP_SpriteAssetImportFormats.cs - Importer: ScriptedImporter/UnityEditor.QuickSearchModule:UnityEditor.Search:ASIAI0B' with importer (ScriptedImporter : UnityEditor.QuickSearchModule:UnityEditor.Search:ASIAI0B)
Imported 'GUID: e4e0b1de1aee400d81ed4273141e7823' -> (Import Result ID: '273507c3e39d1cd6d3bd73ba111aee11') in 0.003 seconds [static and dynamic dependencies]. Details - ImportResultOutputID=b0da960884a0c91b6fd61716d8f950e4 DependenciesID=49a4da8cbb3aa0ace70df151962b5207 StaticDependenciesID=6aeefa3ff2b0a932d19b2b953dfa444b 
Number of updated asset objects reloaded before import = 0
Number of asset objects unloaded after import = 0
========================================================================
Received Import Request.
  Time of request: 2026-09-22T00:46:11.214158Z
  Time since last request: 0.001472042 seconds.
  importAddress: GUID: aca0de4e74f6cdf41a449805f345a4f5 - Path: Packages/com.unity.ugui/Tests/Runtime/UGUI/Graphic/NavigationTests.cs - Importer: ScriptedImporter/UnityEditor.QuickSearchModule:UnityEditor.Search:ASIAI0B
Importing 'GUID: aca0de4e74f6cdf41a449805f345a4f5 - Path: Packages/com.unity.ugui/Tests/Runtime/UGUI/Graphic/NavigationTests.cs - Importer: ScriptedImporter/UnityEditor.QuickSearchModule:UnityEditor.Search:ASIAI0B' with importer (ScriptedImporter : UnityEditor.QuickSearchModule:UnityEditor.Search:ASIAI0B)
Imported 'GUID: aca0de4e74f6cdf41a449805f345a4f5' -> (Import Result ID: '252ba3ee8539e1c4160ce9b0823c84b0') in 0.007 seconds [static and dynamic dependencies]. Details - ImportResultOutputID=03e553f46793009b2f0d257d1fc17483 DependenciesID=6fc9dd13f18315c5e546bfb0687707ea StaticDependenciesID=a3f28d364810894e57812ab650d915d3 
Number of updated asset objects reloaded before import = 0
Number of asset objects unloaded after import = 0
========================================================================
Received Import Request.
  Time of request: 2026-09-22T00:46:11.222089Z
  Time since last request: 0.000815958 seconds.
  importAddress: GUID: bede4033d9f359b41878c4cda6a910b3 - Path: Packages/com.unity.ugui/Tests/Editor/UGUI/Canvas/AssertionFailureOnOutputVertexCount.cs - Importer: ScriptedImporter/UnityEditor.QuickSearchModule:UnityEditor.Search:ASIAI0B
Importing 'GUID: bede4033d9f359b41878c4cda6a910b3 - Path: Packages/com.unity.ugui/Tests/Editor/UGUI/Canvas/AssertionFailureOnOutputVertexCount.cs - Importer: ScriptedImporter/UnityEditor.QuickSearchModule:UnityEditor.Search:ASIAI0B' with importer (ScriptedImporter : UnityEditor.QuickSearchModule:UnityEditor.Search:ASIAI0B)
Imported 'GUID: bede4033d9f359b41878c4cda6a910b3' -> (Import Result ID: '1337528078dbe36e1b82614cf0bc24f6') in 0.005 seconds [static and dynamic dependencies]. Details - ImportResultOutputID=21e4a4404ccc43ccd0161efceea9b588 DependenciesID=1c8391e5d30f502b7bf00e205a149f7a StaticDependenciesID=898d0a7a21a1970037b2a8c0c69f3fd1 
Number of updated asset objects reloaded before import = 0
Number of asset objects unloaded after import = 0
========================================================================
Received Import Request.
  Time of request: 2026-09-22T00:46:11.228155Z
  Time since last request: 0.000735709 seconds.
  importAddress: GUID: 6f72aa6eab9392548b9e9d92eb6b2ef8 - Path: Packages/com.unity.ugui/Editor/UGUI/EventSystem/EventSystemEditor.cs - Importer: ScriptedImporter/UnityEditor.QuickSearchModule:UnityEditor.Search:ASIAI0B
Importing 'GUID: 6f72aa6eab9392548b9e9d92eb6b2ef8 - Path: Packages/com.unity.ugui/Editor/UGUI/EventSystem/EventSystemEditor.cs - Importer: ScriptedImporter/UnityEditor.QuickSearchModule:UnityEditor.Search:ASIAI0B' with importer (ScriptedImporter : UnityEditor.QuickSearchModule:UnityEditor.Search:ASIAI0B)
Imported 'GUID: 6f72aa6eab9392548b9e9d92eb6b2ef8' -> (Import Result ID: '4e4fc32081e71b2f194b43654957f010') in 0.002 seconds [static and dynamic dependencies]. Details - ImportResultOutputID=2c218c2047f692d3301c1755873d0628 DependenciesID=10f97ca91a9a4d2625b9a13ecb0b5e70 StaticDependenciesID=56688beacff288eafe50927f19e0b8cc 
Number of updated asset objects reloaded before import = 0
Number of asset objects unloaded after import = 0
========================================================================
Received Import Request.
  Time of request: 2026-09-22T00:46:11.232314Z
  Time since last request: 0.001049625 seconds.
  importAddress: GUID: e0ae6629cc70b514889df37fccb76832 - Path: Packages/com.unity.ugui/README.md - Importer: ScriptedImporter/UnityEditor.QuickSearchModule:UnityEditor.Search:ASIAI0B
Importing 'GUID: e0ae6629cc70b514889df37fccb76832 - Path: Packages/com.unity.ugui/README.md - Importer: ScriptedImporter/UnityEditor.QuickSearchModule:UnityEditor.Search:ASIAI0B' with importer (ScriptedImporter : UnityEditor.QuickSearchModule:UnityEditor.Search:ASIAI0B)
Imported 'GUID: e0ae6629cc70b514889df37fccb76832' -> (Import Result ID: '142ad272e3221cec585cc250a1310e4b') in 0.005 seconds [static and dynamic dependencies]. Details - ImportResultOutputID=08a414689ec048fa5c3d1116206ae6fa DependenciesID=50d45a8136a37b23bcea1864b59a25e8 StaticDependenciesID=5dbc506ffa257804035488389aa52915 
Number of updated asset objects reloaded before import = 0
Number of asset objects unloaded after import = 1
========================================================================
Received Import Request.
  Time of request: 2026-09-22T00:46:11.239257Z
  Time since last request: 0.001570125 seconds.
  importAddress: GUID: be1b04bc4d8a415469493848e6501020 - Path: Packages/com.unity.ugui/Tests/Runtime/UGUI/Layout/AspectRatioFitterTests.cs - Importer: ScriptedImporter/UnityEditor.QuickSearchModule:UnityEditor.Search:ASIAI0B
Importing 'GUID: be1b04bc4d8a415469493848e6501020 - Path: Packages/com.unity.ugui/Tests/Runtime/UGUI/Layout/AspectRatioFitterTests.cs - Importer: ScriptedImporter/UnityEditor.QuickSearchModule:UnityEditor.Search:ASIAI0B' with importer (ScriptedImporter : UnityEditor.QuickSearchModule:UnityEditor.Search:ASIAI0B)
Imported 'GUID: be1b04bc4d8a415469493848e6501020' -> (Import Result ID: 'e8fc516652a015fe49da980f31b0225d') in 0.004 seconds [static and dynamic dependencies]. Details - ImportResultOutputID=0cfcd0f0ce504ed76bdd405cdc3a7173 DependenciesID=07b6a0bc081ea8639dc14fed823301b3 StaticDependenciesID=64955a10e97aa594706fc410c3075c8d 
Number of updated asset objects reloaded before import = 0
Number of asset objects unloaded after import = 0
========================================================================
Received Import Request.
  Time of request: 2026-09-22T00:46:11.244315Z
  Time since last request: 0.001378291 seconds.
  importAddress: GUID: bb42b2d967d6427983c901a4ffc8ecd9 - Path: Packages/com.unity.ugui/Editor Resources/Textures/btn_AlignMidline_Light.psd - Importer: ScriptedImporter/UnityEditor.QuickSearchModule:UnityEditor.Search:ASIAI0B
Importing 'GUID: bb42b2d967d6427983c901a4ffc8ecd9 - Path: Packages/com.unity.ugui/Editor Resources/Textures/btn_AlignMidline_Light.psd - Importer: ScriptedImporter/UnityEditor.QuickSearchModule:UnityEditor.Search:ASIAI0B' with importer (ScriptedImporter : UnityEditor.QuickSearchModule:UnityEditor.Search:ASIAI0B)
Imported 'GUID: bb42b2d967d6427983c901a4ffc8ecd9' -> (Import Result ID: 'cb973aba098ba9f651efc05736f4cac2') in 0.012 seconds [static and dynamic dependencies]. Details - ImportResultOutputID=53367c0e6ee03f27693d0f2bddc7e3cb DependenciesID=75c2f0e4be879b89931ca8f0c929eaf5 StaticDependenciesID=31637b4c72b7ed0a730d8758f466300e 
Number of updated asset objects reloaded before import = 0
Number of asset objects unloaded after import = 1
========================================================================
Received Import Request.
  Time of request: 2026-09-22T00:46:11.259815Z
  Time since last request: 0.003001416 seconds.
  importAddress: GUID: 8a4b6301a5afaec4cb87d21383ceb0b3 - Path: Packages/com.unity.ugui/Tests/Runtime/UGUI/Layout/VerticalLayoutGroupTests.cs - Importer: ScriptedImporter/UnityEditor.QuickSearchModule:UnityEditor.Search:ASIAI0B
Importing 'GUID: 8a4b6301a5afaec4cb87d21383ceb0b3 - Path: Packages/com.unity.ugui/Tests/Runtime/UGUI/Layout/VerticalLayoutGroupTests.cs - Importer: ScriptedImporter/UnityEditor.QuickSearchModule:UnityEditor.Search:ASIAI0B' with importer (ScriptedImporter : UnityEditor.QuickSearchModule:UnityEditor.Search:ASIAI0B)
Imported 'GUID: 8a4b6301a5afaec4cb87d21383ceb0b3' -> (Import Result ID: '3e58950aa59d2778cf41f7b1b3c7bc45') in 0.004 seconds [static and dynamic dependencies]. Details - ImportResultOutputID=bb767c18549e9b14819eb4f049cb2221 DependenciesID=5f9767562220d20f769824e1033ad8cc StaticDependenciesID=9e99e60f0a57b8223f27cd9503c1e94c 
Number of updated asset objects reloaded before import = 0
Number of asset objects unloaded after import = 0
========================================================================
Received Import Request.
  Time of request: 2026-09-22T00:46:11.266326Z
  Time since last request: 0.002095875 seconds.
  importAddress: GUID: 77476292f9fa4905a787e6417853846b - Path: Packages/com.unity.ugui/Runtime/TMP/TMPro_ExtensionMethods.cs - Importer: ScriptedImporter/UnityEditor.QuickSearchModule:UnityEditor.Search:ASIAI0B
Importing 'GUID: 77476292f9fa4905a787e6417853846b - Path: Packages/com.unity.ugui/Runtime/TMP/TMPro_ExtensionMethods.cs - Importer: ScriptedImporter/UnityEditor.QuickSearchModule:UnityEditor.Search:ASIAI0B' with importer (ScriptedImporter : UnityEditor.QuickSearchModule:UnityEditor.Search:ASIAI0B)
Imported 'GUID: 77476292f9fa4905a787e6417853846b' -> (Import Result ID: '74228bd2eb35eceb053b667cb0f77cd7') in 0.006 seconds [static and dynamic dependencies]. Details - ImportResultOutputID=da8c8363bf575c6c2f1a543c19665da3 DependenciesID=71f1506668b782d3b129ce63156ba560 StaticDependenciesID=4c8dd2c470eb2f1f6904544762aa78c5 
Number of updated asset objects reloaded before import = 0
Number of asset objects unloaded after import = 0
========================================================================
Received Import Request.
  Time of request: 2026-09-22T00:46:11.277757Z
  Time since last request: 0.005562792 seconds.
  importAddress: GUID: 0386b6eb838c47138cd51d1c1b879a35 - Path: Packages/com.unity.ugui/Editor/TMP/TMP_SettingsEditor.cs - Importer: ScriptedImporter/UnityEditor.QuickSearchModule:UnityEditor.Search:ASIAI0B
Importing 'GUID: 0386b6eb838c47138cd51d1c1b879a35 - Path: Packages/com.unity.ugui/Editor/TMP/TMP_SettingsEditor.cs - Importer: ScriptedImporter/UnityEditor.QuickSearchModule:UnityEditor.Search:ASIAI0B' with importer (ScriptedImporter : UnityEditor.QuickSearchModule:UnityEditor.Search:ASIAI0B)
Imported 'GUID: 0386b6eb838c47138cd51d1c1b879a35' -> (Import Result ID: '4e5ee00f9bdb2cd44eb39327d37fccbd') in 0.012 seconds [static and dynamic dependencies]. Details - ImportResultOutputID=96972898414e590585f2a2324b9fe905 DependenciesID=7a820e9c74820acc946051404f29ac60 StaticDependenciesID=202a6ba798f4d05ffc798c6116d7b578 
Number of updated asset objects reloaded before import = 0
Number of asset objects unloaded after import = 0
========================================================================
Received Import Request.
  Time of request: 2026-09-22T00:46:11.292324Z
  Time since last request: 0.001953542 seconds.
  importAddress: GUID: b09be1f217d34247af54863a2f5587e1 - Path: Packages/com.unity.ugui/Editor/TMP/TMP_SpriteAssetEditor.cs - Importer: ScriptedImporter/UnityEditor.QuickSearchModule:UnityEditor.Search:ASIAI0B
Importing 'GUID: b09be1f217d34247af54863a2f5587e1 - Path: Packages/com.unity.ugui/Editor/TMP/TMP_SpriteAssetEditor.cs - Importer: ScriptedImporter/UnityEditor.QuickSearchModule:UnityEditor.Search:ASIAI0B' with importer (ScriptedImporter : UnityEditor.QuickSearchModule:UnityEditor.Search:ASIAI0B)
Imported 'GUID: b09be1f217d34247af54863a2f5587e1' -> (Import Result ID: 'bcaa930727e4a9d27a83a4b273cfd318') in 0.003 seconds [static and dynamic dependencies]. Details - ImportResultOutputID=8d9cb6b30b46124bdeb4b7476e241a5d DependenciesID=79953ab17e1a49e4349bed50d8e0691c StaticDependenciesID=896f8a7dd72520f3ce1e3b86d46b9f38 
Number of updated asset objects reloaded before import = 0
Number of asset objects unloaded after import = 0
========================================================================
Received Import Request.
  Time of request: 2026-09-22T00:46:11.29796Z
  Time since last request: 0.00248275 seconds.
  importAddress: GUID: 065a7fcf0d7286d418f3114ec18d1a2d - Path: Packages/com.unity.ugui/Editor/TMP/PropertyDrawers/TMP_MarkToBaseAdjustmentRecordPropertyDrawer.cs - Importer: ScriptedImporter/UnityEditor.QuickSearchModule:UnityEditor.Search:ASIAI0B
Importing 'GUID: 065a7fcf0d7286d418f3114ec18d1a2d - Path: Packages/com.unity.ugui/Editor/TMP/PropertyDrawers/TMP_MarkToBaseAdjustmentRecordPropertyDrawer.cs - Importer: ScriptedImporter/UnityEditor.QuickSearchModule:UnityEditor.Search:ASIAI0B' with importer (ScriptedImporter : UnityEditor.QuickSearchModule:UnityEditor.Search:ASIAI0B)
Imported 'GUID: 065a7fcf0d7286d418f3114ec18d1a2d' -> (Import Result ID: '1a83efccedaf516e44f1de019911e202') in 0.003 seconds [static and dynamic dependencies]. Details - ImportResultOutputID=ef7a19f523d5c6da2516822eef517344 DependenciesID=4913fc3a286742269cdbde1abfe2ccc6 StaticDependenciesID=5826d58000fa0388091654b2150cd623 
Number of updated asset objects reloaded before import = 0
Number of asset objects unloaded after import = 0
========================================================================
Received Import Request.
  Time of request: 2026-09-22T00:46:11.302222Z
  Time since last request: 0.000655333 seconds.
  importAddress: GUID: 592f7288ed0df2c4b884e2cd9baac023 - Path: Packages/com.unity.ugui/Tests/Editor/TMP/TMP_EditorTests.cs - Importer: ScriptedImporter/UnityEditor.QuickSearchModule:UnityEditor.Search:ASIAI0B
Importing 'GUID: 592f7288ed0df2c4b884e2cd9baac023 - Path: Packages/com.unity.ugui/Tests/Editor/TMP/TMP_EditorTests.cs - Importer: ScriptedImporter/UnityEditor.QuickSearchModule:UnityEditor.Search:ASIAI0B' with importer (ScriptedImporter : UnityEditor.QuickSearchModule:UnityEditor.Search:ASIAI0B)
Imported 'GUID: 592f7288ed0df2c4b884e2cd9baac023' -> (Import Result ID: '015422be6e0bbd7cf38966e2bdd337c4') in 0.003 seconds [static and dynamic dependencies]. Details - ImportResultOutputID=5d35a6cbb6f45c5fd7483cb2010fd3a6 DependenciesID=677e07eae8557bd4325f238aa9d7ced8 StaticDependenciesID=bd36cf8f7b9278dbffb345c271170eed 
Number of updated asset objects reloaded before import = 0
Number of asset objects unloaded after import = 0
========================================================================
Received Import Request.
  Time of request: 2026-09-22T00:46:11.306392Z
  Time since last request: 0.001071917 seconds.
  importAddress: GUID: 0e0afa652c0031c48896a97b424d027b - Path: Packages/com.unity.ugui/PackageConversionData_Assets.json - Importer: ScriptedImporter/UnityEditor.QuickSearchModule:UnityEditor.Search:ASIAI0B
Importing 'GUID: 0e0afa652c0031c48896a97b424d027b - Path: Packages/com.unity.ugui/PackageConversionData_Assets.json - Importer: ScriptedImporter/UnityEditor.QuickSearchModule:UnityEditor.Search:ASIAI0B' with importer (ScriptedImporter : UnityEditor.QuickSearchModule:UnityEditor.Search:ASIAI0B)
Imported 'GUID: 0e0afa652c0031c48896a97b424d027b' -> (Import Result ID: '74af88ef5dfc5f1791265aedd7200c76') in 0.003 seconds [static and dynamic dependencies]. Details - ImportResultOutputID=e6e2d1c276fb663d7d1466ce197d19ce DependenciesID=8b578b3910036f40a7bd7dd08b9e404a StaticDependenciesID=fcd717134c09be50ac32493eec26aa3d 
Number of updated asset objects reloaded before import = 0
Number of asset objects unloaded after import = 1
========================================================================
Received Import Request.
  Time of request: 2026-09-22T00:46:11.310208Z
  Time since last request: 0.0004855 seconds.
  importAddress: GUID: 056819c66570ca54cadb72330a354050 - Path: Packages/com.unity.ugui/Editor/TMP/PropertyDrawers/TMP_SpriteGlyphPropertyDrawer.cs - Importer: ScriptedImporter/UnityEditor.QuickSearchModule:UnityEditor.Search:ASIAI0B
Importing 'GUID: 056819c66570ca54cadb72330a354050 - Path: Packages/com.unity.ugui/Editor/TMP/PropertyDrawers/TMP_SpriteGlyphPropertyDrawer.cs - Importer: ScriptedImporter/UnityEditor.QuickSearchModule:UnityEditor.Search:ASIAI0B' with importer (ScriptedImporter : UnityEditor.QuickSearchModule:UnityEditor.Search:ASIAI0B)
Imported 'GUID: 056819c66570ca54cadb72330a354050' -> (Import Result ID: 'fee7bfd46deb04f4efc3078869d72fdc') in 0.002 seconds [static and dynamic dependencies]. Details - ImportResultOutputID=cad5c47a4dc97b221b41941b9c48b6da DependenciesID=bbe0749419fbc163d69e9fb9da9d55b0 StaticDependenciesID=70e20afd2b0052e25f466b65af690d4b 
Number of updated asset objects reloaded before import = 0
Number of asset objects unloaded after import = 0
========================================================================
Received Import Request.
  Time of request: 2026-09-22T00:46:11.313568Z
  Time since last request: 0.000749584 seconds.
  importAddress: GUID: 39ab466162988eb4f83443f911bbf5c8 - Path: Packages/com.unity.ugui/Runtime/UGUI/UI/Core/FontUpdateTracker.cs - Importer: ScriptedImporter/UnityEditor.QuickSearchModule:UnityEditor.Search:ASIAI0B
Importing 'GUID: 39ab466162988eb4f83443f911bbf5c8 - Path: Packages/com.unity.ugui/Runtime/UGUI/UI/Core/FontUpdateTracker.cs - Importer: ScriptedImporter/UnityEditor.QuickSearchModule:UnityEditor.Search:ASIAI0B' with importer (ScriptedImporter : UnityEditor.QuickSearchModule:UnityEditor.Search:ASIAI0B)
Imported 'GUID: 39ab466162988eb4f83443f911bbf5c8' -> (Import Result ID: '6849964ab6952cf0378a8a62a5892071') in 0.003 seconds [static and dynamic dependencies]. Details - ImportResultOutputID=e8c3e3d675f74035d4f7f22a24160aa9 DependenciesID=98923f23954b12e1ea3a2fca52413eec StaticDependenciesID=718715ee5a302bc4414546078bd32135 
Number of updated asset objects reloaded before import = 0
Number of asset objects unloaded after import = 0
========================================================================
Received Import Request.
  Time of request: 2026-09-22T00:46:11.317337Z
  Time since last request: 0.000732417 seconds.
  importAddress: GUID: 7be84a49bb2cd7e4a9ed097ba22794d0 - Path: Packages/com.unity.ugui/Runtime/UGUI/UI/Animation/CoroutineTween.cs - Importer: ScriptedImporter/UnityEditor.QuickSearchModule:UnityEditor.Search:ASIAI0B
Importing 'GUID: 7be84a49bb2cd7e4a9ed097ba22794d0 - Path: Packages/com.unity.ugui/Runtime/UGUI/UI/Animation/CoroutineTween.cs - Importer: ScriptedImporter/UnityEditor.QuickSearchModule:UnityEditor.Search:ASIAI0B' with importer (ScriptedImporter : UnityEditor.QuickSearchModule:UnityEditor.Search:ASIAI0B)
Imported 'GUID: 7be84a49bb2cd7e4a9ed097ba22794d0' -> (Import Result ID: '48d3f1e4d979d38134e4d1ebbf5936e5') in 0.003 seconds [static and dynamic dependencies]. Details - ImportResultOutputID=4f015dbf4770148d6af8f18335c6fd18 DependenciesID=b075bfef18f2c586d74a65c1bd45ceb5 StaticDependenciesID=9eb2741f20c83d41a7fbeeb805b2dc4b 
Number of updated asset objects reloaded before import = 0
Number of asset objects unloaded after import = 0
========================================================================
Received Import Request.
  Time of request: 2026-09-22T00:46:11.322272Z
  Time since last request: 0.001280625 seconds.
  importAddress: GUID: 806de5a9211448c8b65c8435ebb48dd4 - Path: Packages/com.unity.ugui/Editor/TMP/TMP_BitmapShaderGUI.cs - Importer: ScriptedImporter/UnityEditor.QuickSearchModule:UnityEditor.Search:ASIAI0B
Importing 'GUID: 806de5a9211448c8b65c8435ebb48dd4 - Path: Packages/com.unity.ugui/Editor/TMP/TMP_BitmapShaderGUI.cs - Importer: ScriptedImporter/UnityEditor.QuickSearchModule:UnityEditor.Search:ASIAI0B' with importer (ScriptedImporter : UnityEditor.QuickSearchModule:UnityEditor.Search:ASIAI0B)
Imported 'GUID: 806de5a9211448c8b65c8435ebb48dd4' -> (Import Result ID: 'e2682d72d0ed1cb0f3ff80577d17da85') in 0.002 seconds [static and dynamic dependencies]. Details - ImportResultOutputID=71c25e911eec4602ecada7de6338dcfc DependenciesID=4797ea3ec8a41a3bbe8fab4f4b5824e9 StaticDependenciesID=dc5dd402e1b2b79d03eee0872c5bf999 
Number of updated asset objects reloaded before import = 0
Number of asset objects unloaded after import = 0
========================================================================
Received Import Request.
  Time of request: 2026-09-22T00:46:11.325609Z
  Time since last request: 0.000690084 seconds.
  importAddress: GUID: aa76955fe5bb44f7915d91db8c7043c4 - Path: Packages/com.unity.ugui/Editor/TMP/TMPro_EditorShaderUtilities.cs - Importer: ScriptedImporter/UnityEditor.QuickSearchModule:UnityEditor.Search:ASIAI0B
Importing 'GUID: aa76955fe5bb44f7915d91db8c7043c4 - Path: Packages/com.unity.ugui/Editor/TMP/TMPro_EditorShaderUtilities.cs - Importer: ScriptedImporter/UnityEditor.QuickSearchModule:UnityEditor.Search:ASIAI0B' with importer (ScriptedImporter : UnityEditor.QuickSearchModule:UnityEditor.Search:ASIAI0B)
Imported 'GUID: aa76955fe5bb44f7915d91db8c7043c4' -> (Import Result ID: '5edd6f6365f8cca29d353d4986d0b2d5') in 0.005 seconds [static and dynamic dependencies]. Details - ImportResultOutputID=2fee5ac7d611923920f465796608aaf2 DependenciesID=186559dcd982e0c5fef5186f94e093ea StaticDependenciesID=bdfaad36baf9fadea2791194bc7b83d9 
Number of updated asset objects reloaded before import = 0
Number of asset objects unloaded after import = 0
========================================================================
Received Import Request.
  Time of request: 2026-09-22T00:46:11.331191Z
  Time since last request: 0.000602041 seconds.
  importAddress: GUID: 2d49b7c1bcd2e07499844da127be038d - Path: Packages/com.unity.ugui/Runtime/UGUI/EventSystem/InputModules/TouchInputModule.cs - Importer: ScriptedImporter/UnityEditor.QuickSearchModule:UnityEditor.Search:ASIAI0B
Importing 'GUID: 2d49b7c1bcd2e07499844da127be038d - Path: Packages/com.unity.ugui/Runtime/UGUI/EventSystem/InputModules/TouchInputModule.cs - Importer: ScriptedImporter/UnityEditor.QuickSearchModule:UnityEditor.Search:ASIAI0B' with importer (ScriptedImporter : UnityEditor.QuickSearchModule:UnityEditor.Search:ASIAI0B)
Imported 'GUID: 2d49b7c1bcd2e07499844da127be038d' -> (Import Result ID: '96ed9b5553b842f24ffc2d5bc45a2464') in 0.004 seconds [static and dynamic dependencies]. Details - ImportResultOutputID=77087f428a390f3b0a6ddb1cde08d7dd DependenciesID=3eba6b59fec21a00702645922ede0d60 StaticDependenciesID=4854f96a2d318bae08cb8b7bfc857cac 
Number of updated asset objects reloaded before import = 0
Number of asset objects unloaded after import = 0
========================================================================
Received Import Request.
  Time of request: 2026-09-22T00:46:11.336387Z
  Time since last request: 0.000533084 seconds.
  importAddress: GUID: 6ad632cbcc87f634d9b86006cdffdaf5 - Path: Packages/com.unity.ugui/Runtime/TMP/TMP_TextParsingUtilities.cs - Importer: ScriptedImporter/UnityEditor.QuickSearchModule:UnityEditor.Search:ASIAI0B
Importing 'GUID: 6ad632cbcc87f634d9b86006cdffdaf5 - Path: Packages/com.unity.ugui/Runtime/TMP/TMP_TextParsingUtilities.cs - Importer: ScriptedImporter/UnityEditor.QuickSearchModule:UnityEditor.Search:ASIAI0B' with importer (ScriptedImporter : UnityEditor.QuickSearchModule:UnityEditor.Search:ASIAI0B)
Imported 'GUID: 6ad632cbcc87f634d9b86006cdffdaf5' -> (Import Result ID: '622d631d0f0d834ac657b5f7eca773b6') in 0.003 seconds [static and dynamic dependencies]. Details - ImportResultOutputID=326357b949b13f6948fbbc95707401e9 DependenciesID=84e7092fb0545e2371584870e9e4c8fe StaticDependenciesID=b09c92a296f54a606c92bdc33de66073 
Number of updated asset objects reloaded before import = 0
Number of asset objects unloaded after import = 0
========================================================================
Received Import Request.
  Time of request: 2026-09-22T00:46:11.340709Z
  Time since last request: 0.001532167 seconds.
  importAddress: GUID: 16c6414b77a90ff4098767dce485c495 - Path: Packages/com.unity.ugui/Tests/Runtime/UGUI/InputField/FakeInputModule.cs - Importer: ScriptedImporter/UnityEditor.QuickSearchModule:UnityEditor.Search:ASIAI0B
Importing 'GUID: 16c6414b77a90ff4098767dce485c495 - Path: Packages/com.unity.ugui/Tests/Runtime/UGUI/InputField/FakeInputModule.cs - Importer: ScriptedImporter/UnityEditor.QuickSearchModule:UnityEditor.Search:ASIAI0B' with importer (ScriptedImporter : UnityEditor.QuickSearchModule:UnityEditor.Search:ASIAI0B)
Imported 'GUID: 16c6414b77a90ff4098767dce485c495' -> (Import Result ID: '09633f94e6a4e8bbb571052a1b69181f') in 0.003 seconds [static and dynamic dependencies]. Details - ImportResultOutputID=78fbebb282f3d417f520a424ba6c490c DependenciesID=e8d696d6bbacb023c54c37ac92040ff7 StaticDependenciesID=52ebf8ca54d122b9c9048c6451f12c19 
Number of updated asset objects reloaded before import = 0
Number of asset objects unloaded after import = 0
========================================================================
Received Import Request.
  Time of request: 2026-09-22T00:46:11.344358Z
  Time since last request: 0.000843416 seconds.
  importAddress: GUID: 21364f754cf9b9b47a60742332d4af56 - Path: Packages/com.unity.ugui/Runtime/TMP/TMP_Compatibility.cs - Importer: ScriptedImporter/UnityEditor.QuickSearchModule:UnityEditor.Search:ASIAI0B
Importing 'GUID: 21364f754cf9b9b47a60742332d4af56 - Path: Packages/com.unity.ugui/Runtime/TMP/TMP_Compatibility.cs - Importer: ScriptedImporter/UnityEditor.QuickSearchModule:UnityEditor.Search:ASIAI0B' with importer (ScriptedImporter : UnityEditor.QuickSearchModule:UnityEditor.Search:ASIAI0B)
Imported 'GUID: 21364f754cf9b9b47a60742332d4af56' -> (Import Result ID: 'ea4a07a8b699f45246a5db9888b34fbd') in 0.003 seconds [static and dynamic dependencies]. Details - ImportResultOutputID=3094730723eb2c8775b42b908bb58d07 DependenciesID=7845ed53a975219a5104a401e9249588 StaticDependenciesID=558959639b02d896fb2b5c47b7792b48 
Number of updated asset objects reloaded before import = 0
Number of asset objects unloaded after import = 0
========================================================================
Received Import Request.
  Time of request: 2026-09-22T00:46:11.350286Z
  Time since last request: 0.002335458 seconds.
  importAddress: GUID: 8413ca0e506d42a1a4bd9769f204ad16 - Path: Packages/com.unity.ugui/Editor/TMP/TMP_SDFShaderGUI.cs - Importer: ScriptedImporter/UnityEditor.QuickSearchModule:UnityEditor.Search:ASIAI0B
Importing 'GUID: 8413ca0e506d42a1a4bd9769f204ad16 - Path: Packages/com.unity.ugui/Editor/TMP/TMP_SDFShaderGUI.cs - Importer: ScriptedImporter/UnityEditor.QuickSearchModule:UnityEditor.Search:ASIAI0B' with importer (ScriptedImporter : UnityEditor.QuickSearchModule:UnityEditor.Search:ASIAI0B)
Imported 'GUID: 8413ca0e506d42a1a4bd9769f204ad16' -> (Import Result ID: '787f228a8800b535a5c6fbe61e016132') in 0.004 seconds [static and dynamic dependencies]. Details - ImportResultOutputID=fcdfb2027e042ce88c49a4cf7fa8be72 DependenciesID=b496f3d03bb995c95f01e8d4082b91dd StaticDependenciesID=0f740b29d8d318c085c266d9b587ec7d 
Number of updated asset objects reloaded before import = 0
Number of asset objects unloaded after import = 0
========================================================================
Received Import Request.
  Time of request: 2026-09-22T00:46:11.35502Z
  Time since last request: 0.0006395 seconds.
  importAddress: GUID: 393b15da08c88194dbbcacd6ee15a89c - Path: Packages/com.unity.ugui/Tests/Editor/UGUI/TestBehaviourBase.cs - Importer: ScriptedImporter/UnityEditor.QuickSearchModule:UnityEditor.Search:ASIAI0B
Importing 'GUID: 393b15da08c88194dbbcacd6ee15a89c - Path: Packages/com.unity.ugui/Tests/Editor/UGUI/TestBehaviourBase.cs - Importer: ScriptedImporter/UnityEditor.QuickSearchModule:UnityEditor.Search:ASIAI0B' with importer (ScriptedImporter : UnityEditor.QuickSearchModule:UnityEditor.Search:ASIAI0B)
Imported 'GUID: 393b15da08c88194dbbcacd6ee15a89c' -> (Import Result ID: '21cd0b7f6017aeaf8f41320e6d9f219d') in 0.002 seconds [static and dynamic dependencies]. Details - ImportResultOutputID=b64e83cdec0125999f8bdfd7c8bb74c0 DependenciesID=ac28f48d27633902ac616f2038cd3686 StaticDependenciesID=46b5dc98c2ab5d3e0f0e6714cb8c5c5e 
Number of updated asset objects reloaded before import = 0
Number of asset objects unloaded after import = 0
========================================================================
Received Import Request.
  Time of request: 2026-09-22T00:46:11.377178Z
  Time since last request: 0.019585041 seconds.
  importAddress: GUID: 67e3583b91179094094c6a188b232262 - Path: Packages/com.unity.ugui/Runtime/UGUI/UI/Core/Culling/Clipping.cs - Importer: ScriptedImporter/UnityEditor.QuickSearchModule:UnityEditor.Search:ASIAI0B
Importing 'GUID: 67e3583b91179094094c6a188b232262 - Path: Packages/com.unity.ugui/Runtime/UGUI/UI/Core/Culling/Clipping.cs - Importer: ScriptedImporter/UnityEditor.QuickSearchModule:UnityEditor.Search:ASIAI0B' with importer (ScriptedImporter : UnityEditor.QuickSearchModule:UnityEditor.Search:ASIAI0B)
Imported 'GUID: 67e3583b91179094094c6a188b232262' -> (Import Result ID: 'af6d516010d4ba234f7454f8b225d00e') in 0.002 seconds [static and dynamic dependencies]. Details - ImportResultOutputID=d484c5f1b98749045cf56dbc1c253650 DependenciesID=a583b1d9d4bdee042181cb1da7f99fd3 StaticDependenciesID=1333d3ec51211dea89d50a170ded0d87 
Number of updated asset objects reloaded before import = 0
Number of asset objects unloaded after import = 0
========================================================================
Received Import Request.
  Time of request: 2026-09-22T00:46:11.380507Z
  Time since last request: 0.00066475 seconds.
  importAddress: GUID: a0bae4ff8f5baf64aad3b92b8aea0603 - Path: Packages/com.unity.ugui/Tests/Runtime/UGUI/Graphic/ImageTests.cs - Importer: ScriptedImporter/UnityEditor.QuickSearchModule:UnityEditor.Search:ASIAI0B
Importing 'GUID: a0bae4ff8f5baf64aad3b92b8aea0603 - Path: Packages/com.unity.ugui/Tests/Runtime/UGUI/Graphic/ImageTests.cs - Importer: ScriptedImporter/UnityEditor.QuickSearchModule:UnityEditor.Search:ASIAI0B' with importer (ScriptedImporter : UnityEditor.QuickSearchModule:UnityEditor.Search:ASIAI0B)
Imported 'GUID: a0bae4ff8f5baf64aad3b92b8aea0603' -> (Import Result ID: '565d169e32d6387aa769e3a7a5cc6c3a') in 0.004 seconds [static and dynamic dependencies]. Details - ImportResultOutputID=6056d3d33e3dc115a328e31c4c4719cb DependenciesID=7a5552248d9c2fd9c361ef9ab95dfa8f StaticDependenciesID=29d92280afa6ab2b7e196c23425cfca9 
Number of updated asset objects reloaded before import = 0
Number of asset objects unloaded after import = 0
========================================================================
Received Import Request.
  Time of request: 2026-09-22T00:46:11.386264Z
  Time since last request: 0.001430917 seconds.
  importAddress: GUID: 41b96614b2e6494ba995ddcd252d11ae - Path: Packages/com.unity.ugui/Editor Resources/Textures/btn_AlignMiddle.psd - Importer: ScriptedImporter/UnityEditor.QuickSearchModule:UnityEditor.Search:ASIAI0B
Importing 'GUID: 41b96614b2e6494ba995ddcd252d11ae - Path: Packages/com.unity.ugui/Editor Resources/Textures/btn_AlignMiddle.psd - Importer: ScriptedImporter/UnityEditor.QuickSearchModule:UnityEditor.Search:ASIAI0B' with importer (ScriptedImporter : UnityEditor.QuickSearchModule:UnityEditor.Search:ASIAI0B)
Imported 'GUID: 41b96614b2e6494ba995ddcd252d11ae' -> (Import Result ID: '36d2db4807f661c3f7027b40606dfe8c') in 0.009 seconds [static and dynamic dependencies]. Details - ImportResultOutputID=fff18a851c469f52e112d782321d2bd7 DependenciesID=382fa1d563d1661b5812fa2e18ec4264 StaticDependenciesID=7dcab359f3ee80f3688d7a1af074d0a4 
Number of updated asset objects reloaded before import = 0
Number of asset objects unloaded after import = 1
========================================================================
Received Import Request.
  Time of request: 2026-09-22T00:46:11.395949Z
  Time since last request: 0.000527834 seconds.
  importAddress: GUID: 225b67dcce9247b4c806e435b34695d2 - Path: Packages/com.unity.ugui/Editor/TMP/TMP_MarkupTagUpdateUtility.cs - Importer: ScriptedImporter/UnityEditor.QuickSearchModule:UnityEditor.Search:ASIAI0B
Importing 'GUID: 225b67dcce9247b4c806e435b34695d2 - Path: Packages/com.unity.ugui/Editor/TMP/TMP_MarkupTagUpdateUtility.cs - Importer: ScriptedImporter/UnityEditor.QuickSearchModule:UnityEditor.Search:ASIAI0B' with importer (ScriptedImporter : UnityEditor.QuickSearchModule:UnityEditor.Search:ASIAI0B)
Imported 'GUID: 225b67dcce9247b4c806e435b34695d2' -> (Import Result ID: '770b081f305eca04a40fccdeb3a9779a') in 0.004 seconds [static and dynamic dependencies]. Details - ImportResultOutputID=0bd53c1d6020b0794bd349128aadb894 DependenciesID=ff793f64a4eba4399948b2d7e972c6fa StaticDependenciesID=c83be17ece9b18bbc0075b201b62f0f5 
Number of updated asset objects reloaded before import = 0
Number of asset objects unloaded after import = 0
========================================================================
Received Import Request.
  Time of request: 2026-09-22T00:46:11.40094Z
  Time since last request: 0.001146708 seconds.
  importAddress: GUID: fb5730e24283d0c489e5c7d0bee023d9 - Path: Packages/com.unity.ugui/Editor Resources/Textures/SectionHeader_Dark.psd - Importer: ScriptedImporter/UnityEditor.QuickSearchModule:UnityEditor.Search:ASIAI0B
Importing 'GUID: fb5730e24283d0c489e5c7d0bee023d9 - Path: Packages/com.unity.ugui/Editor Resources/Textures/SectionHeader_Dark.psd - Importer: ScriptedImporter/UnityEditor.QuickSearchModule:UnityEditor.Search:ASIAI0B' with importer (ScriptedImporter : UnityEditor.QuickSearchModule:UnityEditor.Search:ASIAI0B)
Imported 'GUID: fb5730e24283d0c489e5c7d0bee023d9' -> (Import Result ID: 'f99c26b2947db6549ce617ac878aad98') in 0.010 seconds [static and dynamic dependencies]. Details - ImportResultOutputID=37dcfc8be7f9333f06b8cf14b67fe164 DependenciesID=cf38c5e8b3c6a6ccf305d0dfc86ef66b StaticDependenciesID=172c35671385c2080a1a8ef958208b29 
Number of updated asset objects reloaded before import = 0
Number of asset objects unloaded after import = 1
========================================================================
Received Import Request.
  Time of request: 2026-09-22T00:46:11.411983Z
  Time since last request: 0.00072775 seconds.
  importAddress: GUID: 32d40088a6124c578ad6b428df586e2e - Path: Packages/com.unity.ugui/Runtime/TMP/TextContainer.cs - Importer: ScriptedImporter/UnityEditor.QuickSearchModule:UnityEditor.Search:ASIAI0B
Importing 'GUID: 32d40088a6124c578ad6b428df586e2e - Path: Packages/com.unity.ugui/Runtime/TMP/TextContainer.cs - Importer: ScriptedImporter/UnityEditor.QuickSearchModule:UnityEditor.Search:ASIAI0B' with importer (ScriptedImporter : UnityEditor.QuickSearchModule:UnityEditor.Search:ASIAI0B)
Imported 'GUID: 32d40088a6124c578ad6b428df586e2e' -> (Import Result ID: '9cbc2abcd18be9f4acaab60114d3c82c') in 0.004 seconds [static and dynamic dependencies]. Details - ImportResultOutputID=c640b72dc65eb87b26a2bbe29fe5b2ee DependenciesID=d8d6d56b3abc900f0a5044ac127c10a6 StaticDependenciesID=24c354903a1caa3ea947805639a440fe 
Number of updated asset objects reloaded before import = 0
Number of asset objects unloaded after import = 0
========================================================================
Received Import Request.
  Time of request: 2026-09-22T00:46:11.418327Z
  Time since last request: 0.001703916 seconds.
  importAddress: GUID: 30f2a9fda7b63b041a70443bae3e7c01 - Path: Packages/com.unity.ugui/Tests/Runtime/UGUI/Layout/LayoutGroupTests.cs - Importer: ScriptedImporter/UnityEditor.QuickSearchModule:UnityEditor.Search:ASIAI0B
Importing 'GUID: 30f2a9fda7b63b041a70443bae3e7c01 - Path: Packages/com.unity.ugui/Tests/Runtime/UGUI/Layout/LayoutGroupTests.cs - Importer: ScriptedImporter/UnityEditor.QuickSearchModule:UnityEditor.Search:ASIAI0B' with importer (ScriptedImporter : UnityEditor.QuickSearchModule:UnityEditor.Search:ASIAI0B)
Imported 'GUID: 30f2a9fda7b63b041a70443bae3e7c01' -> (Import Result ID: 'dc043e8f11b9279011dbf7082baf319a') in 0.005 seconds [static and dynamic dependencies]. Details - ImportResultOutputID=b995bb48f32beda16d02b0c237abe828 DependenciesID=a5883fe42976125d8c8fbc3213795e9a StaticDependenciesID=89cfb27dce48437b45011353b2ca1099 
Number of updated asset objects reloaded before import = 0
Number of asset objects unloaded after import = 0
========================================================================
Received Import Request.
  Time of request: 2026-09-22T00:46:11.425374Z
  Time since last request: 0.001706583 seconds.
  importAddress: GUID: 260b531edc40677429c0198d6961e448 - Path: Packages/com.unity.ugui/Editor/UGUI/UI/SpriteDrawUtility.cs - Importer: ScriptedImporter/UnityEditor.QuickSearchModule:UnityEditor.Search:ASIAI0B
Importing 'GUID: 260b531edc40677429c0198d6961e448 - Path: Packages/com.unity.ugui/Editor/UGUI/UI/SpriteDrawUtility.cs - Importer: ScriptedImporter/UnityEditor.QuickSearchModule:UnityEditor.Search:ASIAI0B' with importer (ScriptedImporter : UnityEditor.QuickSearchModule:UnityEditor.Search:ASIAI0B)
Imported 'GUID: 260b531edc40677429c0198d6961e448' -> (Import Result ID: '9d276952cc143ceba506e0fb0b543a67') in 0.003 seconds [static and dynamic dependencies]. Details - ImportResultOutputID=998bbfe68717901cde1d4714101d1ab6 DependenciesID=13c1f0ce03f5440aff41d9b8e8a758d8 StaticDependenciesID=949969e52e602ed1bdd20b39ac2ece2a 
Number of updated asset objects reloaded before import = 0
Number of asset objects unloaded after import = 0
========================================================================
Received Import Request.
  Time of request: 2026-09-22T00:46:11.43069Z
  Time since last request: 0.001639084 seconds.
  importAddress: GUID: 1a70a790a43cd0d4a96f75746841f764 - Path: Packages/com.unity.ugui/Tests/Runtime/UGUI/Image/ImageFilledGenerateWork.cs - Importer: ScriptedImporter/UnityEditor.QuickSearchModule:UnityEditor.Search:ASIAI0B
Importing 'GUID: 1a70a790a43cd0d4a96f75746841f764 - Path: Packages/com.unity.ugui/Tests/Runtime/UGUI/Image/ImageFilledGenerateWork.cs - Importer: ScriptedImporter/UnityEditor.QuickSearchModule:UnityEditor.Search:ASIAI0B' with importer (ScriptedImporter : UnityEditor.QuickSearchModule:UnityEditor.Search:ASIAI0B)
Imported 'GUID: 1a70a790a43cd0d4a96f75746841f764' -> (Import Result ID: 'ea8822c54d73ab24aa3b300441dd781a') in 0.006 seconds [static and dynamic dependencies]. Details - ImportResultOutputID=ca3de436688775971be54b5e277ed34b DependenciesID=63bff2bd38a1bfdc11b213b6771029b2 StaticDependenciesID=4c8756484830a573f9766efa55a68210 
Number of updated asset objects reloaded before import = 0
Number of asset objects unloaded after import = 0
========================================================================
Received Import Request.
  Time of request: 2026-09-22T00:46:11.438288Z
  Time since last request: 0.00098325 seconds.
  importAddress: GUID: e05ace3bd15740cda0bad60d89092a5b - Path: Packages/com.unity.ugui/Editor Resources/Textures/btn_AlignRight_Light.psd - Importer: ScriptedImporter/UnityEditor.QuickSearchModule:UnityEditor.Search:ASIAI0B
Importing 'GUID: e05ace3bd15740cda0bad60d89092a5b - Path: Packages/com.unity.ugui/Editor Resources/Textures/btn_AlignRight_Light.psd - Importer: ScriptedImporter/UnityEditor.QuickSearchModule:UnityEditor.Search:ASIAI0B' with importer (ScriptedImporter : UnityEditor.QuickSearchModule:UnityEditor.Search:ASIAI0B)
Imported 'GUID: e05ace3bd15740cda0bad60d89092a5b' -> (Import Result ID: 'b2d25e5f70cb67dcb01ecfdb3bc5ffc6') in 0.012 seconds [static and dynamic dependencies]. Details - ImportResultOutputID=4cefaa9868ad672ebd9989e7e808f4db DependenciesID=0715b5ab4ec9818d23485b19e3bc3c41 StaticDependenciesID=87f30f52c82550e9973c2a8ba925e794 
Number of updated asset objects reloaded before import = 0
Number of asset objects unloaded after import = 1
========================================================================
Received Import Request.
  Time of request: 2026-09-22T00:46:11.45432Z
  Time since last request: 0.003763875 seconds.
  importAddress: GUID: 850af9f3bf6d14143baf2ecfbf25db52 - Path: Packages/com.unity.ugui/Tests/Runtime/UGUI/Slider - Importer: ScriptedImporter/UnityEditor.QuickSearchModule:UnityEditor.Search:ASIAI0B
Importing 'GUID: 850af9f3bf6d14143baf2ecfbf25db52 - Path: Packages/com.unity.ugui/Tests/Runtime/UGUI/Slider - Importer: ScriptedImporter/UnityEditor.QuickSearchModule:UnityEditor.Search:ASIAI0B' with importer (ScriptedImporter : UnityEditor.QuickSearchModule:UnityEditor.Search:ASIAI0B)
Imported 'GUID: 850af9f3bf6d14143baf2ecfbf25db52' -> (Import Result ID: '6fcc532207ed47907d6fc963fd14c0bd') in 0.003 seconds [static and dynamic dependencies]. Details - ImportResultOutputID=2a62eca10f44d325358b76d652923318 DependenciesID=aceb2602d8c82e5e055f6345a756b8a5 StaticDependenciesID=d2530e6e0cf5e9d3ad723ab9addf5783 
Number of updated asset objects reloaded before import = 0
Number of asset objects unloaded after import = 1
========================================================================
Received Import Request.
  Time of request: 2026-09-22T00:46:11.461014Z
  Time since last request: 0.003711 seconds.
  importAddress: GUID: a14a59f2a5c757e469c3e4e17b798c2e - Path: Packages/com.unity.ugui/Tests/Runtime/UGUI/Canvas/CanvasGroupInheritedAlpha.cs - Importer: ScriptedImporter/UnityEditor.QuickSearchModule:UnityEditor.Search:ASIAI0B
Importing 'GUID: a14a59f2a5c757e469c3e4e17b798c2e - Path: Packages/com.unity.ugui/Tests/Runtime/UGUI/Canvas/CanvasGroupInheritedAlpha.cs - Importer: ScriptedImporter/UnityEditor.QuickSearchModule:UnityEditor.Search:ASIAI0B' with importer (ScriptedImporter : UnityEditor.QuickSearchModule:UnityEditor.Search:ASIAI0B)
Imported 'GUID: a14a59f2a5c757e469c3e4e17b798c2e' -> (Import Result ID: 'fa4ed8f6693291448f3c739530a10c24') in 0.003 seconds [static and dynamic dependencies]. Details - ImportResultOutputID=fb8f2d957f9728f3256e829ab6497c43 DependenciesID=29c357e377cabb95934af132ad71a3f0 StaticDependenciesID=0737aa54b32f1fd20f53d4ee290b0c8f 
Number of updated asset objects reloaded before import = 0
Number of asset objects unloaded after import = 0
========================================================================
Received Import Request.
  Time of request: 2026-09-22T00:46:11.467433Z
  Time since last request: 0.003747333 seconds.
  importAddress: GUID: 5af3322745e78aa488fca5a2090f8755 - Path: Packages/com.unity.ugui/Tests/Runtime/UGUI/Layout/HorizonalLayoutGroupTests.cs - Importer: ScriptedImporter/UnityEditor.QuickSearchModule:UnityEditor.Search:ASIAI0B
Importing 'GUID: 5af3322745e78aa488fca5a2090f8755 - Path: Packages/com.unity.ugui/Tests/Runtime/UGUI/Layout/HorizonalLayoutGroupTests.cs - Importer: ScriptedImporter/UnityEditor.QuickSearchModule:UnityEditor.Search:ASIAI0B' with importer (ScriptedImporter : UnityEditor.QuickSearchModule:UnityEditor.Search:ASIAI0B)
Imported 'GUID: 5af3322745e78aa488fca5a2090f8755' -> (Import Result ID: 'ea03266f6f57f91ff51b93138ff56f7f') in 0.004 seconds [static and dynamic dependencies]. Details - ImportResultOutputID=8446fb4e2f2e2f145ae4def27eb4af2f DependenciesID=6f22a458df8e739f165846731aeaa3af StaticDependenciesID=cb2a08c95fd671af6e05224fe9b0493f 
Number of updated asset objects reloaded before import = 0
Number of asset objects unloaded after import = 0
========================================================================
Received Import Request.
  Time of request: 2026-09-22T00:46:11.471823Z
  Time since last request: 0.000330167 seconds.
  importAddress: GUID: af94bd3a805f27e42ab86647265be74e - Path: Packages/com.unity.ugui/Tests/Runtime/UGUI/EventSystem/InputModuleTests/PointerExitCallbackCheck.cs - Importer: ScriptedImporter/UnityEditor.QuickSearchModule:UnityEditor.Search:ASIAI0B
Importing 'GUID: af94bd3a805f27e42ab86647265be74e - Path: Packages/com.unity.ugui/Tests/Runtime/UGUI/EventSystem/InputModuleTests/PointerExitCallbackCheck.cs - Importer: ScriptedImporter/UnityEditor.QuickSearchModule:UnityEditor.Search:ASIAI0B' with importer (ScriptedImporter : UnityEditor.QuickSearchModule:UnityEditor.Search:ASIAI0B)
Imported 'GUID: af94bd3a805f27e42ab86647265be74e' -> (Import Result ID: 'a81d477fcf6b7eec1ea53b222142e78c') in 0.003 seconds [static and dynamic dependencies]. Details - ImportResultOutputID=95665ca1cd397e71db6b2d5331b4abbb DependenciesID=0c302b077166ace65b985cc60f4dd831 StaticDependenciesID=10a1627a29449f9d508d7c96ce24dbaa 
Number of updated asset objects reloaded before import = 0
Number of asset objects unloaded after import = 0
========================================================================
Received Import Request.
  Time of request: 2026-09-22T00:46:11.47657Z
  Time since last request: 0.001340291 seconds.
  importAddress: GUID: dd2fe74169b54bf58fca17288513ef38 - Path: Packages/com.unity.ugui/Editor/TMP/TMP_SubMesh_Editor.cs - Importer: ScriptedImporter/UnityEditor.QuickSearchModule:UnityEditor.Search:ASIAI0B
Importing 'GUID: dd2fe74169b54bf58fca17288513ef38 - Path: Packages/com.unity.ugui/Editor/TMP/TMP_SubMesh_Editor.cs - Importer: ScriptedImporter/UnityEditor.QuickSearchModule:UnityEditor.Search:ASIAI0B' with importer (ScriptedImporter : UnityEditor.QuickSearchModule:UnityEditor.Search:ASIAI0B)
Imported 'GUID: dd2fe74169b54bf58fca17288513ef38' -> (Import Result ID: '5d6b66d6789f738e21f2d1dbc0b9703d') in 0.002 seconds [static and dynamic dependencies]. Details - ImportResultOutputID=5e9069c2882688e762ea09c9bc0e826d DependenciesID=ed745d8db622b81b5257d8357e28f2e9 StaticDependenciesID=86c10cb603bf2662cc9e56a6d5d52609 
Number of updated asset objects reloaded before import = 0
Number of asset objects unloaded after import = 0
========================================================================
Received Import Request.
  Time of request: 2026-09-22T00:46:11.479654Z
  Time since last request: 0.000465 seconds.
  importAddress: GUID: 02893ffb522b490a9fa28eedd2584309 - Path: Packages/com.unity.ugui/Editor/TMP/TMPro_TextContainerEditor.cs - Importer: ScriptedImporter/UnityEditor.QuickSearchModule:UnityEditor.Search:ASIAI0B
Importing 'GUID: 02893ffb522b490a9fa28eedd2584309 - Path: Packages/com.unity.ugui/Editor/TMP/TMPro_TextContainerEditor.cs - Importer: ScriptedImporter/UnityEditor.QuickSearchModule:UnityEditor.Search:ASIAI0B' with importer (ScriptedImporter : UnityEditor.QuickSearchModule:UnityEditor.Search:ASIAI0B)
Imported 'GUID: 02893ffb522b490a9fa28eedd2584309' -> (Import Result ID: '59f3a937d53859021ac7930b04356edc') in 0.003 seconds [static and dynamic dependencies]. Details - ImportResultOutputID=9ccf949f6c98178ecc499b8e61e40df4 DependenciesID=e6f18dea63e09b46082a74adb95c0935 StaticDependenciesID=dd94d2f5edbff6131033c4df59c7b71c 
Number of updated asset objects reloaded before import = 0
Number of asset objects unloaded after import = 0
========================================================================
Received Import Request.
  Time of request: 2026-09-22T00:46:11.484165Z
  Time since last request: 0.001610333 seconds.
  importAddress: GUID: 3bce033ee26244e419b3bb3bba95a37d - Path: Packages/com.unity.ugui/Editor/UGUI/UI/CanvasScalerEditor.cs - Importer: ScriptedImporter/UnityEditor.QuickSearchModule:UnityEditor.Search:ASIAI0B
Importing 'GUID: 3bce033ee26244e419b3bb3bba95a37d - Path: Packages/com.unity.ugui/Editor/UGUI/UI/CanvasScalerEditor.cs - Importer: ScriptedImporter/UnityEditor.QuickSearchModule:UnityEditor.Search:ASIAI0B' with importer (ScriptedImporter : UnityEditor.QuickSearchModule:UnityEditor.Search:ASIAI0B)
Imported 'GUID: 3bce033ee26244e419b3bb3bba95a37d' -> (Import Result ID: '890e8656ad1d2aa92d6473713b2ca641') in 0.003 seconds [static and dynamic dependencies]. Details - ImportResultOutputID=9ec9c2afa1161d6d8f978f387b162277 DependenciesID=0aef0e8a93073f2b6f8f2c5c9e07c191 StaticDependenciesID=6c11963de5741cc888c5b81900946d71 
Number of updated asset objects reloaded before import = 0
Number of asset objects unloaded after import = 0
========================================================================
Received Import Request.
  Time of request: 2026-09-22T00:46:11.487758Z
  Time since last request: 0.000404959 seconds.
  importAddress: GUID: 05f582d4fbc8e0c40afccb76bbbe0935 - Path: Packages/com.unity.ugui/Editor/UGUI/UI/DropdownEditor.cs - Importer: ScriptedImporter/UnityEditor.QuickSearchModule:UnityEditor.Search:ASIAI0B
Importing 'GUID: 05f582d4fbc8e0c40afccb76bbbe0935 - Path: Packages/com.unity.ugui/Editor/UGUI/UI/DropdownEditor.cs - Importer: ScriptedImporter/UnityEditor.QuickSearchModule:UnityEditor.Search:ASIAI0B' with importer (ScriptedImporter : UnityEditor.QuickSearchModule:UnityEditor.Search:ASIAI0B)
Imported 'GUID: 05f582d4fbc8e0c40afccb76bbbe0935' -> (Import Result ID: '6bfb757ce61e3cfb035e5fc0f2daf914') in 0.002 seconds [static and dynamic dependencies]. Details - ImportResultOutputID=2e19a0b552bdff0fed3c88d776beb669 DependenciesID=cf8bb601abc0b34a9da7ea620e6df880 StaticDependenciesID=c92d55bfa159036a43e43f5f722a70fd 
Number of updated asset objects reloaded before import = 0
Number of asset objects unloaded after import = 0
========================================================================
Received Import Request.
  Time of request: 2026-09-22T00:46:11.490543Z
  Time since last request: 0.000798125 seconds.
  importAddress: GUID: 83088ba2132cbc940b7ca0c679a02b0d - Path: Packages/com.unity.ugui/Runtime/UGUI/UI/Core/ColorBlock.cs - Importer: ScriptedImporter/UnityEditor.QuickSearchModule:UnityEditor.Search:ASIAI0B
Importing 'GUID: 83088ba2132cbc940b7ca0c679a02b0d - Path: Packages/com.unity.ugui/Runtime/UGUI/UI/Core/ColorBlock.cs - Importer: ScriptedImporter/UnityEditor.QuickSearchModule:UnityEditor.Search:ASIAI0B' with importer (ScriptedImporter : UnityEditor.QuickSearchModule:UnityEditor.Search:ASIAI0B)
Imported 'GUID: 83088ba2132cbc940b7ca0c679a02b0d' -> (Import Result ID: '9399585f96ff37dd678d771f08a61dc3') in 0.003 seconds [static and dynamic dependencies]. Details - ImportResultOutputID=7bccb06c5fd204afd3a4289b75d333e0 DependenciesID=94cab78e5ea057356a8e3a418133f5df StaticDependenciesID=01446f0e466c2afbe6d4285919497eda 
Number of updated asset objects reloaded before import = 0
Number of asset objects unloaded after import = 0
========================================================================
Received Import Request.
  Time of request: 2026-09-22T00:46:11.496236Z
  Time since last request: 0.002298583 seconds.
  importAddress: GUID: 472a6f18dd2f97c41af72271d22db869 - Path: Packages/com.unity.ugui/Editor/UGUI/UI/ButtonEditor.cs - Importer: ScriptedImporter/UnityEditor.QuickSearchModule:UnityEditor.Search:ASIAI0B
Importing 'GUID: 472a6f18dd2f97c41af72271d22db869 - Path: Packages/com.unity.ugui/Editor/UGUI/UI/ButtonEditor.cs - Importer: ScriptedImporter/UnityEditor.QuickSearchModule:UnityEditor.Search:ASIAI0B' with importer (ScriptedImporter : UnityEditor.QuickSearchModule:UnityEditor.Search:ASIAI0B)
Imported 'GUID: 472a6f18dd2f97c41af72271d22db869' -> (Import Result ID: '618ed6d22ba08371d91837e8c9797414') in 0.002 seconds [static and dynamic dependencies]. Details - ImportResultOutputID=b47c883aaba37654f2d97c1605034401 DependenciesID=efc3573aca77ab5dc3f4979f6614f151 StaticDependenciesID=acb1959050b7df96347ec8d5087de0c5 
Number of updated asset objects reloaded before import = 0
Number of asset objects unloaded after import = 0
========================================================================
Received Import Request.
  Time of request: 2026-09-22T00:46:11.502125Z
  Time since last request: 0.003371709 seconds.
  importAddress: GUID: f8ed4321a98682942b9980996131cf26 - Path: Packages/com.unity.ugui/Runtime/UGUI/UI/Core/SpecializedCollections - Importer: ScriptedImporter/UnityEditor.QuickSearchModule:UnityEditor.Search:ASIAI0B
Importing 'GUID: f8ed4321a98682942b9980996131cf26 - Path: Packages/com.unity.ugui/Runtime/UGUI/UI/Core/SpecializedCollections - Importer: ScriptedImporter/UnityEditor.QuickSearchModule:UnityEditor.Search:ASIAI0B' with importer (ScriptedImporter : UnityEditor.QuickSearchModule:UnityEditor.Search:ASIAI0B)
Imported 'GUID: f8ed4321a98682942b9980996131cf26' -> (Import Result ID: '97de299072ac81e06af42f176c2d8871') in 0.002 seconds [static and dynamic dependencies]. Details - ImportResultOutputID=304843967c07aec61f1addf89f30a0a9 DependenciesID=d9ec22e07d56a5e92c50f6adf8d84e14 StaticDependenciesID=6a1fc113b91d455bd9712d5df6b43c95 
Number of updated asset objects reloaded before import = 0
Number of asset objects unloaded after import = 1
========================================================================
Received Prepare
AcceleratorClientConnectionCallback - disconnected - :0
Begin MonoManager ReloadAssembly
[Licensing::Client] Successfully resolved entitlement details
Thread 0x16bb07000 may have been prematurely finalized
Native extension for OSXStandalone target not found
[Package Manager] Failed to launch server process. Reason: Unity was launched with the -noUpm command-line argument
[Package Manager] Unable to send message (not connected to server process).
[Package Manager] Cannot connect to Unity Package Manager local server
ScheduleIndexationOnStartup MainProcess:False IndexOnStartup:True
Mono: successfully reloaded assembly
- Finished resetting the current domain, in  0.397 seconds
Domain Reload Profiling: 1127ms
	BeginReloadAssembly (343ms)
		DisableScriptedObjects (23ms)
		CreateAndSetChildDomain (63ms)
	RebuildCommonClasses (10ms)
	RebuildNativeTypeToScriptingClass (21ms)
	initialDomainReloadingComplete (163ms)
	LoadAllAssembliesAndSetupDomain (191ms)
		LoadAssemblies (182ms)
		AnalyzeDomain (36ms)
			TypeCache.Refresh (12ms)
			BuildScriptInfoCaches (15ms)
			ResolveRequiredComponents (3ms)
	FinalizeReload (399ms)
		SetupLoadedEditorAssemblies (0ms)
			BeforeProcessingInitializeOnLoad (96ms)
			ProcessInitializeOnLoadAttributes (73ms)
			ProcessInitializeOnLoadMethodAttributes (77ms)
Unloading 1 Unused Serialized files (Serialized files now loaded: 0)
Unloading 434 unused Assets / (246.8 KB). Loaded Objects now: 1043.
Memory consumption went from 86.9 MB to 86.7 MB.
Total: 6.393417 ms (FindLiveObjects: 0.075542 ms CreateObjectMapping: 0.081666 ms MarkObjects: 6.031042 ms  DeleteObjects: 0.203417 ms)

Prepare: number of updated asset objects reloaded= 0
