Unity Editor version:    6000.5.1f1 (0d9463e84828)
Branch:                  6000.5/staging
Build type:              Release
Batch mode:              YES
macOS version:           Version 14.4 (Build 23E214)
Darwin version:          23.4.0
Architecture:            arm64
Running under Rosetta:   NO
Available memory:        8192 MB
Date:                    2026-09-21T20:07:09Z
[Licensing::Module] Trying to connect to existing licensing client channel...
[Licensing::IpcConnector] Successfully connected to: "LicenseClient-addyyahiro" at "2026-09-21T20:07:09.85644Z"

COMMAND LINE ARGUMENTS:
/Applications/Unity/Hub/Editor/6000.5.1f1/Unity.app/Contents/MacOS/Unity
-adb2
-batchMode
-noUpm
-name
AssetImportWorkerHW0
-projectPath
/Users/addyyahiro/Documents/GitHub/426-Prototype-3
-logFile
Logs/AssetImportWorkerHW0.log
-srvPort
49781
-parentPid
61110
-analyticsCloudUserId
anonymous
-analyticsLocalProjectId
f58899b0bc9114d1591cff4dfe6ad2d5
-licensingIpc
LicenseClient-addyyahiro
-noDiagnosticSwitchPersistentStore
-job-worker-count
3
-background-job-worker-count
8
-asset-garbage-collectors
1
-force-metal
-name AssetImport
Successfully changed project path to: /Users/addyyahiro/Documents/GitHub/426-Prototype-3
/Users/addyyahiro/Documents/GitHub/426-Prototype-3
[UnityMemory] Configuration Parameters - Can be set up in boot.config
    "memorysetup-temp-allocator-size-gi-baking-worker=262144"
    "memorysetup-temp-allocator-size-gi-baking-worker=262144"
    "memorysetup-temp-allocator-size-gi-baking-worker=262144"
    "memorysetup-temp-allocator-size-gi-baking-worker=262144"
    "memorysetup-temp-allocator-size-gi-baking-worker=262144"
    "memorysetup-temp-allocator-size-nav-mesh-worker=65536"
    "memorysetup-temp-allocator-size-audio-worker=65536"
    "memorysetup-temp-allocator-size-cloud-worker=32768"
    "memorysetup-allocator-temp-initial-block-size-main=262144"
    "memorysetup-allocator-temp-initial-block-size-worker=262144"
    "memorysetup-temp-allocator-size-preload-manager=33554432"
    "memorysetup-temp-allocator-size-gfx=262144"
    "memorysetup-temp-allocator-size-background-worker=32768"
    "memorysetup-temp-allocator-size-job-worker=262144"
    "memorysetup-bucket-allocator-granularity=16"
    "memorysetup-bucket-allocator-bucket-count=8"
    "memorysetup-bucket-allocator-block-size=33554432"
    "memorysetup-bucket-allocator-block-count=8"
    "memorysetup-main-allocator-block-size=16777216"
    "memorysetup-thread-allocator-block-size=16777216"
    "memorysetup-main-allocator-mimalloc-enabled=0"
    "memorysetup-gfx-main-allocator-block-size=16777216"
    "memorysetup-gfx-thread-allocator-block-size=16777216"
    "memorysetup-cache-allocator-block-size=4194304"
    "memorysetup-typetree-allocator-block-size=2097152"
    "memorysetup-profiler-bucket-allocator-granularity=16"
    "memorysetup-profiler-bucket-allocator-bucket-count=8"
    "memorysetup-profiler-bucket-allocator-block-size=33554432"
    "memorysetup-profiler-bucket-allocator-block-count=8"
    "memorysetup-profiler-allocator-block-size=16777216"
    "memorysetup-profiler-editor-allocator-block-size=1048576"
    "memorysetup-temp-allocator-size-main=16777216"
    "memorysetup-job-temp-allocator-block-size=2097152"
    "memorysetup-job-temp-allocator-block-size-background=1048576"
    "memorysetup-job-temp-allocator-reduction-small-platforms=262144"
Player connection [8347302592]  Target information:

Player connection [8347302592]  * "[IP] 192.168.4.39 [Port] 0 [Flags] 2 [Guid] 714828635 [EditorId] 714828635 [Version] 1048832 [Id] OSXEditor(0,Addys-MacBook-Air.local) [Debug] 1 [PackageName] OSXEditor [ProjectName] Editor" 

Player connection [8347302592] Host joined multi-casting on [225.0.0.222:54997]...
Player connection [8347302592] Host joined alternative multi-casting on [225.0.0.222:34997]...
JobSystem: Creating JobQueue using job-worker-count value 3
Input System module state changed to: Initialized.
[Physics::Module] Initialized fallback backend.
[Physics::Module] Id: 0xdecafbad
Library Redirect Path: Library/
[Physics::Module] Selected backend.
[Physics::Module] Name: PhysX
[Physics::Module] Id: 0xf2b8ea05
[Physics::Module] SDK Version: 4.1.2
[Physics::Module] Integration Version: 1.0.0
[Physics::Module] Threading Mode: Multi-Threaded
Initialize engine version: 6000.5.1f1 (0d9463e84828)
[Subsystems] Discovering subsystems at path /Applications/Unity/Hub/Editor/6000.5.1f1/Unity.app/Contents/Resources/UnitySubsystems
[Subsystems] Discovering subsystems at path /Users/addyyahiro/Documents/GitHub/426-Prototype-3/Assets
Forcing GfxDevice: Metal
GfxDevice: creating device client; kGfxThreadingModeNonThreaded
 preferred device: Apple M2 (high power)
Metal devices available: 1
0: Apple M2 (high power)
Using device Apple M2 (high power)
Initializing Metal device caps: Apple M2
Mac GPU Family: 2
Apple GPU Family: 8
MSL Version: 3.0
Has Float MSAA: 1
Has Float Filtering: 1
ReadWrite Texture Tier: 2
Initialize mono
Mono path[0] = '/Applications/Unity/Hub/Editor/6000.5.1f1/Unity.app/Contents/Resources/Scripting/Managed'
Mono path[1] = '/Applications/Unity/Hub/Editor/6000.5.1f1/Unity.app/Contents/Resources/Scripting/BCLExtensions/runtime/netstandard2.1'
Mono path[2] = '/Applications/Unity/Hub/Editor/6000.5.1f1/Unity.app/Contents/Resources/Scripting/MonoBleedingEdge/lib/mono/unityjit-macos'
Mono config path = '/Applications/Unity/Hub/Editor/6000.5.1f1/Unity.app/Contents/Resources/Scripting/MonoBleedingEdge/etc'
Using monoOptions --debugger-agent=transport=dt_socket,embedding=1,server=y,suspend=n,address=127.0.0.1:56320
[Licensing::Client] Handshaking with LicensingClient:
  Version:                 1.18.3+d7ffd15
  Session Id:              f4eaf39768904b918de68b615e749d43
  Correlation Id:          0e33d90acc46c2ee0e63fbf48b97857f
  External correlation Id: 8593757870170778309
  Machine Id:              zZIAx3Pq6a8oj6qV/ANzIS7rD+0=
[Licensing::Module] Successfully connected to LicensingClient on channel: "LicenseClient-addyyahiro" (connect: 0.00s, validation: 0.00s, handshake: 0.61s)
[Licensing::IpcConnector] Successfully connected to: "LicenseClient-addyyahiro-notifications" at "2026-09-21T20:07:10.472237Z"
[Licensing::Module] Licensing Background thread has ended after 0.62s
CodeReloadManager initialized
Begin MonoManager ReloadAssembly
Registering precompiled unity dll's ...
Register platform support module: /Applications/Unity/Hub/Editor/6000.5.1f1/PlaybackEngines/MacStandaloneSupport/UnityEditor.OSXStandalone.Extensions.dll
Registered in 0.000617 seconds.
Native extension for OSXStandalone target not found
Package Manager log level set to [2]
[Package Manager] Failed to launch server process. Reason: Unity was launched with the -noUpm command-line argument
[Package Manager] Unable to send message (not connected to server process).
[Package Manager] Cannot connect to Unity Package Manager local server
ScheduleIndexationOnStartup MainProcess:False IndexOnStartup:False
Mono: successfully reloaded assembly
- Finished resetting the current domain, in  0.262 seconds
Domain Reload Profiling: 612ms
	BeginReloadAssembly (74ms)
	RebuildCommonClasses (4ms)
	RebuildNativeTypeToScriptingClass (14ms)
	initialDomainReloadingComplete (35ms)
	LoadAllAssembliesAndSetupDomain (223ms)
		LoadAssemblies (74ms)
		AnalyzeDomain (173ms)
			TypeCache.Refresh (172ms)
				TypeCache.ScanAssembly (157ms)
	FinalizeReload (264ms)
		SetupLoadedEditorAssemblies (0ms)
			BeforeProcessingInitializeOnLoad (59ms)
			ProcessInitializeOnLoadAttributes (70ms)
			ProcessInitializeOnLoadMethodAttributes (83ms)
Initializing Unity extensions:
[Licensing::Client] Successfully resolved entitlement details
[Licensing::Module] License group:
  Id: 20067521494700-UnityPersXXXX
  Product: Unity Personal
  Type: Assigned
  Expiration: Unlimited
[CoreBusinessMetrics] Unexpected thread when updating session info.
========================================================================
Worker process is ready to serve import requests
Import Worker Mode flag is 0x00
Begin MonoManager ReloadAssembly
Native extension for OSXStandalone target not found
[Package Manager] Failed to launch server process. Reason: Unity was launched with the -noUpm command-line argument
[Package Manager] Unable to send message (not connected to server process).
[Package Manager] Cannot connect to Unity Package Manager local server
ScheduleIndexationOnStartup MainProcess:False IndexOnStartup:False
Mono: successfully reloaded assembly
- Finished resetting the current domain, in  0.292 seconds
Domain Reload Profiling: 538ms
	BeginReloadAssembly (125ms)
		DisableScriptedObjects (3ms)
		CreateAndSetChildDomain (44ms)
	RebuildCommonClasses (8ms)
	RebuildNativeTypeToScriptingClass (13ms)
	initialDomainReloadingComplete (24ms)
	LoadAllAssembliesAndSetupDomain (76ms)
		LoadAssemblies (44ms)
		AnalyzeDomain (12ms)
			TypeCache.Refresh (8ms)
				TypeCache.ScanAssembly (3ms)
			BuildScriptInfoCaches (3ms)
	FinalizeReload (293ms)
		SetupLoadedEditorAssemblies (0ms)
			BeforeProcessingInitializeOnLoad (63ms)
			ProcessInitializeOnLoadAttributes (57ms)
			ProcessInitializeOnLoadMethodAttributes (59ms)
AcceleratorClientConnectionCallback - disconnected - :0
Launching external process: /Applications/Unity/Hub/Editor/6000.5.1f1/Unity.app/Contents/Helpers/UnityShaderCompiler
Launched and connected shader compiler UnityShaderCompiler after 0.04 seconds
Unloading 1 Unused Serialized files (Serialized files now loaded: 0)
Curl error 3: URL rejected: Error
Unloading 64 unused Assets / (24.4 KB). Loaded Objects now: 668.
Memory consumption went from 71.1 MB to 71.0 MB.
Total: 4.062834 ms (FindLiveObjects: 0.037083 ms CreateObjectMapping: 0.010083 ms MarkObjects: 3.942334 ms  DeleteObjects: 0.072958 ms)

========================================================================
Received Import Request.
  Time of request: 2026-09-21T20:08:01.260267Z
  Time since last request: 68741.31187520800449 seconds.
  importAddress: GUID: 23032f4383e95e772bce465c5896d0fd - Path: Packages/com.unity.modules.terrain/package.ModuleCompilationTrigger - Importer: ScriptedImporter/UnityEditor.QuickSearchModule:UnityEditor.Search:ASIAI0B
Importing 'GUID: 23032f4383e95e772bce465c5896d0fd - Path: Packages/com.unity.modules.terrain/package.ModuleCompilationTrigger - Importer: ScriptedImporter/UnityEditor.QuickSearchModule:UnityEditor.Search:ASIAI0B' with importer (ScriptedImporter : UnityEditor.QuickSearchModule:UnityEditor.Search:ASIAI0B)
Imported 'GUID: 23032f4383e95e772bce465c5896d0fd' -> (Import Result ID: '6a2db8ca6fa96f2ca8ddfe84c9239af9') in 0.094 seconds [static and dynamic dependencies]. Details - ImportResultOutputID=99833b83a150aad4b3930059b5b0502b DependenciesID=cce4e4238e982cc92e3d77649490bb6e StaticDependenciesID=fc371b15f371670ef053e0db2f8e8852 
Number of updated asset objects reloaded before import = 0
Number of asset objects unloaded after import = 1
========================================================================
Received Import Request.
  Time of request: 2026-09-21T20:08:01.375436Z
  Time since last request: 0.0012305 seconds.
  importAddress: GUID: 8a752aaaadd2410dd9a84e01c1bace9f - Path: Packages/com.unity.modules.uielements/package.ModuleCompilationTrigger - Importer: ScriptedImporter/UnityEditor.QuickSearchModule:UnityEditor.Search:ASIAI0B
Importing 'GUID: 8a752aaaadd2410dd9a84e01c1bace9f - Path: Packages/com.unity.modules.uielements/package.ModuleCompilationTrigger - Importer: ScriptedImporter/UnityEditor.QuickSearchModule:UnityEditor.Search:ASIAI0B' with importer (ScriptedImporter : UnityEditor.QuickSearchModule:UnityEditor.Search:ASIAI0B)
Imported 'GUID: 8a752aaaadd2410dd9a84e01c1bace9f' -> (Import Result ID: 'f66ad3c12df897a2f1a7f48078da9aed') in 0.003 seconds [static and dynamic dependencies]. Details - ImportResultOutputID=ce7fae99c071e2acaff833659e0cc8bf DependenciesID=8b9db9843dc267b56eafb8a89dee0c99 StaticDependenciesID=2dc8ca83857e0ac330035800252f43a3 
Number of updated asset objects reloaded before import = 0
Number of asset objects unloaded after import = 1
========================================================================
Received Import Request.
  Time of request: 2026-09-21T20:08:01.37928Z
  Time since last request: 0.000496583 seconds.
  importAddress: GUID: 54407f5deee4439eb1885bee01956e9c - Path: Packages/com.unity.multiplayer.center/Editor/Analytics/AnalyticsUtils.cs - Importer: ScriptedImporter/UnityEditor.QuickSearchModule:UnityEditor.Search:ASIAI0B
Importing 'GUID: 54407f5deee4439eb1885bee01956e9c - Path: Packages/com.unity.multiplayer.center/Editor/Analytics/AnalyticsUtils.cs - Importer: ScriptedImporter/UnityEditor.QuickSearchModule:UnityEditor.Search:ASIAI0B' with importer (ScriptedImporter : UnityEditor.QuickSearchModule:UnityEditor.Search:ASIAI0B)
Imported 'GUID: 54407f5deee4439eb1885bee01956e9c' -> (Import Result ID: '6a45d8b05337b0feb12e645ad1195ab1') in 0.025 seconds [static and dynamic dependencies]. Details - ImportResultOutputID=ecb4f183d5d64a22a8880d6f57b84d9a DependenciesID=2034de5ea28560773d78bc40339ca7f5 StaticDependenciesID=4db96eb0bbea2e877f77cce6af33b096 
Number of updated asset objects reloaded before import = 0
Number of asset objects unloaded after import = 0
========================================================================
Received Import Request.
  Time of request: 2026-09-21T20:08:01.404268Z
  Time since last request: 0.000236334 seconds.
  importAddress: GUID: 1bd8e2f47a6c4478ab8f0ade7687e79b - Path: Packages/com.unity.multiplayer.center/Common/IOnboardingSection.cs - Importer: ScriptedImporter/UnityEditor.QuickSearchModule:UnityEditor.Search:ASIAI0B
Importing 'GUID: 1bd8e2f47a6c4478ab8f0ade7687e79b - Path: Packages/com.unity.multiplayer.center/Common/IOnboardingSection.cs - Importer: ScriptedImporter/UnityEditor.QuickSearchModule:UnityEditor.Search:ASIAI0B' with importer (ScriptedImporter : UnityEditor.QuickSearchModule:UnityEditor.Search:ASIAI0B)
Imported 'GUID: 1bd8e2f47a6c4478ab8f0ade7687e79b' -> (Import Result ID: '6ee7dbcf15d9239731c5dcf51abfe2a6') in 0.003 seconds [static and dynamic dependencies]. Details - ImportResultOutputID=6c555ccac894be28cc981c82fa5c9345 DependenciesID=e3ad084a4d3ee11fb6d01e9a33ccd543 StaticDependenciesID=2057d0edb8f6a4bb0a667259fce850f9 
Number of updated asset objects reloaded before import = 0
Number of asset objects unloaded after import = 0
========================================================================
Received Import Request.
  Time of request: 2026-09-21T20:08:01.408708Z
  Time since last request: 0.000827458 seconds.
  importAddress: GUID: be13c398521e3c1ad21fb9da30ab2ab6 - Path: Packages/com.unity.modules.imgui/package.ModuleCompilationTrigger - Importer: ScriptedImporter/UnityEditor.QuickSearchModule:UnityEditor.Search:ASIAI0B
Importing 'GUID: be13c398521e3c1ad21fb9da30ab2ab6 - Path: Packages/com.unity.modules.imgui/package.ModuleCompilationTrigger - Importer: ScriptedImporter/UnityEditor.QuickSearchModule:UnityEditor.Search:ASIAI0B' with importer (ScriptedImporter : UnityEditor.QuickSearchModule:UnityEditor.Search:ASIAI0B)
Imported 'GUID: be13c398521e3c1ad21fb9da30ab2ab6' -> (Import Result ID: 'b4ef2f44c68e6a5aefe8ec86df533224') in 0.003 seconds [static and dynamic dependencies]. Details - ImportResultOutputID=385b750a40c274cc7204f1ee17d2a4d4 DependenciesID=0e2fd24ea46c3958fd7b00932aca408c StaticDependenciesID=23d83c430a55fb13dee161f0931fb777 
Number of updated asset objects reloaded before import = 0
Number of asset objects unloaded after import = 1
========================================================================
Received Import Request.
  Time of request: 2026-09-21T20:08:01.413227Z
  Time since last request: 0.001090208 seconds.
  importAddress: GUID: 6d56244f8c39a851975d3c0bd432c66f - Path: Packages/com.unity.modules.terrain/package.json - Importer: ScriptedImporter/UnityEditor.QuickSearchModule:UnityEditor.Search:ASIAI0B
Importing 'GUID: 6d56244f8c39a851975d3c0bd432c66f - Path: Packages/com.unity.modules.terrain/package.json - Importer: ScriptedImporter/UnityEditor.QuickSearchModule:UnityEditor.Search:ASIAI0B' with importer (ScriptedImporter : UnityEditor.QuickSearchModule:UnityEditor.Search:ASIAI0B)
Imported 'GUID: 6d56244f8c39a851975d3c0bd432c66f' -> (Import Result ID: 'b44b6c70ff63e022eb2e0e2990dc426f') in 0.003 seconds [static and dynamic dependencies]. Details - ImportResultOutputID=e16641b9494fe86b0c1ad59b7cd093d3 DependenciesID=0ab0bc0963ec8273588d31390917c9f6 StaticDependenciesID=494b22839cc77ecf6a0f620fefff4ae4 
Number of updated asset objects reloaded before import = 0
Number of asset objects unloaded after import = 1
========================================================================
Received Import Request.
  Time of request: 2026-09-21T20:08:01.417061Z
  Time since last request: 0.000232625 seconds.
  importAddress: GUID: 4f0f9b9f3ed97ad2b9ba8f1a8e4666c2 - Path: Packages/com.unity.modules.uielements/package.json - Importer: ScriptedImporter/UnityEditor.QuickSearchModule:UnityEditor.Search:ASIAI0B
Importing 'GUID: 4f0f9b9f3ed97ad2b9ba8f1a8e4666c2 - Path: Packages/com.unity.modules.uielements/package.json - Importer: ScriptedImporter/UnityEditor.QuickSearchModule:UnityEditor.Search:ASIAI0B' with importer (ScriptedImporter : UnityEditor.QuickSearchModule:UnityEditor.Search:ASIAI0B)
Imported 'GUID: 4f0f9b9f3ed97ad2b9ba8f1a8e4666c2' -> (Import Result ID: '219bfb6de2b4dc56f2e61d5b45afbd45') in 0.001 seconds [static and dynamic dependencies]. Details - ImportResultOutputID=37bf50b6b20653a1f86843201cb7fc65 DependenciesID=1519628155f59e6445852ce53b9435a7 StaticDependenciesID=54bfc42101a5c555539e63fcd712eca9 
Number of updated asset objects reloaded before import = 0
Number of asset objects unloaded after import = 1
========================================================================
Received Import Request.
  Time of request: 2026-09-21T20:08:01.418687Z
  Time since last request: 0.000193 seconds.
  importAddress: GUID: 833328f3bcf144cc94f92e286e86b427 - Path: Packages/com.unity.multiplayer.center/Common/IOnboardingSectionAnalyticsProvider.cs - Importer: ScriptedImporter/UnityEditor.QuickSearchModule:UnityEditor.Search:ASIAI0B
Importing 'GUID: 833328f3bcf144cc94f92e286e86b427 - Path: Packages/com.unity.multiplayer.center/Common/IOnboardingSectionAnalyticsProvider.cs - Importer: ScriptedImporter/UnityEditor.QuickSearchModule:UnityEditor.Search:ASIAI0B' with importer (ScriptedImporter : UnityEditor.QuickSearchModule:UnityEditor.Search:ASIAI0B)
Imported 'GUID: 833328f3bcf144cc94f92e286e86b427' -> (Import Result ID: '7cd10cb67a97c0d061507c1e71229f57') in 0.001 seconds [static and dynamic dependencies]. Details - ImportResultOutputID=6da9f7484252278959931973629c65b3 DependenciesID=a25a6733b90dae2270921da6aa92952b StaticDependenciesID=39d3424feb41ebb15db51983ca0c877f 
Number of updated asset objects reloaded before import = 0
Number of asset objects unloaded after import = 0
========================================================================
Received Import Request.
  Time of request: 2026-09-21T20:08:01.420302Z
  Time since last request: 0.000676916 seconds.
  importAddress: GUID: 222fc39b0c85d800342910da2cd64781 - Path: Packages/com.unity.modules.assetbundle/package.ModuleCompilationTrigger - Importer: ScriptedImporter/UnityEditor.QuickSearchModule:UnityEditor.Search:ASIAI0B
Importing 'GUID: 222fc39b0c85d800342910da2cd64781 - Path: Packages/com.unity.modules.assetbundle/package.ModuleCompilationTrigger - Importer: ScriptedImporter/UnityEditor.QuickSearchModule:UnityEditor.Search:ASIAI0B' with importer (ScriptedImporter : UnityEditor.QuickSearchModule:UnityEditor.Search:ASIAI0B)
Imported 'GUID: 222fc39b0c85d800342910da2cd64781' -> (Import Result ID: '98368d9d8c9136b39b5b4534c0fd3893') in 0.001 seconds [static and dynamic dependencies]. Details - ImportResultOutputID=b54d615db171d9fddd7bc86f77116471 DependenciesID=32794ac93d053b6b5654e034df540d15 StaticDependenciesID=1960515560e8a09e8606c298affb3894 
Number of updated asset objects reloaded before import = 0
Number of asset objects unloaded after import = 1
========================================================================
Received Import Request.
  Time of request: 2026-09-21T20:08:01.421903Z
  Time since last request: 0.000161708 seconds.
  importAddress: GUID: e1ef8466c8fd01a549f10baa4d51fa17 - Path: Packages/com.unity.modules.assetbundle/package.json - Importer: ScriptedImporter/UnityEditor.QuickSearchModule:UnityEditor.Search:ASIAI0B
Importing 'GUID: e1ef8466c8fd01a549f10baa4d51fa17 - Path: Packages/com.unity.modules.assetbundle/package.json - Importer: ScriptedImporter/UnityEditor.QuickSearchModule:UnityEditor.Search:ASIAI0B' with importer (ScriptedImporter : UnityEditor.QuickSearchModule:UnityEditor.Search:ASIAI0B)
Imported 'GUID: e1ef8466c8fd01a549f10baa4d51fa17' -> (Import Result ID: '8b36f0beaad924bff76657fb5038868b') in 0.001 seconds [static and dynamic dependencies]. Details - ImportResultOutputID=f94cd5b5cf223e8e10022aac87908b20 DependenciesID=24efc750e12f0deb5cef39281df3e246 StaticDependenciesID=8813b598e56cee2bc24e7d0ae2c03c50 
Number of updated asset objects reloaded before import = 0
Number of asset objects unloaded after import = 1
========================================================================
Received Import Request.
  Time of request: 2026-09-21T20:08:01.42354Z
  Time since last request: 0.000360958 seconds.
  importAddress: GUID: e9df95f53f1c1d0c9199e235d6c42b50 - Path: Packages/com.unity.modules.audio/package.json - Importer: ScriptedImporter/UnityEditor.QuickSearchModule:UnityEditor.Search:ASIAI0B
Importing 'GUID: e9df95f53f1c1d0c9199e235d6c42b50 - Path: Packages/com.unity.modules.audio/package.json - Importer: ScriptedImporter/UnityEditor.QuickSearchModule:UnityEditor.Search:ASIAI0B' with importer (ScriptedImporter : UnityEditor.QuickSearchModule:UnityEditor.Search:ASIAI0B)
Imported 'GUID: e9df95f53f1c1d0c9199e235d6c42b50' -> (Import Result ID: '13d7caf2f484395590621b70f046d615') in 0.001 seconds [static and dynamic dependencies]. Details - ImportResultOutputID=f267e4627833551a860cf97c4fc14e30 DependenciesID=1f367b5fe2c4aca1426832adcf648905 StaticDependenciesID=fa8e5581a00ffcc650d64b47be18f786 
Number of updated asset objects reloaded before import = 0
Number of asset objects unloaded after import = 1
========================================================================
Received Import Request.
  Time of request: 2026-09-21T20:08:01.424928Z
  Time since last request: 0.000151625 seconds.
  importAddress: GUID: 2c814623cb42764d304be0c5ddd03ceb - Path: Packages/com.unity.modules.xr/package.json - Importer: ScriptedImporter/UnityEditor.QuickSearchModule:UnityEditor.Search:ASIAI0B
Importing 'GUID: 2c814623cb42764d304be0c5ddd03ceb - Path: Packages/com.unity.modules.xr/package.json - Importer: ScriptedImporter/UnityEditor.QuickSearchModule:UnityEditor.Search:ASIAI0B' with importer (ScriptedImporter : UnityEditor.QuickSearchModule:UnityEditor.Search:ASIAI0B)
Imported 'GUID: 2c814623cb42764d304be0c5ddd03ceb' -> (Import Result ID: '1b5251f594c0a0b6424b2595179846ae') in 0.001 seconds [static and dynamic dependencies]. Details - ImportResultOutputID=ac46eb12657e482d609db78cc09296d9 DependenciesID=cc02ff8d3c53101dd08696b4dd34d1f8 StaticDependenciesID=ff0a767b1d8f7732dd55eebdf5b9b892 
Number of updated asset objects reloaded before import = 0
Number of asset objects unloaded after import = 1
========================================================================
Received Import Request.
  Time of request: 2026-09-21T20:08:01.425953Z
  Time since last request: 0.000153375 seconds.
  importAddress: GUID: c359bcaf4a0bc4040aac650bf14ec619 - Path: Packages/com.unity.multiplayer.center/README.md - Importer: ScriptedImporter/UnityEditor.QuickSearchModule:UnityEditor.Search:ASIAI0B
Importing 'GUID: c359bcaf4a0bc4040aac650bf14ec619 - Path: Packages/com.unity.multiplayer.center/README.md - Importer: ScriptedImporter/UnityEditor.QuickSearchModule:UnityEditor.Search:ASIAI0B' with importer (ScriptedImporter : UnityEditor.QuickSearchModule:UnityEditor.Search:ASIAI0B)
Imported 'GUID: c359bcaf4a0bc4040aac650bf14ec619' -> (Import Result ID: '0bb2d30eb749d03ae63b7c35131eec16') in 0.007 seconds [static and dynamic dependencies]. Details - ImportResultOutputID=f14895d1c14f5dc975facbe2cadf37a4 DependenciesID=f3b7bbc8b9e8c928deabb1593ce2cea4 StaticDependenciesID=6e14c4c77335b847d8abaed8e93f15bb 
Number of updated asset objects reloaded before import = 0
Number of asset objects unloaded after import = 1
========================================================================
Received Import Request.
  Time of request: 2026-09-21T20:08:01.433718Z
  Time since last request: 0.000349083 seconds.
  importAddress: GUID: 89b6d933e4994d0980f6b48dc2b8779c - Path: Packages/com.unity.multiplayer.center/Common/AnswerData.cs - Importer: ScriptedImporter/UnityEditor.QuickSearchModule:UnityEditor.Search:ASIAI0B
Importing 'GUID: 89b6d933e4994d0980f6b48dc2b8779c - Path: Packages/com.unity.multiplayer.center/Common/AnswerData.cs - Importer: ScriptedImporter/UnityEditor.QuickSearchModule:UnityEditor.Search:ASIAI0B' with importer (ScriptedImporter : UnityEditor.QuickSearchModule:UnityEditor.Search:ASIAI0B)
Imported 'GUID: 89b6d933e4994d0980f6b48dc2b8779c' -> (Import Result ID: '9df769974166183d9bb4fed4e1e9db69') in 0.001 seconds [static and dynamic dependencies]. Details - ImportResultOutputID=7c303a70ed323397eacc33470afd19d7 DependenciesID=93ee737e7e9ebcf3f6322f10d8dacc80 StaticDependenciesID=9a09c9e775aef6df108beb883b249c97 
Number of updated asset objects reloaded before import = 0
Number of asset objects unloaded after import = 0
========================================================================
Received Import Request.
  Time of request: 2026-09-21T20:08:01.434847Z
  Time since last request: 0.000269667 seconds.
  importAddress: GUID: 553737203d61a8109f9544a97201e1aa - Path: Packages/com.unity.modules.unitywebrequestaudio/package.ModuleCompilationTrigger - Importer: ScriptedImporter/UnityEditor.QuickSearchModule:UnityEditor.Search:ASIAI0B
Importing 'GUID: 553737203d61a8109f9544a97201e1aa - Path: Packages/com.unity.modules.unitywebrequestaudio/package.ModuleCompilationTrigger - Importer: ScriptedImporter/UnityEditor.QuickSearchModule:UnityEditor.Search:ASIAI0B' with importer (ScriptedImporter : UnityEditor.QuickSearchModule:UnityEditor.Search:ASIAI0B)
Imported 'GUID: 553737203d61a8109f9544a97201e1aa' -> (Import Result ID: '7f218dee71b11367e7d49d06e5a58bb3') in 0.001 seconds [static and dynamic dependencies]. Details - ImportResultOutputID=f61cb00c473cbdb5497fbfaa356a0002 DependenciesID=f41a5ba9f88217026727c555d6a632d6 StaticDependenciesID=47b4e217424907707b7c7b1e4731365d 
Number of updated asset objects reloaded before import = 0
Number of asset objects unloaded after import = 1
========================================================================
Received Import Request.
  Time of request: 2026-09-21T20:08:01.435833Z
  Time since last request: 0.000210208 seconds.
  importAddress: GUID: 0a9ab22e4e004c7db707338bccb538b9 - Path: Packages/com.unity.multiplayer.center/Common/Preset.cs - Importer: ScriptedImporter/UnityEditor.QuickSearchModule:UnityEditor.Search:ASIAI0B
Importing 'GUID: 0a9ab22e4e004c7db707338bccb538b9 - Path: Packages/com.unity.multiplayer.center/Common/Preset.cs - Importer: ScriptedImporter/UnityEditor.QuickSearchModule:UnityEditor.Search:ASIAI0B' with importer (ScriptedImporter : UnityEditor.QuickSearchModule:UnityEditor.Search:ASIAI0B)
Imported 'GUID: 0a9ab22e4e004c7db707338bccb538b9' -> (Import Result ID: 'a4c48ae3ec8dfc94a5cfe3f9cdf229fb') in 0.001 seconds [static and dynamic dependencies]. Details - ImportResultOutputID=a12b9903c5340fbf63359fac98bbee39 DependenciesID=d2b752eac65bd17dacded0abbc87bd94 StaticDependenciesID=1d23fd2c2c3a4a0845f8e2c1f52f1f7c 
Number of updated asset objects reloaded before import = 0
Number of asset objects unloaded after import = 0
========================================================================
Received Import Request.
  Time of request: 2026-09-21T20:08:01.437185Z
  Time since last request: 0.000359875 seconds.
  importAddress: GUID: 50d5ff9fe4ab4477b7ea648da183e9d1 - Path: Packages/com.unity.multiplayer.center/Common/StyleConstants.cs - Importer: ScriptedImporter/UnityEditor.QuickSearchModule:UnityEditor.Search:ASIAI0B
Importing 'GUID: 50d5ff9fe4ab4477b7ea648da183e9d1 - Path: Packages/com.unity.multiplayer.center/Common/StyleConstants.cs - Importer: ScriptedImporter/UnityEditor.QuickSearchModule:UnityEditor.Search:ASIAI0B' with importer (ScriptedImporter : UnityEditor.QuickSearchModule:UnityEditor.Search:ASIAI0B)
Imported 'GUID: 50d5ff9fe4ab4477b7ea648da183e9d1' -> (Import Result ID: 'a17fe5ee92c4496f5fca3689c8ac0158') in 0.001 seconds [static and dynamic dependencies]. Details - ImportResultOutputID=89f37d2721b5650a178f7c67f49bbe73 DependenciesID=4789aa3ae61b9ed8db970fea00b1a3fb StaticDependenciesID=a980a6f3abef16466f3ca6cb6efab113 
Number of updated asset objects reloaded before import = 0
Number of asset objects unloaded after import = 0
========================================================================
Received Import Request.
  Time of request: 2026-09-21T20:08:01.438049Z
  Time since last request: 0.000127625 seconds.
  importAddress: GUID: c7a8b0317f4e68556d7509828e9e211e - Path: Packages/com.unity.modules.xr/package.ModuleCompilationTrigger - Importer: ScriptedImporter/UnityEditor.QuickSearchModule:UnityEditor.Search:ASIAI0B
Importing 'GUID: c7a8b0317f4e68556d7509828e9e211e - Path: Packages/com.unity.modules.xr/package.ModuleCompilationTrigger - Importer: ScriptedImporter/UnityEditor.QuickSearchModule:UnityEditor.Search:ASIAI0B' with importer (ScriptedImporter : UnityEditor.QuickSearchModule:UnityEditor.Search:ASIAI0B)
Imported 'GUID: c7a8b0317f4e68556d7509828e9e211e' -> (Import Result ID: '2e274ba8b6567258562a218e10f77ca3') in 0.001 seconds [static and dynamic dependencies]. Details - ImportResultOutputID=89f2026294266a9bbd12823c8def27e7 DependenciesID=18ea8836b02213bf6e700c67c9227fde StaticDependenciesID=8ef61a630221eef84923300b3d6d6859 
Number of updated asset objects reloaded before import = 0
Number of asset objects unloaded after import = 1
========================================================================
Received Import Request.
  Time of request: 2026-09-21T20:08:01.439121Z
  Time since last request: 0.000206833 seconds.
  importAddress: GUID: 185e678d90804a8a85ab38276eca86fb - Path: Packages/com.unity.multiplayer.center/Editor/Analytics/MultiplayerCenterAnalytics.cs - Importer: ScriptedImporter/UnityEditor.QuickSearchModule:UnityEditor.Search:ASIAI0B
Importing 'GUID: 185e678d90804a8a85ab38276eca86fb - Path: Packages/com.unity.multiplayer.center/Editor/Analytics/MultiplayerCenterAnalytics.cs - Importer: ScriptedImporter/UnityEditor.QuickSearchModule:UnityEditor.Search:ASIAI0B' with importer (ScriptedImporter : UnityEditor.QuickSearchModule:UnityEditor.Search:ASIAI0B)
Imported 'GUID: 185e678d90804a8a85ab38276eca86fb' -> (Import Result ID: '0678f638defefe354f6916416e803209') in 0.001 seconds [static and dynamic dependencies]. Details - ImportResultOutputID=fc09a6d37de98f590aafad4359c6f2af DependenciesID=c1d7d2b6aadec72e947351fd0b00217d StaticDependenciesID=872841e00a54bc0c2a8bae3ea2dd5959 
Number of updated asset objects reloaded before import = 0
Number of asset objects unloaded after import = 0
========================================================================
Received Import Request.
  Time of request: 2026-09-21T20:08:01.440273Z
  Time since last request: 0.000254333 seconds.
  importAddress: GUID: 70554f6c9e4114e1084bb38f9ea400ce - Path: Packages/com.unity.multiplayer.center/LICENSE.md - Importer: ScriptedImporter/UnityEditor.QuickSearchModule:UnityEditor.Search:ASIAI0B
Importing 'GUID: 70554f6c9e4114e1084bb38f9ea400ce - Path: Packages/com.unity.multiplayer.center/LICENSE.md - Importer: ScriptedImporter/UnityEditor.QuickSearchModule:UnityEditor.Search:ASIAI0B' with importer (ScriptedImporter : UnityEditor.QuickSearchModule:UnityEditor.Search:ASIAI0B)
Imported 'GUID: 70554f6c9e4114e1084bb38f9ea400ce' -> (Import Result ID: '00460c9cb5d9b52e44ae0e9b50bc3ffc') in 0.001 seconds [static and dynamic dependencies]. Details - ImportResultOutputID=2c5a26eacd877d1d35d2332d9e9b47c8 DependenciesID=49a03658757b9c73d07404d53b9779d7 StaticDependenciesID=bb8c844fdb7e2076a482a925f8d6e794 
Number of updated asset objects reloaded before import = 0
Number of asset objects unloaded after import = 1
========================================================================
Received Import Request.
  Time of request: 2026-09-21T20:08:01.441391Z
  Time since last request: 0.000129583 seconds.
  importAddress: GUID: 80beef77cb19e713c7c2d481b65ed485 - Path: Packages/com.unity.modules.screencapture/package.json - Importer: ScriptedImporter/UnityEditor.QuickSearchModule:UnityEditor.Search:ASIAI0B
Importing 'GUID: 80beef77cb19e713c7c2d481b65ed485 - Path: Packages/com.unity.modules.screencapture/package.json - Importer: ScriptedImporter/UnityEditor.QuickSearchModule:UnityEditor.Search:ASIAI0B' with importer (ScriptedImporter : UnityEditor.QuickSearchModule:UnityEditor.Search:ASIAI0B)
Imported 'GUID: 80beef77cb19e713c7c2d481b65ed485' -> (Import Result ID: '4ba6a9ae46bfc4bc036dfd16dc87a977') in 0.001 seconds [static and dynamic dependencies]. Details - ImportResultOutputID=a0ec977b33217d657cf6270b08c5da6d DependenciesID=8bd5c7b71cebe287ff8284c2881e89f6 StaticDependenciesID=1e4ef652d9a7d883d408b74b442be9fb 
Number of updated asset objects reloaded before import = 0
Number of asset objects unloaded after import = 1
========================================================================
Received Import Request.
  Time of request: 2026-09-21T20:08:01.442286Z
  Time since last request: 0.000135167 seconds.
  importAddress: GUID: df0857f6a11054383be91b1f8e1b5800 - Path: Packages/com.unity.multiplayer.center/package.json - Importer: ScriptedImporter/UnityEditor.QuickSearchModule:UnityEditor.Search:ASIAI0B
Importing 'GUID: df0857f6a11054383be91b1f8e1b5800 - Path: Packages/com.unity.multiplayer.center/package.json - Importer: ScriptedImporter/UnityEditor.QuickSearchModule:UnityEditor.Search:ASIAI0B' with importer (ScriptedImporter : UnityEditor.QuickSearchModule:UnityEditor.Search:ASIAI0B)
Imported 'GUID: df0857f6a11054383be91b1f8e1b5800' -> (Import Result ID: '12f34261cd9ddaa802b7a806992b7f7e') in 0.001 seconds [static and dynamic dependencies]. Details - ImportResultOutputID=85c85ce3d6dcae2b0cdcf21a3c042b77 DependenciesID=21f2a2f375a15ce1a59dd963c480df8f StaticDependenciesID=20fb40fcd632027c3956c9fde0b57545 
Number of updated asset objects reloaded before import = 0
Number of asset objects unloaded after import = 1
========================================================================
Received Import Request.
  Time of request: 2026-09-21T20:08:01.443357Z
  Time since last request: 0.000160542 seconds.
  importAddress: GUID: be17709716f1648caa5de6d0c38103ed - Path: Packages/com.unity.multiplayer.center/Editor/Unity.Multiplayer.Center.Editor.asmdef - Importer: ScriptedImporter/UnityEditor.QuickSearchModule:UnityEditor.Search:ASIAI0B
Importing 'GUID: be17709716f1648caa5de6d0c38103ed - Path: Packages/com.unity.multiplayer.center/Editor/Unity.Multiplayer.Center.Editor.asmdef - Importer: ScriptedImporter/UnityEditor.QuickSearchModule:UnityEditor.Search:ASIAI0B' with importer (ScriptedImporter : UnityEditor.QuickSearchModule:UnityEditor.Search:ASIAI0B)
Imported 'GUID: be17709716f1648caa5de6d0c38103ed' -> (Import Result ID: '0b4ec149299a9c30b342290278202b17') in 0.003 seconds [static and dynamic dependencies]. Details - ImportResultOutputID=4116ac2775174a4aecc3f1befbeab4bb DependenciesID=d62b7a5815b0ed04542c63b135460458 StaticDependenciesID=371ba83ba83c3d9b3fd928186d534e86 
Number of updated asset objects reloaded before import = 0
Number of asset objects unloaded after import = 1
========================================================================
Received Import Request.
  Time of request: 2026-09-21T20:08:01.446121Z
  Time since last request: 0.000149125 seconds.
  importAddress: GUID: ae87256f29d9c8b50490f4caf75b2c41 - Path: Packages/com.unity.modules.unitywebrequestwww/package.ModuleCompilationTrigger - Importer: ScriptedImporter/UnityEditor.QuickSearchModule:UnityEditor.Search:ASIAI0B
Importing 'GUID: ae87256f29d9c8b50490f4caf75b2c41 - Path: Packages/com.unity.modules.unitywebrequestwww/package.ModuleCompilationTrigger - Importer: ScriptedImporter/UnityEditor.QuickSearchModule:UnityEditor.Search:ASIAI0B' with importer (ScriptedImporter : UnityEditor.QuickSearchModule:UnityEditor.Search:ASIAI0B)
Imported 'GUID: ae87256f29d9c8b50490f4caf75b2c41' -> (Import Result ID: '6eab495948b9529fddc82a93742fe2e6') in 0.001 seconds [static and dynamic dependencies]. Details - ImportResultOutputID=a8e67aee6520048f34aee05920b99b3f DependenciesID=a4724231bff4bd3b787a5bac5bf979e0 StaticDependenciesID=437a9f907ef2a846d8f3b099ac4c551c 
Number of updated asset objects reloaded before import = 0
Number of asset objects unloaded after import = 1
========================================================================
Received Import Request.
  Time of request: 2026-09-21T20:08:01.447715Z
  Time since last request: 0.000277792 seconds.
  importAddress: GUID: 676a3852811f4199813ce7f6dbac6880 - Path: Packages/com.unity.multiplayer.center/Editor/Features/PackageManagement.cs - Importer: ScriptedImporter/UnityEditor.QuickSearchModule:UnityEditor.Search:ASIAI0B
Importing 'GUID: 676a3852811f4199813ce7f6dbac6880 - Path: Packages/com.unity.multiplayer.center/Editor/Features/PackageManagement.cs - Importer: ScriptedImporter/UnityEditor.QuickSearchModule:UnityEditor.Search:ASIAI0B' with importer (ScriptedImporter : UnityEditor.QuickSearchModule:UnityEditor.Search:ASIAI0B)
Imported 'GUID: 676a3852811f4199813ce7f6dbac6880' -> (Import Result ID: '3bd5766a8efc2ccf6f2943e0924cca84') in 0.001 seconds [static and dynamic dependencies]. Details - ImportResultOutputID=f2b8f7f9b2319f97572959b11f01116a DependenciesID=20b83bab8845f56ba78a8b42f0e4a595 StaticDependenciesID=f714e5596de0fff63bb6e57d758d1a48 
Number of updated asset objects reloaded before import = 0
Number of asset objects unloaded after import = 0
========================================================================
Received Import Request.
  Time of request: 2026-09-21T20:08:01.448843Z
  Time since last request: 0.000215333 seconds.
  importAddress: GUID: 052c764978664486a9c04518899ddf57 - Path: Packages/com.unity.multiplayer.center/Editor/MultiplayerCenterWindow/RecommendationTabView.cs - Importer: ScriptedImporter/UnityEditor.QuickSearchModule:UnityEditor.Search:ASIAI0B
Importing 'GUID: 052c764978664486a9c04518899ddf57 - Path: Packages/com.unity.multiplayer.center/Editor/MultiplayerCenterWindow/RecommendationTabView.cs - Importer: ScriptedImporter/UnityEditor.QuickSearchModule:UnityEditor.Search:ASIAI0B' with importer (ScriptedImporter : UnityEditor.QuickSearchModule:UnityEditor.Search:ASIAI0B)
Imported 'GUID: 052c764978664486a9c04518899ddf57' -> (Import Result ID: '3b2ed8a5e1f9d13fab1ef46ef046adb9') in 0.001 seconds [static and dynamic dependencies]. Details - ImportResultOutputID=198997f000f02d7d9abd97328d23f162 DependenciesID=40427277577a9678f97b841c5da384ff StaticDependenciesID=691aaa675ebd5e608716caa3b785e51d 
Number of updated asset objects reloaded before import = 0
Number of asset objects unloaded after import = 0
========================================================================
Received Import Request.
  Time of request: 2026-09-21T20:08:01.449704Z
  Time since last request: 0.000141083 seconds.
  importAddress: GUID: a31a332ce3485f00f7df8d987302a29c - Path: Packages/com.unity.modules.unitywebrequesttexture/package.ModuleCompilationTrigger - Importer: ScriptedImporter/UnityEditor.QuickSearchModule:UnityEditor.Search:ASIAI0B
Importing 'GUID: a31a332ce3485f00f7df8d987302a29c - Path: Packages/com.unity.modules.unitywebrequesttexture/package.ModuleCompilationTrigger - Importer: ScriptedImporter/UnityEditor.QuickSearchModule:UnityEditor.Search:ASIAI0B' with importer (ScriptedImporter : UnityEditor.QuickSearchModule:UnityEditor.Search:ASIAI0B)
Imported 'GUID: a31a332ce3485f00f7df8d987302a29c' -> (Import Result ID: '873cb6a6cb42e6af2d96fcaa4f98c974') in 0.001 seconds [static and dynamic dependencies]. Details - ImportResultOutputID=c1034cea07535030bb11c2f49848c52f DependenciesID=57b51da99129750b2d975a155538a8c4 StaticDependenciesID=55dd8749b9f6530e7d2c275e03594a2a 
Number of updated asset objects reloaded before import = 0
Number of asset objects unloaded after import = 1
========================================================================
Received Import Request.
  Time of request: 2026-09-21T20:08:01.450443Z
  Time since last request: 0.000120375 seconds.
  importAddress: GUID: d1084186a4004823abee9b87c8ddf198 - Path: Packages/com.unity.multiplayer.center/Editor/MultiplayerCenterWindow/RecommendationViewBottomBar.cs - Importer: ScriptedImporter/UnityEditor.QuickSearchModule:UnityEditor.Search:ASIAI0B
Importing 'GUID: d1084186a4004823abee9b87c8ddf198 - Path: Packages/com.unity.multiplayer.center/Editor/MultiplayerCenterWindow/RecommendationViewBottomBar.cs - Importer: ScriptedImporter/UnityEditor.QuickSearchModule:UnityEditor.Search:ASIAI0B' with importer (ScriptedImporter : UnityEditor.QuickSearchModule:UnityEditor.Search:ASIAI0B)
Imported 'GUID: d1084186a4004823abee9b87c8ddf198' -> (Import Result ID: '9d6000eb295dec0a20a0d0eb07042da1') in 0.001 seconds [static and dynamic dependencies]. Details - ImportResultOutputID=f4d4686933c007caa47486a1a4586c6b DependenciesID=45c105716ccbb34ff68ca2530e951116 StaticDependenciesID=17d0a1631d1dc741c13b832a73b7923e 
Number of updated asset objects reloaded before import = 0
Number of asset objects unloaded after import = 0
========================================================================
Received Import Request.
  Time of request: 2026-09-21T20:08:01.451364Z
  Time since last request: 0.000141125 seconds.
  importAddress: GUID: d85e5eeaf8f135aeaaebdc8aa3cff6c3 - Path: Packages/com.unity.modules.umbra/package.json - Importer: ScriptedImporter/UnityEditor.QuickSearchModule:UnityEditor.Search:ASIAI0B
Importing 'GUID: d85e5eeaf8f135aeaaebdc8aa3cff6c3 - Path: Packages/com.unity.modules.umbra/package.json - Importer: ScriptedImporter/UnityEditor.QuickSearchModule:UnityEditor.Search:ASIAI0B' with importer (ScriptedImporter : UnityEditor.QuickSearchModule:UnityEditor.Search:ASIAI0B)
Imported 'GUID: d85e5eeaf8f135aeaaebdc8aa3cff6c3' -> (Import Result ID: '1a9e4d0aae7d6f7a39a6c0367e077214') in 0.001 seconds [static and dynamic dependencies]. Details - ImportResultOutputID=89e5dfd5a38ac9b825ab0cbb10c77718 DependenciesID=b6cebbbb07a6b68e093a31aec04d2dca StaticDependenciesID=d28e9e82a5a0ffd2bf4a43ec869f2a46 
Number of updated asset objects reloaded before import = 0
Number of asset objects unloaded after import = 1
========================================================================
Received Import Request.
  Time of request: 2026-09-21T20:08:01.452875Z
  Time since last request: 0.000143875 seconds.
  importAddress: GUID: 84abd2ab34a74600a33a3bb9d72859fe - Path: Packages/com.unity.multiplayer.center/Common/Unity.Multiplayer.Center.Common.asmdef - Importer: ScriptedImporter/UnityEditor.QuickSearchModule:UnityEditor.Search:ASIAI0B
Importing 'GUID: 84abd2ab34a74600a33a3bb9d72859fe - Path: Packages/com.unity.multiplayer.center/Common/Unity.Multiplayer.Center.Common.asmdef - Importer: ScriptedImporter/UnityEditor.QuickSearchModule:UnityEditor.Search:ASIAI0B' with importer (ScriptedImporter : UnityEditor.QuickSearchModule:UnityEditor.Search:ASIAI0B)
Imported 'GUID: 84abd2ab34a74600a33a3bb9d72859fe' -> (Import Result ID: '5ff4d6d0faa7637ee09e91d9023e6999') in 0.001 seconds [static and dynamic dependencies]. Details - ImportResultOutputID=f1686e752e399fd65436b0effb3842f6 DependenciesID=da4a3a2f794d389b2b0f1fcf51069ac4 StaticDependenciesID=10e8e2f9e4322071dfeb7039df429088 
Number of updated asset objects reloaded before import = 0
Number of asset objects unloaded after import = 1
========================================================================
Received Import Request.
  Time of request: 2026-09-21T20:08:01.453858Z
  Time since last request: 0.0001485 seconds.
  importAddress: GUID: 4b518b37798c97b0f860962cbf615533 - Path: Packages/com.unity.modules.unitywebrequestaudio/package.json - Importer: ScriptedImporter/UnityEditor.QuickSearchModule:UnityEditor.Search:ASIAI0B
Importing 'GUID: 4b518b37798c97b0f860962cbf615533 - Path: Packages/com.unity.modules.unitywebrequestaudio/package.json - Importer: ScriptedImporter/UnityEditor.QuickSearchModule:UnityEditor.Search:ASIAI0B' with importer (ScriptedImporter : UnityEditor.QuickSearchModule:UnityEditor.Search:ASIAI0B)
Imported 'GUID: 4b518b37798c97b0f860962cbf615533' -> (Import Result ID: '9e6fb422f71fd7757f77434152146315') in 0.001 seconds [static and dynamic dependencies]. Details - ImportResultOutputID=8ac991145f9b64354537d45f8d340424 DependenciesID=19c685badf2a3ad028b892695dc3c576 StaticDependenciesID=53df6d41771e237c16fd4ac97c87737f 
Number of updated asset objects reloaded before import = 0
Number of asset objects unloaded after import = 1
========================================================================
Received Import Request.
  Time of request: 2026-09-21T20:08:01.454834Z
  Time since last request: 0.0001245 seconds.
  importAddress: GUID: ec737041edec4a5b93f7953a6ffe9f06 - Path: Packages/com.unity.multiplayer.center/Common/SelectedSolutionsData.cs - Importer: ScriptedImporter/UnityEditor.QuickSearchModule:UnityEditor.Search:ASIAI0B
Importing 'GUID: ec737041edec4a5b93f7953a6ffe9f06 - Path: Packages/com.unity.multiplayer.center/Common/SelectedSolutionsData.cs - Importer: ScriptedImporter/UnityEditor.QuickSearchModule:UnityEditor.Search:ASIAI0B' with importer (ScriptedImporter : UnityEditor.QuickSearchModule:UnityEditor.Search:ASIAI0B)
Imported 'GUID: ec737041edec4a5b93f7953a6ffe9f06' -> (Import Result ID: 'e9daf0e69fd38c70bc55c7fcedffa8a6') in 0.001 seconds [static and dynamic dependencies]. Details - ImportResultOutputID=73cd091e5b1e078644fd6039e8f8b164 DependenciesID=a7996a0731b420d7b2ad6083ff3f1662 StaticDependenciesID=1a95b267593e5c71e03af3fb8924576e 
Number of updated asset objects reloaded before import = 0
Number of asset objects unloaded after import = 0
========================================================================
Received Import Request.
  Time of request: 2026-09-21T20:08:01.455837Z
  Time since last request: 0.000320084 seconds.
  importAddress: GUID: b5930dbc378b45d406aeb881f06b6dfa - Path: Packages/com.unity.modules.physicscore2d/package.json - Importer: ScriptedImporter/UnityEditor.QuickSearchModule:UnityEditor.Search:ASIAI0B
Importing 'GUID: b5930dbc378b45d406aeb881f06b6dfa - Path: Packages/com.unity.modules.physicscore2d/package.json - Importer: ScriptedImporter/UnityEditor.QuickSearchModule:UnityEditor.Search:ASIAI0B' with importer (ScriptedImporter : UnityEditor.QuickSearchModule:UnityEditor.Search:ASIAI0B)
Imported 'GUID: b5930dbc378b45d406aeb881f06b6dfa' -> (Import Result ID: 'cfa5e167e23bfab7c3c9527c842f91ea') in 0.001 seconds [static and dynamic dependencies]. Details - ImportResultOutputID=da270aa64db7d0ee324644c6cc5e1b6b DependenciesID=783fbdf91bc49d7394e0c5adf66cc0e9 StaticDependenciesID=b0217c15a86b3402b4dea036464d3a76 
Number of updated asset objects reloaded before import = 0
Number of asset objects unloaded after import = 1
========================================================================
Received Import Request.
  Time of request: 2026-09-21T20:08:01.456734Z
  Time since last request: 0.000132833 seconds.
  importAddress: GUID: a1c42005fe7c5d78585a77ce396a5eea - Path: Packages/com.unity.modules.tilemap/package.ModuleCompilationTrigger - Importer: ScriptedImporter/UnityEditor.QuickSearchModule:UnityEditor.Search:ASIAI0B
Importing 'GUID: a1c42005fe7c5d78585a77ce396a5eea - Path: Packages/com.unity.modules.tilemap/package.ModuleCompilationTrigger - Importer: ScriptedImporter/UnityEditor.QuickSearchModule:UnityEditor.Search:ASIAI0B' with importer (ScriptedImporter : UnityEditor.QuickSearchModule:UnityEditor.Search:ASIAI0B)
Imported 'GUID: a1c42005fe7c5d78585a77ce396a5eea' -> (Import Result ID: 'd99df2c80a9665a54b17cc79771e24bc') in 0.001 seconds [static and dynamic dependencies]. Details - ImportResultOutputID=0a6540f5aaa1fa9dca8800cf8291ca02 DependenciesID=8f33e9e1dfb421697b03bfae3e7430b0 StaticDependenciesID=6b24b6182ee74f833622d98f7f941e5b 
Number of updated asset objects reloaded before import = 0
Number of asset objects unloaded after import = 1
========================================================================
Received Import Request.
  Time of request: 2026-09-21T20:08:01.457527Z
  Time since last request: 0.000126458 seconds.
  importAddress: GUID: e9faa4a7023c43c5805642250c703f48 - Path: Packages/com.unity.multiplayer.center/Editor/Analytics/OnboardingSectionAnalyticsProvider.cs - Importer: ScriptedImporter/UnityEditor.QuickSearchModule:UnityEditor.Search:ASIAI0B
Importing 'GUID: e9faa4a7023c43c5805642250c703f48 - Path: Packages/com.unity.multiplayer.center/Editor/Analytics/OnboardingSectionAnalyticsProvider.cs - Importer: ScriptedImporter/UnityEditor.QuickSearchModule:UnityEditor.Search:ASIAI0B' with importer (ScriptedImporter : UnityEditor.QuickSearchModule:UnityEditor.Search:ASIAI0B)
Imported 'GUID: e9faa4a7023c43c5805642250c703f48' -> (Import Result ID: 'b1eb17bce2e892c1669fad22b8d59e44') in 0.001 seconds [static and dynamic dependencies]. Details - ImportResultOutputID=09f8de618682fd3d7e875a0c4233b855 DependenciesID=f16780c00758822bca001217acb7000a StaticDependenciesID=f6db59a54f3f0bdad0e550bfc931882d 
Number of updated asset objects reloaded before import = 0
Number of asset objects unloaded after import = 0
========================================================================
Received Import Request.
  Time of request: 2026-09-21T20:08:01.458322Z
  Time since last request: 0.000112084 seconds.
  importAddress: GUID: fcbb62ff857b4cf49e74f5f9aca6e8d6 - Path: Packages/com.unity.multiplayer.center/Editor/OnBoarding/SectionsFinder.cs - Importer: ScriptedImporter/UnityEditor.QuickSearchModule:UnityEditor.Search:ASIAI0B
Importing 'GUID: fcbb62ff857b4cf49e74f5f9aca6e8d6 - Path: Packages/com.unity.multiplayer.center/Editor/OnBoarding/SectionsFinder.cs - Importer: ScriptedImporter/UnityEditor.QuickSearchModule:UnityEditor.Search:ASIAI0B' with importer (ScriptedImporter : UnityEditor.QuickSearchModule:UnityEditor.Search:ASIAI0B)
Imported 'GUID: fcbb62ff857b4cf49e74f5f9aca6e8d6' -> (Import Result ID: '222abaabfa51c9192030b0a67f15babb') in 0.001 seconds [static and dynamic dependencies]. Details - ImportResultOutputID=3bccca43c86bbfa5ff3f0a634f2c499a DependenciesID=4906c8633aac76ea55edccf0f3087fc9 StaticDependenciesID=f60bcf4ea36dafd1421e7f655d485025 
Number of updated asset objects reloaded before import = 0
Number of asset objects unloaded after import = 0
========================================================================
Received Import Request.
  Time of request: 2026-09-21T20:08:01.45904Z
  Time since last request: 0.000114875 seconds.
  importAddress: GUID: cbb1a39d56ce4d9ac1a46ac505893fa7 - Path: Packages/com.unity.modules.terrainphysics/package.ModuleCompilationTrigger - Importer: ScriptedImporter/UnityEditor.QuickSearchModule:UnityEditor.Search:ASIAI0B
Importing 'GUID: cbb1a39d56ce4d9ac1a46ac505893fa7 - Path: Packages/com.unity.modules.terrainphysics/package.ModuleCompilationTrigger - Importer: ScriptedImporter/UnityEditor.QuickSearchModule:UnityEditor.Search:ASIAI0B' with importer (ScriptedImporter : UnityEditor.QuickSearchModule:UnityEditor.Search:ASIAI0B)
Imported 'GUID: cbb1a39d56ce4d9ac1a46ac505893fa7' -> (Import Result ID: 'e339dac6f7493e48c2cfdad03a3c4add') in 0.001 seconds [static and dynamic dependencies]. Details - ImportResultOutputID=dec72bfeb94a4569da727649839881ef DependenciesID=d04625a47c2a94faae48278c165b1449 StaticDependenciesID=a72dd1b071fbac5615e5c68ddf0e0493 
Number of updated asset objects reloaded before import = 0
Number of asset objects unloaded after import = 1
========================================================================
Received Import Request.
  Time of request: 2026-09-21T20:08:01.460182Z
  Time since last request: 0.000324333 seconds.
  importAddress: GUID: cd561f5f687aed43bf280c27a84f79e3 - Path: Packages/com.unity.modules.screencapture/package.ModuleCompilationTrigger - Importer: ScriptedImporter/UnityEditor.QuickSearchModule:UnityEditor.Search:ASIAI0B
Importing 'GUID: cd561f5f687aed43bf280c27a84f79e3 - Path: Packages/com.unity.modules.screencapture/package.ModuleCompilationTrigger - Importer: ScriptedImporter/UnityEditor.QuickSearchModule:UnityEditor.Search:ASIAI0B' with importer (ScriptedImporter : UnityEditor.QuickSearchModule:UnityEditor.Search:ASIAI0B)
Imported 'GUID: cd561f5f687aed43bf280c27a84f79e3' -> (Import Result ID: '21cb0d1fea70569d4bcf692c7c96d35c') in 0.001 seconds [static and dynamic dependencies]. Details - ImportResultOutputID=31a4e99fc368d3a1ee1f6217723809e5 DependenciesID=a8786e610df7666dca5d8fbe81233a60 StaticDependenciesID=462d53b40b3e1138d927b024815499b9 
Number of updated asset objects reloaded before import = 0
Number of asset objects unloaded after import = 1
========================================================================
Received Import Request.
  Time of request: 2026-09-21T20:08:01.460965Z
  Time since last request: 0.000141375 seconds.
  importAddress: GUID: 1b6246f2248883964991eac9e9b4817c - Path: Packages/com.unity.modules.umbra/package.ModuleCompilationTrigger - Importer: ScriptedImporter/UnityEditor.QuickSearchModule:UnityEditor.Search:ASIAI0B
Importing 'GUID: 1b6246f2248883964991eac9e9b4817c - Path: Packages/com.unity.modules.umbra/package.ModuleCompilationTrigger - Importer: ScriptedImporter/UnityEditor.QuickSearchModule:UnityEditor.Search:ASIAI0B' with importer (ScriptedImporter : UnityEditor.QuickSearchModule:UnityEditor.Search:ASIAI0B)
Imported 'GUID: 1b6246f2248883964991eac9e9b4817c' -> (Import Result ID: '599f60f7eda8e7f88607d942ba30ed78') in 0.001 seconds [static and dynamic dependencies]. Details - ImportResultOutputID=83f2b3bf9891cbfd4285fdb7a0d40cfa DependenciesID=9279a21be1e1edb4ab0f880ec58fd2e8 StaticDependenciesID=e06c91cb5e498cfc7dc997e5d37f5dba 
Number of updated asset objects reloaded before import = 0
Number of asset objects unloaded after import = 1
========================================================================
Received Import Request.
  Time of request: 2026-09-21T20:08:01.461939Z
  Time since last request: 0.000265625 seconds.
  importAddress: GUID: c8f6fa942856442b8bd72594d3ce7363 - Path: Packages/com.unity.multiplayer.center/Third Party Notices.md - Importer: ScriptedImporter/UnityEditor.QuickSearchModule:UnityEditor.Search:ASIAI0B
Importing 'GUID: c8f6fa942856442b8bd72594d3ce7363 - Path: Packages/com.unity.multiplayer.center/Third Party Notices.md - Importer: ScriptedImporter/UnityEditor.QuickSearchModule:UnityEditor.Search:ASIAI0B' with importer (ScriptedImporter : UnityEditor.QuickSearchModule:UnityEditor.Search:ASIAI0B)
Imported 'GUID: c8f6fa942856442b8bd72594d3ce7363' -> (Import Result ID: 'a0a9fbb0e7006baf5a9716dc86994bd7') in 0.001 seconds [static and dynamic dependencies]. Details - ImportResultOutputID=64860abbb819c0cffbc57aed5bd37c7c DependenciesID=0ed3cd84e58380d011b13caaf1f8a17b StaticDependenciesID=68a7a4c8a7d640afe17ecdfc6e8dbae9 
Number of updated asset objects reloaded before import = 0
Number of asset objects unloaded after import = 1
========================================================================
Received Import Request.
  Time of request: 2026-09-21T20:08:01.46289Z
  Time since last request: 0.000096083 seconds.
  importAddress: GUID: 40bf3cec17fa0b49fe04443c8332d638 - Path: Packages/com.unity.modules.jsonserialize/package.json - Importer: ScriptedImporter/UnityEditor.QuickSearchModule:UnityEditor.Search:ASIAI0B
Importing 'GUID: 40bf3cec17fa0b49fe04443c8332d638 - Path: Packages/com.unity.modules.jsonserialize/package.json - Importer: ScriptedImporter/UnityEditor.QuickSearchModule:UnityEditor.Search:ASIAI0B' with importer (ScriptedImporter : UnityEditor.QuickSearchModule:UnityEditor.Search:ASIAI0B)
Imported 'GUID: 40bf3cec17fa0b49fe04443c8332d638' -> (Import Result ID: '9d5f717a84e679e414ef6bc2c9b53c07') in 0.001 seconds [static and dynamic dependencies]. Details - ImportResultOutputID=24b829d7db62ab91c29129f760b217e4 DependenciesID=4c2377a02cd187fb1233f03b842c86ff StaticDependenciesID=3196012a44cda25ba5fb4fae72400548 
Number of updated asset objects reloaded before import = 0
Number of asset objects unloaded after import = 1
========================================================================
Received Import Request.
  Time of request: 2026-09-21T20:08:01.463796Z
  Time since last request: 0.000145333 seconds.
  importAddress: GUID: 042dc296246916648e55a43d0eeb2036 - Path: Packages/com.unity.modules.audio/package.ModuleCompilationTrigger - Importer: ScriptedImporter/UnityEditor.QuickSearchModule:UnityEditor.Search:ASIAI0B
Importing 'GUID: 042dc296246916648e55a43d0eeb2036 - Path: Packages/com.unity.modules.audio/package.ModuleCompilationTrigger - Importer: ScriptedImporter/UnityEditor.QuickSearchModule:UnityEditor.Search:ASIAI0B' with importer (ScriptedImporter : UnityEditor.QuickSearchModule:UnityEditor.Search:ASIAI0B)
Imported 'GUID: 042dc296246916648e55a43d0eeb2036' -> (Import Result ID: '0e50c8b8b8388d2fe402d2795e59b5fb') in 0.001 seconds [static and dynamic dependencies]. Details - ImportResultOutputID=a61df029eece6210f56ee84f132437a7 DependenciesID=faf51ddfc74b8af0d8edc575e50a0ab7 StaticDependenciesID=ecad093def8bb1ef3867aead18dda637 
Number of updated asset objects reloaded before import = 0
Number of asset objects unloaded after import = 1
========================================================================
Received Import Request.
  Time of request: 2026-09-21T20:08:01.464724Z
  Time since last request: 0.00030075 seconds.
  importAddress: GUID: d3cbe921f7b3d9a3257e7c61a5761796 - Path: Packages/com.unity.modules.terrainphysics/package.json - Importer: ScriptedImporter/UnityEditor.QuickSearchModule:UnityEditor.Search:ASIAI0B
Importing 'GUID: d3cbe921f7b3d9a3257e7c61a5761796 - Path: Packages/com.unity.modules.terrainphysics/package.json - Importer: ScriptedImporter/UnityEditor.QuickSearchModule:UnityEditor.Search:ASIAI0B' with importer (ScriptedImporter : UnityEditor.QuickSearchModule:UnityEditor.Search:ASIAI0B)
Imported 'GUID: d3cbe921f7b3d9a3257e7c61a5761796' -> (Import Result ID: '023e9fd5e82f5846bdb2a87937eed17a') in 0.001 seconds [static and dynamic dependencies]. Details - ImportResultOutputID=f6c46c5576b19a1d288eab377194ed6c DependenciesID=e4ac44b33ff81e40c37edf35e915f7b0 StaticDependenciesID=28a2c42e993be05a95bf518d5a40475d 
Number of updated asset objects reloaded before import = 0
Number of asset objects unloaded after import = 1
========================================================================
Received Import Request.
  Time of request: 2026-09-21T20:08:01.465619Z
  Time since last request: 0.00012175 seconds.
  importAddress: GUID: 14e86f88e9a8c9c448d7e7df92f2aeec - Path: Packages/com.unity.modules.physicscore2d/package.ModuleCompilationTrigger - Importer: ScriptedImporter/UnityEditor.QuickSearchModule:UnityEditor.Search:ASIAI0B
Importing 'GUID: 14e86f88e9a8c9c448d7e7df92f2aeec - Path: Packages/com.unity.modules.physicscore2d/package.ModuleCompilationTrigger - Importer: ScriptedImporter/UnityEditor.QuickSearchModule:UnityEditor.Search:ASIAI0B' with importer (ScriptedImporter : UnityEditor.QuickSearchModule:UnityEditor.Search:ASIAI0B)
Imported 'GUID: 14e86f88e9a8c9c448d7e7df92f2aeec' -> (Import Result ID: '849a3a98edb2f75b8b504323de2c0fb3') in 0.001 seconds [static and dynamic dependencies]. Details - ImportResultOutputID=05e74a5a54981fb32df57c363268cdd6 DependenciesID=d78a0c237cf18c554b598fc2a4dd8d52 StaticDependenciesID=e2874be0511683b2e3c8487c49d4b47e 
Number of updated asset objects reloaded before import = 0
Number of asset objects unloaded after import = 1
========================================================================
Received Import Request.
  Time of request: 2026-09-21T20:08:01.466314Z
  Time since last request: 0.000109125 seconds.
  importAddress: GUID: 51566b3736df4282bbe76645014b0cc5 - Path: Packages/com.unity.multiplayer.center/Editor/AssemblyInfo.cs - Importer: ScriptedImporter/UnityEditor.QuickSearchModule:UnityEditor.Search:ASIAI0B
Importing 'GUID: 51566b3736df4282bbe76645014b0cc5 - Path: Packages/com.unity.multiplayer.center/Editor/AssemblyInfo.cs - Importer: ScriptedImporter/UnityEditor.QuickSearchModule:UnityEditor.Search:ASIAI0B' with importer (ScriptedImporter : UnityEditor.QuickSearchModule:UnityEditor.Search:ASIAI0B)
Imported 'GUID: 51566b3736df4282bbe76645014b0cc5' -> (Import Result ID: 'cf8641549ce399d29d8a85a5312e01b1') in 0.001 seconds [static and dynamic dependencies]. Details - ImportResultOutputID=e07410039a726fe661ee4a8416ff109c DependenciesID=3ee774c3f2caa827f0bc10e9dbbceceb StaticDependenciesID=991c344acc7b04b98731622b67447235 
Number of updated asset objects reloaded before import = 0
Number of asset objects unloaded after import = 0
========================================================================
Received Import Request.
  Time of request: 2026-09-21T20:08:01.467145Z
  Time since last request: 0.0001715 seconds.
  importAddress: GUID: 4cee1dc929764056ac40ece91efef712 - Path: Packages/com.unity.multiplayer.center/Editor/Analytics/AnalyticsData.cs - Importer: ScriptedImporter/UnityEditor.QuickSearchModule:UnityEditor.Search:ASIAI0B
Importing 'GUID: 4cee1dc929764056ac40ece91efef712 - Path: Packages/com.unity.multiplayer.center/Editor/Analytics/AnalyticsData.cs - Importer: ScriptedImporter/UnityEditor.QuickSearchModule:UnityEditor.Search:ASIAI0B' with importer (ScriptedImporter : UnityEditor.QuickSearchModule:UnityEditor.Search:ASIAI0B)
Imported 'GUID: 4cee1dc929764056ac40ece91efef712' -> (Import Result ID: '5eae77b19686952e3def17d7f8be09f0') in 0.001 seconds [static and dynamic dependencies]. Details - ImportResultOutputID=6add38b245e410703d5b724269e98de5 DependenciesID=7dce6b357387138a58f48c0050e8883d StaticDependenciesID=ccad821edb658c0038d705db00172a77 
Number of updated asset objects reloaded before import = 0
Number of asset objects unloaded after import = 0
========================================================================
Received Import Request.
  Time of request: 2026-09-21T20:08:01.468053Z
  Time since last request: 0.000206292 seconds.
  importAddress: GUID: d0e3ad91972c66f5238f5b9b7d5ae58a - Path: Packages/com.unity.modules.unitywebrequesttexture/package.json - Importer: ScriptedImporter/UnityEditor.QuickSearchModule:UnityEditor.Search:ASIAI0B
Importing 'GUID: d0e3ad91972c66f5238f5b9b7d5ae58a - Path: Packages/com.unity.modules.unitywebrequesttexture/package.json - Importer: ScriptedImporter/UnityEditor.QuickSearchModule:UnityEditor.Search:ASIAI0B' with importer (ScriptedImporter : UnityEditor.QuickSearchModule:UnityEditor.Search:ASIAI0B)
Imported 'GUID: d0e3ad91972c66f5238f5b9b7d5ae58a' -> (Import Result ID: '868080cadcabfd96d9c97d9e7dc6effe') in 0.001 seconds [static and dynamic dependencies]. Details - ImportResultOutputID=a48fb5dedce767f0d600184d39f459c0 DependenciesID=57a43021209a09925b9da7366941b4c4 StaticDependenciesID=eb441264f985f30e5d726b51b82cd412 
Number of updated asset objects reloaded before import = 0
Number of asset objects unloaded after import = 1
========================================================================
Received Import Request.
  Time of request: 2026-09-21T20:08:01.468962Z
  Time since last request: 0.000124125 seconds.
  importAddress: GUID: 3bbd27b3dd7be4a74aeab8da6b0af5cc - Path: Packages/com.unity.multiplayer.center/CHANGELOG.md - Importer: ScriptedImporter/UnityEditor.QuickSearchModule:UnityEditor.Search:ASIAI0B
Importing 'GUID: 3bbd27b3dd7be4a74aeab8da6b0af5cc - Path: Packages/com.unity.multiplayer.center/CHANGELOG.md - Importer: ScriptedImporter/UnityEditor.QuickSearchModule:UnityEditor.Search:ASIAI0B' with importer (ScriptedImporter : UnityEditor.QuickSearchModule:UnityEditor.Search:ASIAI0B)
Imported 'GUID: 3bbd27b3dd7be4a74aeab8da6b0af5cc' -> (Import Result ID: 'a53f9bd085f8349e9d373494589b6e74') in 0.001 seconds [static and dynamic dependencies]. Details - ImportResultOutputID=281299af80c7c5a9689bbd6e1206eb1f DependenciesID=857fb73b9271d3419556cb433f612284 StaticDependenciesID=83a06dd8920033ed46ac346590fd3dff 
Number of updated asset objects reloaded before import = 0
Number of asset objects unloaded after import = 1
========================================================================
Received Import Request.
  Time of request: 2026-09-21T20:08:01.469894Z
  Time since last request: 0.000113917 seconds.
  importAddress: GUID: 42fe78c8fe682715a2cb531422e6ccb3 - Path: Packages/com.unity.modules.imgui/package.json - Importer: ScriptedImporter/UnityEditor.QuickSearchModule:UnityEditor.Search:ASIAI0B
Importing 'GUID: 42fe78c8fe682715a2cb531422e6ccb3 - Path: Packages/com.unity.modules.imgui/package.json - Importer: ScriptedImporter/UnityEditor.QuickSearchModule:UnityEditor.Search:ASIAI0B' with importer (ScriptedImporter : UnityEditor.QuickSearchModule:UnityEditor.Search:ASIAI0B)
Imported 'GUID: 42fe78c8fe682715a2cb531422e6ccb3' -> (Import Result ID: 'b909bc1a1bb377c361913dd35e803ece') in 0.001 seconds [static and dynamic dependencies]. Details - ImportResultOutputID=7468b4eb8f9f63466fb56eb78ebb2588 DependenciesID=c182f978cd1f04ca004b1c26b12b9300 StaticDependenciesID=e97d25ab1b936703eb3c6ff20e0a4438 
Number of updated asset objects reloaded before import = 0
Number of asset objects unloaded after import = 1
========================================================================
Received Import Request.
  Time of request: 2026-09-21T20:08:01.470659Z
  Time since last request: 0.0001065 seconds.
  importAddress: GUID: dd20f32039084a12a8e48dffd4d58f48 - Path: Packages/com.unity.multiplayer.center/Editor/Analytics/DebugAnalytics.cs - Importer: ScriptedImporter/UnityEditor.QuickSearchModule:UnityEditor.Search:ASIAI0B
Importing 'GUID: dd20f32039084a12a8e48dffd4d58f48 - Path: Packages/com.unity.multiplayer.center/Editor/Analytics/DebugAnalytics.cs - Importer: ScriptedImporter/UnityEditor.QuickSearchModule:UnityEditor.Search:ASIAI0B' with importer (ScriptedImporter : UnityEditor.QuickSearchModule:UnityEditor.Search:ASIAI0B)
Imported 'GUID: dd20f32039084a12a8e48dffd4d58f48' -> (Import Result ID: '3e3fe59d71fddd08683901384c6234a1') in 0.001 seconds [static and dynamic dependencies]. Details - ImportResultOutputID=ffa2a7fcda11347726bc82c4d3d3f6f8 DependenciesID=315f8114095714e9fe2ee18520362805 StaticDependenciesID=8bac49e52ff77d061ffa2e91342259dc 
Number of updated asset objects reloaded before import = 0
Number of asset objects unloaded after import = 0
========================================================================
Received Import Request.
  Time of request: 2026-09-21T20:08:01.471428Z
  Time since last request: 0.000168875 seconds.
  importAddress: GUID: e6a135e3ea9cb46795d1b0e05ac3e1e5 - Path: Packages/com.unity.modules.jsonserialize/package.ModuleCompilationTrigger - Importer: ScriptedImporter/UnityEditor.QuickSearchModule:UnityEditor.Search:ASIAI0B
Importing 'GUID: e6a135e3ea9cb46795d1b0e05ac3e1e5 - Path: Packages/com.unity.modules.jsonserialize/package.ModuleCompilationTrigger - Importer: ScriptedImporter/UnityEditor.QuickSearchModule:UnityEditor.Search:ASIAI0B' with importer (ScriptedImporter : UnityEditor.QuickSearchModule:UnityEditor.Search:ASIAI0B)
Imported 'GUID: e6a135e3ea9cb46795d1b0e05ac3e1e5' -> (Import Result ID: 'a201c8f64dc42fab1871eb8f46f2ec2e') in 0.001 seconds [static and dynamic dependencies]. Details - ImportResultOutputID=bc46e21676578cec8bacfb5b44121718 DependenciesID=5ac7c139e0e90c65cee44a26f61a89f5 StaticDependenciesID=87cbc9f3f6f3ce3710a91df6a8119747 
Number of updated asset objects reloaded before import = 0
Number of asset objects unloaded after import = 1
========================================================================
Received Import Request.
  Time of request: 2026-09-21T20:08:01.472247Z
  Time since last request: 0.000219 seconds.
  importAddress: GUID: 71136fc5cf34f2cc10be0e33c0b08019 - Path: Packages/com.unity.modules.unityanalytics/package.ModuleCompilationTrigger - Importer: ScriptedImporter/UnityEditor.QuickSearchModule:UnityEditor.Search:ASIAI0B
Importing 'GUID: 71136fc5cf34f2cc10be0e33c0b08019 - Path: Packages/com.unity.modules.unityanalytics/package.ModuleCompilationTrigger - Importer: ScriptedImporter/UnityEditor.QuickSearchModule:UnityEditor.Search:ASIAI0B' with importer (ScriptedImporter : UnityEditor.QuickSearchModule:UnityEditor.Search:ASIAI0B)
Imported 'GUID: 71136fc5cf34f2cc10be0e33c0b08019' -> (Import Result ID: '562d69e0b49b66467d5fb2401726d320') in 0.001 seconds [static and dynamic dependencies]. Details - ImportResultOutputID=dc04f1f00ecbd747f17e05872490fcbf DependenciesID=662bf0c514610421b38ae4fa030dd05e StaticDependenciesID=0271529bae90857a75e811db014e4bb8 
Number of updated asset objects reloaded before import = 0
Number of asset objects unloaded after import = 1
========================================================================
Received Import Request.
  Time of request: 2026-09-21T20:08:01.472993Z
  Time since last request: 0.000166208 seconds.
  importAddress: GUID: 8bce0b24c28e45d884acfcf49a3b8945 - Path: Packages/com.unity.multiplayer.center/Editor/Analytics/MultiplayerCenterAnalyticsFactory.cs - Importer: ScriptedImporter/UnityEditor.QuickSearchModule:UnityEditor.Search:ASIAI0B
Importing 'GUID: 8bce0b24c28e45d884acfcf49a3b8945 - Path: Packages/com.unity.multiplayer.center/Editor/Analytics/MultiplayerCenterAnalyticsFactory.cs - Importer: ScriptedImporter/UnityEditor.QuickSearchModule:UnityEditor.Search:ASIAI0B' with importer (ScriptedImporter : UnityEditor.QuickSearchModule:UnityEditor.Search:ASIAI0B)
Imported 'GUID: 8bce0b24c28e45d884acfcf49a3b8945' -> (Import Result ID: '62b100551a002a4d6712d8ee5b36f233') in 0.001 seconds [static and dynamic dependencies]. Details - ImportResultOutputID=3787c7d03559a48e3282bd3ba913625a DependenciesID=2b6b1318736b4e6b616620821fffc30e StaticDependenciesID=104d2717fe28c015b04cac33aaf49a7c 
Number of updated asset objects reloaded before import = 0
Number of asset objects unloaded after import = 0
========================================================================
Received Import Request.
  Time of request: 2026-09-21T20:08:01.473981Z
  Time since last request: 0.000288917 seconds.
  importAddress: GUID: fa27413e9edb06a6058d6c894eca0338 - Path: Packages/com.unity.modules.unitywebrequestwww/package.json - Importer: ScriptedImporter/UnityEditor.QuickSearchModule:UnityEditor.Search:ASIAI0B
Importing 'GUID: fa27413e9edb06a6058d6c894eca0338 - Path: Packages/com.unity.modules.unitywebrequestwww/package.json - Importer: ScriptedImporter/UnityEditor.QuickSearchModule:UnityEditor.Search:ASIAI0B' with importer (ScriptedImporter : UnityEditor.QuickSearchModule:UnityEditor.Search:ASIAI0B)
Imported 'GUID: fa27413e9edb06a6058d6c894eca0338' -> (Import Result ID: 'b789f77077bcd16b5cfca8fd354e5beb') in 0.001 seconds [static and dynamic dependencies]. Details - ImportResultOutputID=35e6dccf61f4b57e263e62a05a8b1675 DependenciesID=58078283f3da9f7e13cf524cb2e86c45 StaticDependenciesID=0e7d85ab0dd6ccefb7361c20322ced49 
Number of updated asset objects reloaded before import = 0
Number of asset objects unloaded after import = 1
========================================================================
Received Import Request.
  Time of request: 2026-09-21T20:08:01.474799Z
  Time since last request: 0.000113334 seconds.
  importAddress: GUID: d2c2caab1f2642afa6c07dec054fd34f - Path: Packages/com.unity.multiplayer.center/Editor/OnBoarding/GettingStartedTabView.cs - Importer: ScriptedImporter/UnityEditor.QuickSearchModule:UnityEditor.Search:ASIAI0B
Importing 'GUID: d2c2caab1f2642afa6c07dec054fd34f - Path: Packages/com.unity.multiplayer.center/Editor/OnBoarding/GettingStartedTabView.cs - Importer: ScriptedImporter/UnityEditor.QuickSearchModule:UnityEditor.Search:ASIAI0B' with importer (ScriptedImporter : UnityEditor.QuickSearchModule:UnityEditor.Search:ASIAI0B)
Imported 'GUID: d2c2caab1f2642afa6c07dec054fd34f' -> (Import Result ID: '161e253ddff67b4956b85d1fb0d6b726') in 0.001 seconds [static and dynamic dependencies]. Details - ImportResultOutputID=e7d0ec3cc040cb571801c2270fba75f0 DependenciesID=1d0ea30d11e20e02de904cfae0ca20b2 StaticDependenciesID=fe4654cadc712ccf90d896f5f0e5fb64 
Number of updated asset objects reloaded before import = 0
Number of asset objects unloaded after import = 0
========================================================================
Received Import Request.
  Time of request: 2026-09-21T20:08:01.476226Z
  Time since last request: 0.000143333 seconds.
  importAddress: GUID: 322b0121d39f45208a3d933e6926a9d8 - Path: Packages/com.unity.multiplayer.center/Editor/OnBoarding/QuickstartPackageHandling.cs - Importer: ScriptedImporter/UnityEditor.QuickSearchModule:UnityEditor.Search:ASIAI0B
Importing 'GUID: 322b0121d39f45208a3d933e6926a9d8 - Path: Packages/com.unity.multiplayer.center/Editor/OnBoarding/QuickstartPackageHandling.cs - Importer: ScriptedImporter/UnityEditor.QuickSearchModule:UnityEditor.Search:ASIAI0B' with importer (ScriptedImporter : UnityEditor.QuickSearchModule:UnityEditor.Search:ASIAI0B)
Imported 'GUID: 322b0121d39f45208a3d933e6926a9d8' -> (Import Result ID: 'dd2ae8751b1a21c83ba674ac0955776e') in 0.001 seconds [static and dynamic dependencies]. Details - ImportResultOutputID=d4388015aa95bd244119921b5d071876 DependenciesID=07fb9ab1c926ad1853f3d40c6a09328e StaticDependenciesID=ea30257ff9dc3b07aa9383d9cffff8a1 
Number of updated asset objects reloaded before import = 0
Number of asset objects unloaded after import = 0
========================================================================
Received Import Request.
  Time of request: 2026-09-21T20:08:01.476994Z
  Time since last request: 0.000122333 seconds.
  importAddress: GUID: 26a4f29db434fd79025c91f6126382cc - Path: Packages/com.unity.modules.unityanalytics/package.json - Importer: ScriptedImporter/UnityEditor.QuickSearchModule:UnityEditor.Search:ASIAI0B
Importing 'GUID: 26a4f29db434fd79025c91f6126382cc - Path: Packages/com.unity.modules.unityanalytics/package.json - Importer: ScriptedImporter/UnityEditor.QuickSearchModule:UnityEditor.Search:ASIAI0B' with importer (ScriptedImporter : UnityEditor.QuickSearchModule:UnityEditor.Search:ASIAI0B)
Imported 'GUID: 26a4f29db434fd79025c91f6126382cc' -> (Import Result ID: '82655a5462dcde85e52817f00c055477') in 0.002 seconds [static and dynamic dependencies]. Details - ImportResultOutputID=e1f7fc52ba722b5f6f3257ebe8b125c4 DependenciesID=619ef704856e9fb7035e7129f1fb2fa9 StaticDependenciesID=1dc381da2483213c4f1565206ae25332 
Number of updated asset objects reloaded before import = 0
Number of asset objects unloaded after import = 1
========================================================================
Received Import Request.
  Time of request: 2026-09-21T20:08:01.478738Z
  Time since last request: 0.000136625 seconds.
  importAddress: GUID: 7e006510f5f4425ca971c7de0bfbb77a - Path: Packages/com.unity.multiplayer.center/Editor/MultiplayerCenterWindow/MultiplayerCenterWindow.cs - Importer: ScriptedImporter/UnityEditor.QuickSearchModule:UnityEditor.Search:ASIAI0B
Importing 'GUID: 7e006510f5f4425ca971c7de0bfbb77a - Path: Packages/com.unity.multiplayer.center/Editor/MultiplayerCenterWindow/MultiplayerCenterWindow.cs - Importer: ScriptedImporter/UnityEditor.QuickSearchModule:UnityEditor.Search:ASIAI0B' with importer (ScriptedImporter : UnityEditor.QuickSearchModule:UnityEditor.Search:ASIAI0B)
Imported 'GUID: 7e006510f5f4425ca971c7de0bfbb77a' -> (Import Result ID: '84d886591bc75873bf76e11c2d6bd68a') in 0.001 seconds [static and dynamic dependencies]. Details - ImportResultOutputID=530e43b9dfc22e03a2e3d4787e0692a6 DependenciesID=bc13ea5c9e7dcb473ebcc65be43de8de StaticDependenciesID=3d9824687e6b8fb4c476245560678a0b 
Number of updated asset objects reloaded before import = 0
Number of asset objects unloaded after import = 0
========================================================================
Received Import Request.
  Time of request: 2026-09-21T20:08:01.479537Z
  Time since last request: 0.000145292 seconds.
  importAddress: GUID: fdefed6b790f4373b0feb7d25854d8ac - Path: Packages/com.unity.multiplayer.center/Editor/MultiplayerCenterWindow/TabGroup.cs - Importer: ScriptedImporter/UnityEditor.QuickSearchModule:UnityEditor.Search:ASIAI0B
Importing 'GUID: fdefed6b790f4373b0feb7d25854d8ac - Path: Packages/com.unity.multiplayer.center/Editor/MultiplayerCenterWindow/TabGroup.cs - Importer: ScriptedImporter/UnityEditor.QuickSearchModule:UnityEditor.Search:ASIAI0B' with importer (ScriptedImporter : UnityEditor.QuickSearchModule:UnityEditor.Search:ASIAI0B)
Imported 'GUID: fdefed6b790f4373b0feb7d25854d8ac' -> (Import Result ID: 'aabe658bef2378bc8a2d10f6ad1e80c9') in 0.001 seconds [static and dynamic dependencies]. Details - ImportResultOutputID=c06da2f828ae857f5cd6db15043740c0 DependenciesID=8ec8ad1a2235ac93153e4ccda2c33790 StaticDependenciesID=06c14151fc85da36fc200e81b484518a 
Number of updated asset objects reloaded before import = 0
Number of asset objects unloaded after import = 0
========================================================================
Received Import Request.
  Time of request: 2026-09-21T20:08:01.480334Z
  Time since last request: 0.000176875 seconds.
  importAddress: GUID: 92a378669877c05c6071d0fed687bb95 - Path: Packages/com.unity.modules.tilemap/package.json - Importer: ScriptedImporter/UnityEditor.QuickSearchModule:UnityEditor.Search:ASIAI0B
Importing 'GUID: 92a378669877c05c6071d0fed687bb95 - Path: Packages/com.unity.modules.tilemap/package.json - Importer: ScriptedImporter/UnityEditor.QuickSearchModule:UnityEditor.Search:ASIAI0B' with importer (ScriptedImporter : UnityEditor.QuickSearchModule:UnityEditor.Search:ASIAI0B)
Imported 'GUID: 92a378669877c05c6071d0fed687bb95' -> (Import Result ID: '37d447dc65bcb0605eb38e04bea4076b') in 0.001 seconds [static and dynamic dependencies]. Details - ImportResultOutputID=bf15f4ce4798f07ed94a37f06f562cf2 DependenciesID=4ec464d6f6224e6aa9aabb6e5975872f StaticDependenciesID=e91b9a913a6d17ff4cd84c28f21a4a56 
Number of updated asset objects reloaded before import = 0
Number of asset objects unloaded after import = 1
========================================================================
Received Import Request.
  Time of request: 2026-09-21T20:08:01.485268Z
  Time since last request: 0.004126125 seconds.
  importAddress: GUID: 157e1606dfbd48dda6f01acbf49435b0 - Path: Packages/com.unity.multiplayer.center/Editor/MultiplayerCenterWindow/UI/QuestionSection.cs - Importer: ScriptedImporter/UnityEditor.QuickSearchModule:UnityEditor.Search:ASIAI0B
Importing 'GUID: 157e1606dfbd48dda6f01acbf49435b0 - Path: Packages/com.unity.multiplayer.center/Editor/MultiplayerCenterWindow/UI/QuestionSection.cs - Importer: ScriptedImporter/UnityEditor.QuickSearchModule:UnityEditor.Search:ASIAI0B' with importer (ScriptedImporter : UnityEditor.QuickSearchModule:UnityEditor.Search:ASIAI0B)
Imported 'GUID: 157e1606dfbd48dda6f01acbf49435b0' -> (Import Result ID: 'c3244ff7a9069a1e43f7eaca652d9c1a') in 0.002 seconds [static and dynamic dependencies]. Details - ImportResultOutputID=c10f58a8f52b37d6f52a2396fa67a447 DependenciesID=056628ff52856f35885e9d72eaad8d40 StaticDependenciesID=af4b3f2c0b3a3fb8512fe985b05e4e6e 
Number of updated asset objects reloaded before import = 0
Number of asset objects unloaded after import = 0
========================================================================
Received Import Request.
  Time of request: 2026-09-21T20:08:01.487611Z
  Time since last request: 0.000271084 seconds.
  importAddress: GUID: ca560c7d2a0d4453a50ec4f704ce9ce1 - Path: Packages/com.unity.multiplayer.center/Tests/Editor/UtilsForRecommendationTests.cs - Importer: ScriptedImporter/UnityEditor.QuickSearchModule:UnityEditor.Search:ASIAI0B
Importing 'GUID: ca560c7d2a0d4453a50ec4f704ce9ce1 - Path: Packages/com.unity.multiplayer.center/Tests/Editor/UtilsForRecommendationTests.cs - Importer: ScriptedImporter/UnityEditor.QuickSearchModule:UnityEditor.Search:ASIAI0B' with importer (ScriptedImporter : UnityEditor.QuickSearchModule:UnityEditor.Search:ASIAI0B)
Imported 'GUID: ca560c7d2a0d4453a50ec4f704ce9ce1' -> (Import Result ID: '4ae933aa01d124d97c476a385ca93695') in 0.001 seconds [static and dynamic dependencies]. Details - ImportResultOutputID=79dad416176ddff1cd03a7ce4a7b50fe DependenciesID=6acabeacb907df50eb9a060c587465f4 StaticDependenciesID=e4f2ccba2207b69255a053f0202c5752 
Number of updated asset objects reloaded before import = 0
Number of asset objects unloaded after import = 0
========================================================================
Received Import Request.
  Time of request: 2026-09-21T20:08:01.488647Z
  Time since last request: 0.00025675 seconds.
  importAddress: GUID: 29cbd1c6a8c9419aac357b8d4edbdc84 - Path: Packages/com.unity.multiplayer.center/Tests/Editor/QuickstartTabTests.cs - Importer: ScriptedImporter/UnityEditor.QuickSearchModule:UnityEditor.Search:ASIAI0B
Importing 'GUID: 29cbd1c6a8c9419aac357b8d4edbdc84 - Path: Packages/com.unity.multiplayer.center/Tests/Editor/QuickstartTabTests.cs - Importer: ScriptedImporter/UnityEditor.QuickSearchModule:UnityEditor.Search:ASIAI0B' with importer (ScriptedImporter : UnityEditor.QuickSearchModule:UnityEditor.Search:ASIAI0B)
Imported 'GUID: 29cbd1c6a8c9419aac357b8d4edbdc84' -> (Import Result ID: 'd896cca3f985118f58178bbdf2bba91e') in 0.001 seconds [static and dynamic dependencies]. Details - ImportResultOutputID=597b0daf13cdac04077f3a20798df179 DependenciesID=a2f5404025c493a564b608101b6badf0 StaticDependenciesID=060226aabb1b95db40d469f3b0a455c0 
Number of updated asset objects reloaded before import = 0
Number of asset objects unloaded after import = 0
========================================================================
Received Import Request.
  Time of request: 2026-09-21T20:08:01.489668Z
  Time since last request: 0.000261 seconds.
  importAddress: GUID: 3595bcaa1af84e6d92e07f0258a4256c - Path: Packages/com.unity.multiplayer.center/Editor/Questionnaire/PresetData.cs - Importer: ScriptedImporter/UnityEditor.QuickSearchModule:UnityEditor.Search:ASIAI0B
Importing 'GUID: 3595bcaa1af84e6d92e07f0258a4256c - Path: Packages/com.unity.multiplayer.center/Editor/Questionnaire/PresetData.cs - Importer: ScriptedImporter/UnityEditor.QuickSearchModule:UnityEditor.Search:ASIAI0B' with importer (ScriptedImporter : UnityEditor.QuickSearchModule:UnityEditor.Search:ASIAI0B)
Imported 'GUID: 3595bcaa1af84e6d92e07f0258a4256c' -> (Import Result ID: 'd276c36eba58b97f24171c8d7ff07659') in 0.001 seconds [static and dynamic dependencies]. Details - ImportResultOutputID=20341ba4ae79f48502f955c33db836b2 DependenciesID=75cfad5770a41261c98b8ec0b5be0393 StaticDependenciesID=e71e4c4cf145ef263e2c8be2f187723e 
Number of updated asset objects reloaded before import = 0
Number of asset objects unloaded after import = 0
========================================================================
Received Import Request.
  Time of request: 2026-09-21T20:08:01.49082Z
  Time since last request: 0.000426583 seconds.
  importAddress: GUID: cfc5ccd4416341629caf73dd3e318aac - Path: Packages/com.unity.multiplayer.center/Tests/Editor/UtilsForMultiplayerCenterTests.cs - Importer: ScriptedImporter/UnityEditor.QuickSearchModule:UnityEditor.Search:ASIAI0B
Importing 'GUID: cfc5ccd4416341629caf73dd3e318aac - Path: Packages/com.unity.multiplayer.center/Tests/Editor/UtilsForMultiplayerCenterTests.cs - Importer: ScriptedImporter/UnityEditor.QuickSearchModule:UnityEditor.Search:ASIAI0B' with importer (ScriptedImporter : UnityEditor.QuickSearchModule:UnityEditor.Search:ASIAI0B)
Imported 'GUID: cfc5ccd4416341629caf73dd3e318aac' -> (Import Result ID: '42ec34d9ebe3a813461c5ac4c4776fcf') in 0.001 seconds [static and dynamic dependencies]. Details - ImportResultOutputID=2ed511784babaf5e02c2fbaa3645bae0 DependenciesID=3f7605b6412b86d01d59735ba6505d03 StaticDependenciesID=dac61df37a439b648e59adc00f7cdbb5 
Number of updated asset objects reloaded before import = 0
Number of asset objects unloaded after import = 0
========================================================================
Received Import Request.
  Time of request: 2026-09-21T20:08:01.491915Z
  Time since last request: 0.000256292 seconds.
  importAddress: GUID: 1c3db2c484234a94a19c3acdc2539575 - Path: Packages/com.unity.multiplayer.center/Editor/MultiplayerCenterWindow/UI/StyleClasses.cs - Importer: ScriptedImporter/UnityEditor.QuickSearchModule:UnityEditor.Search:ASIAI0B
Importing 'GUID: 1c3db2c484234a94a19c3acdc2539575 - Path: Packages/com.unity.multiplayer.center/Editor/MultiplayerCenterWindow/UI/StyleClasses.cs - Importer: ScriptedImporter/UnityEditor.QuickSearchModule:UnityEditor.Search:ASIAI0B' with importer (ScriptedImporter : UnityEditor.QuickSearchModule:UnityEditor.Search:ASIAI0B)
Imported 'GUID: 1c3db2c484234a94a19c3acdc2539575' -> (Import Result ID: '19d786df36bf68816e2d050c47a0db7f') in 0.001 seconds [static and dynamic dependencies]. Details - ImportResultOutputID=5d1091b879b56e98b8dc1ede0dc4b5fe DependenciesID=1e66f830b0c6a95c256469ca2a58de05 StaticDependenciesID=d49dca268ef0570a53ce51e89d356846 
Number of updated asset objects reloaded before import = 0
Number of asset objects unloaded after import = 0
========================================================================
Received Import Request.
  Time of request: 2026-09-21T20:08:01.493181Z
  Time since last request: 0.00024025 seconds.
  importAddress: GUID: ad1d29f4654194951a3c8bf507914d05 - Path: Packages/com.unity.multiplayer.center/Editor/MultiplayerCenterWindow/UI/Icons/CloudCode.png - Importer: ScriptedImporter/UnityEditor.QuickSearchModule:UnityEditor.Search:ASIAI0B
Importing 'GUID: ad1d29f4654194951a3c8bf507914d05 - Path: Packages/com.unity.multiplayer.center/Editor/MultiplayerCenterWindow/UI/Icons/CloudCode.png - Importer: ScriptedImporter/UnityEditor.QuickSearchModule:UnityEditor.Search:ASIAI0B' with importer (ScriptedImporter : UnityEditor.QuickSearchModule:UnityEditor.Search:ASIAI0B)
Imported 'GUID: ad1d29f4654194951a3c8bf507914d05' -> (Import Result ID: '0fbe6362e5289b7529c461592da303da') in 0.034 seconds [static and dynamic dependencies]. Details - ImportResultOutputID=a59ccdc29f452c3121d43ad1eefa58cb DependenciesID=62c451b92f1f10ea0bd9be2261a33cb7 StaticDependenciesID=ae7c9fcbc9de3a7d130f2b0db04bab73 
Number of updated asset objects reloaded before import = 0
Number of asset objects unloaded after import = 1
========================================================================
Received Import Request.
  Time of request: 2026-09-21T20:08:01.52712Z
  Time since last request: 0.0000315 seconds.
  importAddress: GUID: f1ac2efb1bcd4dfd95dc196ed3c11367 - Path: Packages/com.unity.multiplayer.center/Editor/MultiplayerCenterWindow/UI/light.uss - Importer: ScriptedImporter/UnityEditor.QuickSearchModule:UnityEditor.Search:ASIAI0B
Importing 'GUID: f1ac2efb1bcd4dfd95dc196ed3c11367 - Path: Packages/com.unity.multiplayer.center/Editor/MultiplayerCenterWindow/UI/light.uss - Importer: ScriptedImporter/UnityEditor.QuickSearchModule:UnityEditor.Search:ASIAI0B' with importer (ScriptedImporter : UnityEditor.QuickSearchModule:UnityEditor.Search:ASIAI0B)
Imported 'GUID: f1ac2efb1bcd4dfd95dc196ed3c11367' -> (Import Result ID: 'd95bcf7e6255911f5d15e56d1d3d51ff') in 0.024 seconds [static and dynamic dependencies]. Details - ImportResultOutputID=af114e117d8055b3a1b5b88e7082715c DependenciesID=32bcff93f60bf8945d313214568afa5a StaticDependenciesID=806bc33f314561b6300cbfa7d015196d 
Number of updated asset objects reloaded before import = 0
Number of asset objects unloaded after import = 9
========================================================================
Received Import Request.
  Time of request: 2026-09-21T20:08:01.551613Z
  Time since last request: 0.000143625 seconds.
  importAddress: GUID: d7711b0cc806d430b8a95f1e33ec3649 - Path: Packages/com.unity.multiplayer.center/Editor/MultiplayerCenterWindow/UI/Icons/CustomNetcode@2x.png - Importer: ScriptedImporter/UnityEditor.QuickSearchModule:UnityEditor.Search:ASIAI0B
Importing 'GUID: d7711b0cc806d430b8a95f1e33ec3649 - Path: Packages/com.unity.multiplayer.center/Editor/MultiplayerCenterWindow/UI/Icons/CustomNetcode@2x.png - Importer: ScriptedImporter/UnityEditor.QuickSearchModule:UnityEditor.Search:ASIAI0B' with importer (ScriptedImporter : UnityEditor.QuickSearchModule:UnityEditor.Search:ASIAI0B)
Imported 'GUID: d7711b0cc806d430b8a95f1e33ec3649' -> (Import Result ID: '602080d31289c944c0f8037e524e1957') in 0.003 seconds [static and dynamic dependencies]. Details - ImportResultOutputID=2741b434d42182960b9c9675f578f40d DependenciesID=b209ec864ebb2467cf38a2220d9b252b StaticDependenciesID=0b8c1015639ea8980a270defd400fd4e 
Number of updated asset objects reloaded before import = 0
Number of asset objects unloaded after import = 1
========================================================================
Received Import Request.
  Time of request: 2026-09-21T20:08:01.554782Z
  Time since last request: 0.00020975 seconds.
  importAddress: GUID: 7ca5cd79ef39442e599efb761abcbaac - Path: Packages/com.unity.multiplayer.center/Editor/Questionnaire/QuestionnaireData.cs - Importer: ScriptedImporter/UnityEditor.QuickSearchModule:UnityEditor.Search:ASIAI0B
Importing 'GUID: 7ca5cd79ef39442e599efb761abcbaac - Path: Packages/com.unity.multiplayer.center/Editor/Questionnaire/QuestionnaireData.cs - Importer: ScriptedImporter/UnityEditor.QuickSearchModule:UnityEditor.Search:ASIAI0B' with importer (ScriptedImporter : UnityEditor.QuickSearchModule:UnityEditor.Search:ASIAI0B)
Imported 'GUID: 7ca5cd79ef39442e599efb761abcbaac' -> (Import Result ID: 'f81553db4abed0cb680ebbb41cb8584c') in 0.001 seconds [static and dynamic dependencies]. Details - ImportResultOutputID=55e5d9e435f2e23ce78082209517b1bc DependenciesID=a3c397b4693f1bfe88de437d0f10c0d8 StaticDependenciesID=22fa696a30b9c7a1bd9c0dd16f55e102 
Number of updated asset objects reloaded before import = 0
Number of asset objects unloaded after import = 0
========================================================================
Received Import Request.
  Time of request: 2026-09-21T20:08:01.556105Z
  Time since last request: 0.000436333 seconds.
  importAddress: GUID: 787ec048daec145b580d1134da5dd278 - Path: Packages/com.unity.multiplayer.center/Tests/Editor/Unity.Multiplayer.Center.Editor.Tests.asmdef - Importer: ScriptedImporter/UnityEditor.QuickSearchModule:UnityEditor.Search:ASIAI0B
Importing 'GUID: 787ec048daec145b580d1134da5dd278 - Path: Packages/com.unity.multiplayer.center/Tests/Editor/Unity.Multiplayer.Center.Editor.Tests.asmdef - Importer: ScriptedImporter/UnityEditor.QuickSearchModule:UnityEditor.Search:ASIAI0B' with importer (ScriptedImporter : UnityEditor.QuickSearchModule:UnityEditor.Search:ASIAI0B)
Imported 'GUID: 787ec048daec145b580d1134da5dd278' -> (Import Result ID: '2c86a60211c817131977a3542d221e91') in 0.001 seconds [static and dynamic dependencies]. Details - ImportResultOutputID=515add3542c93bb948a952b1de753963 DependenciesID=b24c2b5a49b5010ccb7df5f0a499e575 StaticDependenciesID=25314c36d743a9beda94775f785469ad 
Number of updated asset objects reloaded before import = 0
Number of asset objects unloaded after import = 1
========================================================================
Received Import Request.
  Time of request: 2026-09-21T20:08:01.557618Z
  Time since last request: 0.000143083 seconds.
  importAddress: GUID: c2c1cf24bea5410ea530b2c8a875b293 - Path: Packages/com.unity.multiplayer.center/Tests/Editor/AnalyticsUtilsTests.cs - Importer: ScriptedImporter/UnityEditor.QuickSearchModule:UnityEditor.Search:ASIAI0B
Importing 'GUID: c2c1cf24bea5410ea530b2c8a875b293 - Path: Packages/com.unity.multiplayer.center/Tests/Editor/AnalyticsUtilsTests.cs - Importer: ScriptedImporter/UnityEditor.QuickSearchModule:UnityEditor.Search:ASIAI0B' with importer (ScriptedImporter : UnityEditor.QuickSearchModule:UnityEditor.Search:ASIAI0B)
Imported 'GUID: c2c1cf24bea5410ea530b2c8a875b293' -> (Import Result ID: '6ede3cbb82e720d9219eb9aa38da9a90') in 0.003 seconds [static and dynamic dependencies]. Details - ImportResultOutputID=655627b0a285d4e66d3a08c1ed02f7bc DependenciesID=caa37d15364da4f5a4051360d99747ee StaticDependenciesID=445335c174321691166478aa12c74272 
Number of updated asset objects reloaded before import = 0
Number of asset objects unloaded after import = 0
========================================================================
Received Import Request.
  Time of request: 2026-09-21T20:08:01.560743Z
  Time since last request: 0.000175667 seconds.
  importAddress: GUID: 0d9328c739784454ad03d404f395a0ab - Path: Packages/com.unity.multiplayer.center/Editor/MultiplayerCenterWindow/UI/ViewUtils.cs - Importer: ScriptedImporter/UnityEditor.QuickSearchModule:UnityEditor.Search:ASIAI0B
Importing 'GUID: 0d9328c739784454ad03d404f395a0ab - Path: Packages/com.unity.multiplayer.center/Editor/MultiplayerCenterWindow/UI/ViewUtils.cs - Importer: ScriptedImporter/UnityEditor.QuickSearchModule:UnityEditor.Search:ASIAI0B' with importer (ScriptedImporter : UnityEditor.QuickSearchModule:UnityEditor.Search:ASIAI0B)
Imported 'GUID: 0d9328c739784454ad03d404f395a0ab' -> (Import Result ID: 'c24119fe4137be1dcd6399e949f3d1b8') in 0.001 seconds [static and dynamic dependencies]. Details - ImportResultOutputID=7318b59b061aac62a914af9cb429b4fc DependenciesID=8a40d6cb17c552b6e35a6a3afd713781 StaticDependenciesID=5521d5118a6d6a726b18b4ae801a5723 
Number of updated asset objects reloaded before import = 0
Number of asset objects unloaded after import = 0
========================================================================
Received Import Request.
  Time of request: 2026-09-21T20:08:01.561708Z
  Time since last request: 0.000171625 seconds.
  importAddress: GUID: 36b51591e13f48b5bed734724d149fb4 - Path: Packages/com.unity.multiplayer.center/Tests/Editor/RecommendationAnalyticsTests.cs - Importer: ScriptedImporter/UnityEditor.QuickSearchModule:UnityEditor.Search:ASIAI0B
Importing 'GUID: 36b51591e13f48b5bed734724d149fb4 - Path: Packages/com.unity.multiplayer.center/Tests/Editor/RecommendationAnalyticsTests.cs - Importer: ScriptedImporter/UnityEditor.QuickSearchModule:UnityEditor.Search:ASIAI0B' with importer (ScriptedImporter : UnityEditor.QuickSearchModule:UnityEditor.Search:ASIAI0B)
Imported 'GUID: 36b51591e13f48b5bed734724d149fb4' -> (Import Result ID: 'd906e486012a4e7cf58a95b641a5c3bb') in 0.001 seconds [static and dynamic dependencies]. Details - ImportResultOutputID=b4bdac2f83def2dd7513803e45e80f88 DependenciesID=678ed06bcc263199f27283429a9fc6fe StaticDependenciesID=756beac7a427fca221b2666288d6f984 
Number of updated asset objects reloaded before import = 0
Number of asset objects unloaded after import = 0
========================================================================
Received Import Request.
  Time of request: 2026-09-21T20:08:01.565317Z
  Time since last request: 0.002767875 seconds.
  importAddress: GUID: 8110dd6ddbc04e58b50978562ce0c00a - Path: Packages/com.unity.multiplayer.center/Tests/Editor/ExpectedPresetRecommendations.cs - Importer: ScriptedImporter/UnityEditor.QuickSearchModule:UnityEditor.Search:ASIAI0B
Importing 'GUID: 8110dd6ddbc04e58b50978562ce0c00a - Path: Packages/com.unity.multiplayer.center/Tests/Editor/ExpectedPresetRecommendations.cs - Importer: ScriptedImporter/UnityEditor.QuickSearchModule:UnityEditor.Search:ASIAI0B' with importer (ScriptedImporter : UnityEditor.QuickSearchModule:UnityEditor.Search:ASIAI0B)
Imported 'GUID: 8110dd6ddbc04e58b50978562ce0c00a' -> (Import Result ID: 'c21cf23fc5b301fb118d9a2f5be68840') in 0.001 seconds [static and dynamic dependencies]. Details - ImportResultOutputID=fbc9f2d32c01033ca525fcc07bd75ed2 DependenciesID=e8a6a8bbc6d64c88f26578a6bf55dcf0 StaticDependenciesID=1b138c7ee3c8c02c1eac148786fee248 
Number of updated asset objects reloaded before import = 0
Number of asset objects unloaded after import = 0
========================================================================
Received Import Request.
  Time of request: 2026-09-21T20:08:01.56626Z
  Time since last request: 0.000152875 seconds.
  importAddress: GUID: 424a8de5def3b46dcb08edd00ad1c7bd - Path: Packages/com.unity.multiplayer.center/Editor/MultiplayerCenterWindow/UI/Icons/Loading.png - Importer: ScriptedImporter/UnityEditor.QuickSearchModule:UnityEditor.Search:ASIAI0B
Importing 'GUID: 424a8de5def3b46dcb08edd00ad1c7bd - Path: Packages/com.unity.multiplayer.center/Editor/MultiplayerCenterWindow/UI/Icons/Loading.png - Importer: ScriptedImporter/UnityEditor.QuickSearchModule:UnityEditor.Search:ASIAI0B' with importer (ScriptedImporter : UnityEditor.QuickSearchModule:UnityEditor.Search:ASIAI0B)
Imported 'GUID: 424a8de5def3b46dcb08edd00ad1c7bd' -> (Import Result ID: '6685eb878e5909b4ab9eb40abb512f70') in 0.003 seconds [static and dynamic dependencies]. Details - ImportResultOutputID=01caac136b1138d4e7ab50fcf6e7d97e DependenciesID=9c9e1147231a76a1e866d51c75c4964b StaticDependenciesID=a113de49139d94e7b3d884910f075426 
Number of updated asset objects reloaded before import = 0
Number of asset objects unloaded after import = 1
========================================================================
Received Import Request.
  Time of request: 2026-09-21T20:08:01.569117Z
  Time since last request: 0.000219292 seconds.
  importAddress: GUID: 6cfa81557736450abfb73264580451c1 - Path: Packages/com.unity.multiplayer.center/Tests/Editor/SectionHeaderTests.cs - Importer: ScriptedImporter/UnityEditor.QuickSearchModule:UnityEditor.Search:ASIAI0B
Importing 'GUID: 6cfa81557736450abfb73264580451c1 - Path: Packages/com.unity.multiplayer.center/Tests/Editor/SectionHeaderTests.cs - Importer: ScriptedImporter/UnityEditor.QuickSearchModule:UnityEditor.Search:ASIAI0B' with importer (ScriptedImporter : UnityEditor.QuickSearchModule:UnityEditor.Search:ASIAI0B)
Imported 'GUID: 6cfa81557736450abfb73264580451c1' -> (Import Result ID: '09e51f5130b05943484eb11d534ddd5d') in 0.001 seconds [static and dynamic dependencies]. Details - ImportResultOutputID=16b87bd3121957db2b7e9c45773567b2 DependenciesID=b0277ef50b57384ee4ac6d93b337e36c StaticDependenciesID=01806152f21939cd5ef603e79eb96f09 
Number of updated asset objects reloaded before import = 0
Number of asset objects unloaded after import = 0
========================================================================
Received Import Request.
  Time of request: 2026-09-21T20:08:01.570091Z
  Time since last request: 0.000203667 seconds.
  importAddress: GUID: 52a77c59214a4cb5a43fc7b0e097d832 - Path: Packages/com.unity.multiplayer.center/Editor/Recommendations/RecommendationUtils.cs - Importer: ScriptedImporter/UnityEditor.QuickSearchModule:UnityEditor.Search:ASIAI0B
Importing 'GUID: 52a77c59214a4cb5a43fc7b0e097d832 - Path: Packages/com.unity.multiplayer.center/Editor/Recommendations/RecommendationUtils.cs - Importer: ScriptedImporter/UnityEditor.QuickSearchModule:UnityEditor.Search:ASIAI0B' with importer (ScriptedImporter : UnityEditor.QuickSearchModule:UnityEditor.Search:ASIAI0B)
Imported 'GUID: 52a77c59214a4cb5a43fc7b0e097d832' -> (Import Result ID: '1b7da8219e5eb0936a20b4678e829979') in 0.001 seconds [static and dynamic dependencies]. Details - ImportResultOutputID=961b6defdb94d0fc4abc5389cc18d1b1 DependenciesID=acbcd6180c5d38574c7991523c330f63 StaticDependenciesID=d2546d9735df8b25c202e90b0731bf01 
Number of updated asset objects reloaded before import = 0
Number of asset objects unloaded after import = 0
========================================================================
Received Import Request.
  Time of request: 2026-09-21T20:08:01.570928Z
  Time since last request: 0.000134667 seconds.
  importAddress: GUID: c3d3226643b94888b02e25de0a9de55f - Path: Packages/com.unity.multiplayer.center/Tests/Editor/UserVisibleTextTests.cs - Importer: ScriptedImporter/UnityEditor.QuickSearchModule:UnityEditor.Search:ASIAI0B
Importing 'GUID: c3d3226643b94888b02e25de0a9de55f - Path: Packages/com.unity.multiplayer.center/Tests/Editor/UserVisibleTextTests.cs - Importer: ScriptedImporter/UnityEditor.QuickSearchModule:UnityEditor.Search:ASIAI0B' with importer (ScriptedImporter : UnityEditor.QuickSearchModule:UnityEditor.Search:ASIAI0B)
Imported 'GUID: c3d3226643b94888b02e25de0a9de55f' -> (Import Result ID: '7c8e5853e9a21d8cffb1b43124077c8f') in 0.001 seconds [static and dynamic dependencies]. Details - ImportResultOutputID=46cc46b85194296ab6325805b9ad94ac DependenciesID=75721636b660d5b6881b952c9df2fbb8 StaticDependenciesID=d7da8d4842cb39b88ea2ac0bada9e21f 
Number of updated asset objects reloaded before import = 0
Number of asset objects unloaded after import = 0
========================================================================
Received Import Request.
  Time of request: 2026-09-21T20:08:01.572066Z
  Time since last request: 0.000170291 seconds.
  importAddress: GUID: 83b28bcaaf34b4fd580114fb05d9f160 - Path: Packages/com.unity.multiplayer.center/Editor/MultiplayerCenterWindow/UI/Icons/NGO@2x.png - Importer: ScriptedImporter/UnityEditor.QuickSearchModule:UnityEditor.Search:ASIAI0B
Importing 'GUID: 83b28bcaaf34b4fd580114fb05d9f160 - Path: Packages/com.unity.multiplayer.center/Editor/MultiplayerCenterWindow/UI/Icons/NGO@2x.png - Importer: ScriptedImporter/UnityEditor.QuickSearchModule:UnityEditor.Search:ASIAI0B' with importer (ScriptedImporter : UnityEditor.QuickSearchModule:UnityEditor.Search:ASIAI0B)
Imported 'GUID: 83b28bcaaf34b4fd580114fb05d9f160' -> (Import Result ID: 'ae92637b6e4c3b409b0f6ea29d89cba5') in 0.003 seconds [static and dynamic dependencies]. Details - ImportResultOutputID=e1557caf1dbcc300c1808d0eb14f07c3 DependenciesID=8513c83985a9ffebadc1da35fa09b04b StaticDependenciesID=186a0fb58d5f65b966ba7a09d7a76845 
Number of updated asset objects reloaded before import = 0
Number of asset objects unloaded after import = 1
========================================================================
Received Import Request.
  Time of request: 2026-09-21T20:08:01.574867Z
  Time since last request: 0.000165 seconds.
  importAddress: GUID: a1c995459c0d418c88dd274e04840c5d - Path: Packages/com.unity.multiplayer.center/Editor/Recommendations/RecommenderSystem.cs - Importer: ScriptedImporter/UnityEditor.QuickSearchModule:UnityEditor.Search:ASIAI0B
Importing 'GUID: a1c995459c0d418c88dd274e04840c5d - Path: Packages/com.unity.multiplayer.center/Editor/Recommendations/RecommenderSystem.cs - Importer: ScriptedImporter/UnityEditor.QuickSearchModule:UnityEditor.Search:ASIAI0B' with importer (ScriptedImporter : UnityEditor.QuickSearchModule:UnityEditor.Search:ASIAI0B)
Imported 'GUID: a1c995459c0d418c88dd274e04840c5d' -> (Import Result ID: '59e53f0b32ded62820121e46ec963bfd') in 0.001 seconds [static and dynamic dependencies]. Details - ImportResultOutputID=ad97d11cf6349898853dce75b2345d6e DependenciesID=93bed4561f160741a4ba82c90b878721 StaticDependenciesID=b5ef067d75e93811e6ea941a1b3ce461 
Number of updated asset objects reloaded before import = 0
Number of asset objects unloaded after import = 0
========================================================================
Received Import Request.
  Time of request: 2026-09-21T20:08:01.576427Z
  Time since last request: 0.000201 seconds.
  importAddress: GUID: e4439b4b4bb24a5eb61c59c5a67aa5a0 - Path: Packages/com.unity.multiplayer.center/Editor/MultiplayerCenterWindow/UI/QuestionViewFactory.cs - Importer: ScriptedImporter/UnityEditor.QuickSearchModule:UnityEditor.Search:ASIAI0B
Importing 'GUID: e4439b4b4bb24a5eb61c59c5a67aa5a0 - Path: Packages/com.unity.multiplayer.center/Editor/MultiplayerCenterWindow/UI/QuestionViewFactory.cs - Importer: ScriptedImporter/UnityEditor.QuickSearchModule:UnityEditor.Search:ASIAI0B' with importer (ScriptedImporter : UnityEditor.QuickSearchModule:UnityEditor.Search:ASIAI0B)
Imported 'GUID: e4439b4b4bb24a5eb61c59c5a67aa5a0' -> (Import Result ID: '09178f9656ca271ecd1f639900d80f87') in 0.001 seconds [static and dynamic dependencies]. Details - ImportResultOutputID=fbd08b5ba97fed797fbba0183c0a9af1 DependenciesID=a47c1e6227d10336b727da1c250fb09c StaticDependenciesID=2f7a3fe5059dbafe349746b2832934ef 
Number of updated asset objects reloaded before import = 0
Number of asset objects unloaded after import = 0
========================================================================
Received Import Request.
  Time of request: 2026-09-21T20:08:01.577284Z
  Time since last request: 0.000123167 seconds.
  importAddress: GUID: 38b78df4a34c94fa6a52c90239606ff1 - Path: Packages/com.unity.multiplayer.center/Editor/MultiplayerCenterWindow/UI/Icons/DedicatedServer@2x.png - Importer: ScriptedImporter/UnityEditor.QuickSearchModule:UnityEditor.Search:ASIAI0B
Importing 'GUID: 38b78df4a34c94fa6a52c90239606ff1 - Path: Packages/com.unity.multiplayer.center/Editor/MultiplayerCenterWindow/UI/Icons/DedicatedServer@2x.png - Importer: ScriptedImporter/UnityEditor.QuickSearchModule:UnityEditor.Search:ASIAI0B' with importer (ScriptedImporter : UnityEditor.QuickSearchModule:UnityEditor.Search:ASIAI0B)
Imported 'GUID: 38b78df4a34c94fa6a52c90239606ff1' -> (Import Result ID: '8d70fdc3e06ed29a99f539e13dff8179') in 0.003 seconds [static and dynamic dependencies]. Details - ImportResultOutputID=0bdd43df16247f45b12104a7295fbeba DependenciesID=53edcb8dc44447f82173ea783995fc01 StaticDependenciesID=e345b03449aad8d6c621b448430e0547 
Number of updated asset objects reloaded before import = 0
Number of asset objects unloaded after import = 1
========================================================================
Received Import Request.
  Time of request: 2026-09-21T20:08:01.580193Z
  Time since last request: 0.000187833 seconds.
  importAddress: GUID: 0ddc3b8a12c84454b04e4d6bdd88241c - Path: Packages/com.unity.multiplayer.center/Editor/Recommendations/RecommendationViewData.cs - Importer: ScriptedImporter/UnityEditor.QuickSearchModule:UnityEditor.Search:ASIAI0B
Importing 'GUID: 0ddc3b8a12c84454b04e4d6bdd88241c - Path: Packages/com.unity.multiplayer.center/Editor/Recommendations/RecommendationViewData.cs - Importer: ScriptedImporter/UnityEditor.QuickSearchModule:UnityEditor.Search:ASIAI0B' with importer (ScriptedImporter : UnityEditor.QuickSearchModule:UnityEditor.Search:ASIAI0B)
Imported 'GUID: 0ddc3b8a12c84454b04e4d6bdd88241c' -> (Import Result ID: '8229940dee370c87184d733653bb5de7') in 0.001 seconds [static and dynamic dependencies]. Details - ImportResultOutputID=6cb8a5c0885418ff50dd300e2a4583bb DependenciesID=313bcdd783916e37ccb2c610166661ba StaticDependenciesID=7b088d5abd726ff122ba338f0ecf76c6 
Number of updated asset objects reloaded before import = 0
Number of asset objects unloaded after import = 0
========================================================================
Received Import Request.
  Time of request: 2026-09-21T20:08:01.581336Z
  Time since last request: 0.000119542 seconds.
  importAddress: GUID: a23c0dd570fd44b57a03a8880002fcca - Path: Packages/com.unity.multiplayer.center/Editor/MultiplayerCenterWindow/UI/Icons/CloudCode@2x.png - Importer: ScriptedImporter/UnityEditor.QuickSearchModule:UnityEditor.Search:ASIAI0B
Importing 'GUID: a23c0dd570fd44b57a03a8880002fcca - Path: Packages/com.unity.multiplayer.center/Editor/MultiplayerCenterWindow/UI/Icons/CloudCode@2x.png - Importer: ScriptedImporter/UnityEditor.QuickSearchModule:UnityEditor.Search:ASIAI0B' with importer (ScriptedImporter : UnityEditor.QuickSearchModule:UnityEditor.Search:ASIAI0B)
Imported 'GUID: a23c0dd570fd44b57a03a8880002fcca' -> (Import Result ID: '967948fd0728d2b4e57d117ce05ae533') in 0.003 seconds [static and dynamic dependencies]. Details - ImportResultOutputID=a80fa5b5b8b8820f31a037a5db7c7284 DependenciesID=dbde7e4ad26c7df8df2f591a1d8a021b StaticDependenciesID=b139e8801b2aabf75698ede1d84d4f04 
Number of updated asset objects reloaded before import = 0
Number of asset objects unloaded after import = 1
========================================================================
Received Import Request.
  Time of request: 2026-09-21T20:08:01.584226Z
  Time since last request: 0.000140125 seconds.
  importAddress: GUID: d63245ece6d8f476c8c7ca24da9937f6 - Path: Packages/com.unity.multiplayer.center/Editor/MultiplayerCenterWindow/UI/Icons/DistributedAuthority.png - Importer: ScriptedImporter/UnityEditor.QuickSearchModule:UnityEditor.Search:ASIAI0B
Importing 'GUID: d63245ece6d8f476c8c7ca24da9937f6 - Path: Packages/com.unity.multiplayer.center/Editor/MultiplayerCenterWindow/UI/Icons/DistributedAuthority.png - Importer: ScriptedImporter/UnityEditor.QuickSearchModule:UnityEditor.Search:ASIAI0B' with importer (ScriptedImporter : UnityEditor.QuickSearchModule:UnityEditor.Search:ASIAI0B)
Imported 'GUID: d63245ece6d8f476c8c7ca24da9937f6' -> (Import Result ID: '99698304f3838be12c29dead1abefe0a') in 0.003 seconds [static and dynamic dependencies]. Details - ImportResultOutputID=c8b4ef6360c54b4c3815f82712111bfc DependenciesID=3f3c4092d366be939fe3a8d7b4d706fc StaticDependenciesID=a05c2966478590c6f77c914aac02a816 
Number of updated asset objects reloaded before import = 0
Number of asset objects unloaded after import = 1
========================================================================
Received Import Request.
  Time of request: 2026-09-21T20:08:01.587345Z
  Time since last request: 0.000169417 seconds.
  importAddress: GUID: 3fe892784421e47f5aa40c2784a6cb3e - Path: Packages/com.unity.multiplayer.center/Editor/MultiplayerCenterWindow/UI/Icons/DedicatedServer.png - Importer: ScriptedImporter/UnityEditor.QuickSearchModule:UnityEditor.Search:ASIAI0B
Importing 'GUID: 3fe892784421e47f5aa40c2784a6cb3e - Path: Packages/com.unity.multiplayer.center/Editor/MultiplayerCenterWindow/UI/Icons/DedicatedServer.png - Importer: ScriptedImporter/UnityEditor.QuickSearchModule:UnityEditor.Search:ASIAI0B' with importer (ScriptedImporter : UnityEditor.QuickSearchModule:UnityEditor.Search:ASIAI0B)
Imported 'GUID: 3fe892784421e47f5aa40c2784a6cb3e' -> (Import Result ID: 'b6376b69ffca2d8951b1d3435ba795cf') in 0.005 seconds [static and dynamic dependencies]. Details - ImportResultOutputID=a0e2494381e7dd3080ddc524cdf3d2ca DependenciesID=6a5c71b537e32e73aa1a7295dfe124bf StaticDependenciesID=beb965ad0e3181c0ebeb585077913708 
Number of updated asset objects reloaded before import = 0
Number of asset objects unloaded after import = 1
========================================================================
Received Import Request.
  Time of request: 2026-09-21T20:08:01.592395Z
  Time since last request: 0.000249542 seconds.
  importAddress: GUID: a659150180ae3489ba41c71780ba3779 - Path: Packages/com.unity.multiplayer.center/Editor/Questionnaire/Questionnaire.questionnaire - Importer: ScriptedImporter/UnityEditor.QuickSearchModule:UnityEditor.Search:ASIAI0B
Importing 'GUID: a659150180ae3489ba41c71780ba3779 - Path: Packages/com.unity.multiplayer.center/Editor/Questionnaire/Questionnaire.questionnaire - Importer: ScriptedImporter/UnityEditor.QuickSearchModule:UnityEditor.Search:ASIAI0B' with importer (ScriptedImporter : UnityEditor.QuickSearchModule:UnityEditor.Search:ASIAI0B)
Imported 'GUID: a659150180ae3489ba41c71780ba3779' -> (Import Result ID: '7692a1139ac97be459933b67e73d4382') in 0.001 seconds [static and dynamic dependencies]. Details - ImportResultOutputID=3ad9b7c4813e4aa5f9994cbc9b16d4ca DependenciesID=bc178cc3ea220ae6fd79eb45392a1af7 StaticDependenciesID=ecc52ae83b814916bdfc33941f7b2bb3 
Number of updated asset objects reloaded before import = 0
Number of asset objects unloaded after import = 1
========================================================================
Received Import Request.
  Time of request: 2026-09-21T20:08:01.593276Z
  Time since last request: 0.000136792 seconds.
  importAddress: GUID: b66d076cdcfe3b14388de66307a0e7ff - Path: Packages/com.unity.multiplayer.center/Editor/Recommendations/RecommendationData_6000.0.recommendations - Importer: ScriptedImporter/UnityEditor.QuickSearchModule:UnityEditor.Search:ASIAI0B
Importing 'GUID: b66d076cdcfe3b14388de66307a0e7ff - Path: Packages/com.unity.multiplayer.center/Editor/Recommendations/RecommendationData_6000.0.recommendations - Importer: ScriptedImporter/UnityEditor.QuickSearchModule:UnityEditor.Search:ASIAI0B' with importer (ScriptedImporter : UnityEditor.QuickSearchModule:UnityEditor.Search:ASIAI0B)
Imported 'GUID: b66d076cdcfe3b14388de66307a0e7ff' -> (Import Result ID: '1eaf8dc871468d93775908e9e811f6be') in 0.001 seconds [static and dynamic dependencies]. Details - ImportResultOutputID=371a7248d8498cb94fada445cec991d3 DependenciesID=970f3331e153c2be1026aef2de5184d3 StaticDependenciesID=58e80ad5e796ea3ceaa53f2c2ddf6228 
Number of updated asset objects reloaded before import = 0
Number of asset objects unloaded after import = 1
========================================================================
Received Import Request.
  Time of request: 2026-09-21T20:08:01.594052Z
  Time since last request: 0.000130666 seconds.
  importAddress: GUID: c37c4c45cacc46edb43b8c32617b3e34 - Path: Packages/com.unity.multiplayer.center/Tests/Editor/UtilsForGettingStartedTabTests.cs - Importer: ScriptedImporter/UnityEditor.QuickSearchModule:UnityEditor.Search:ASIAI0B
Importing 'GUID: c37c4c45cacc46edb43b8c32617b3e34 - Path: Packages/com.unity.multiplayer.center/Tests/Editor/UtilsForGettingStartedTabTests.cs - Importer: ScriptedImporter/UnityEditor.QuickSearchModule:UnityEditor.Search:ASIAI0B' with importer (ScriptedImporter : UnityEditor.QuickSearchModule:UnityEditor.Search:ASIAI0B)
Imported 'GUID: c37c4c45cacc46edb43b8c32617b3e34' -> (Import Result ID: '02d9eeb547e2fcc1d8e9d348ae0d0c87') in 0.001 seconds [static and dynamic dependencies]. Details - ImportResultOutputID=1fb249e8fdbf0fc933fcbcaf546277e6 DependenciesID=f37ffb8aa7e24fac244ee321ddb5af8a StaticDependenciesID=4ce83a085af3c315e375bbb478233c17 
Number of updated asset objects reloaded before import = 0
Number of asset objects unloaded after import = 0
========================================================================
Received Import Request.
  Time of request: 2026-09-21T20:08:01.594834Z
  Time since last request: 0.000113458 seconds.
  importAddress: GUID: e9669051ff70449b5923861e0e0b8838 - Path: Packages/com.unity.multiplayer.center/Editor/MultiplayerCenterWindow/UI/Icons/N4E.png - Importer: ScriptedImporter/UnityEditor.QuickSearchModule:UnityEditor.Search:ASIAI0B
Importing 'GUID: e9669051ff70449b5923861e0e0b8838 - Path: Packages/com.unity.multiplayer.center/Editor/MultiplayerCenterWindow/UI/Icons/N4E.png - Importer: ScriptedImporter/UnityEditor.QuickSearchModule:UnityEditor.Search:ASIAI0B' with importer (ScriptedImporter : UnityEditor.QuickSearchModule:UnityEditor.Search:ASIAI0B)
Imported 'GUID: e9669051ff70449b5923861e0e0b8838' -> (Import Result ID: '8f8a55906f8f6f28582d83c01ca0b22f') in 0.003 seconds [static and dynamic dependencies]. Details - ImportResultOutputID=463b6f113f3e3d37bad8e1015356ebb5 DependenciesID=e720f457198695aa2b03f2888f1e1351 StaticDependenciesID=7e943d6bfe3718c548bd7a4742ae247a 
Number of updated asset objects reloaded before import = 0
Number of asset objects unloaded after import = 1
========================================================================
Received Import Request.
  Time of request: 2026-09-21T20:08:01.597924Z
  Time since last request: 0.000145625 seconds.
  importAddress: GUID: 1daed49eec0f94f7ebb36dfef6159884 - Path: Packages/com.unity.multiplayer.center/Editor/MultiplayerCenterWindow/UI/Icons/NoNetcode.png - Importer: ScriptedImporter/UnityEditor.QuickSearchModule:UnityEditor.Search:ASIAI0B
Importing 'GUID: 1daed49eec0f94f7ebb36dfef6159884 - Path: Packages/com.unity.multiplayer.center/Editor/MultiplayerCenterWindow/UI/Icons/NoNetcode.png - Importer: ScriptedImporter/UnityEditor.QuickSearchModule:UnityEditor.Search:ASIAI0B' with importer (ScriptedImporter : UnityEditor.QuickSearchModule:UnityEditor.Search:ASIAI0B)
Imported 'GUID: 1daed49eec0f94f7ebb36dfef6159884' -> (Import Result ID: 'da4e1b8c289c0486a87c4bcaeebaf515') in 0.003 seconds [static and dynamic dependencies]. Details - ImportResultOutputID=4703790c108563e968a092fadeae586c DependenciesID=ddba7cb5225ced0fe1c3f932846608e6 StaticDependenciesID=d37b9b0318743a3888abd2461e39d199 
Number of updated asset objects reloaded before import = 0
Number of asset objects unloaded after import = 1
========================================================================
Received Import Request.
  Time of request: 2026-09-21T20:08:01.601435Z
  Time since last request: 0.000158875 seconds.
  importAddress: GUID: 38a11839c22b4e67aa2e508d906edf65 - Path: Packages/com.unity.multiplayer.center/Editor/Recommendations/RecommenderSystemData.cs - Importer: ScriptedImporter/UnityEditor.QuickSearchModule:UnityEditor.Search:ASIAI0B
Importing 'GUID: 38a11839c22b4e67aa2e508d906edf65 - Path: Packages/com.unity.multiplayer.center/Editor/Recommendations/RecommenderSystemData.cs - Importer: ScriptedImporter/UnityEditor.QuickSearchModule:UnityEditor.Search:ASIAI0B' with importer (ScriptedImporter : UnityEditor.QuickSearchModule:UnityEditor.Search:ASIAI0B)
Imported 'GUID: 38a11839c22b4e67aa2e508d906edf65' -> (Import Result ID: '72b6969d3473bb79d019f7d6e38c4a63') in 0.001 seconds [static and dynamic dependencies]. Details - ImportResultOutputID=4654e1d7490c66744a2bcd32dc464ae3 DependenciesID=5166e1fd36e7617a805110490de94de3 StaticDependenciesID=a4563a4c8cee84843fe5f5e1a5beb475 
Number of updated asset objects reloaded before import = 0
Number of asset objects unloaded after import = 0
========================================================================
Received Import Request.
  Time of request: 2026-09-21T20:08:01.602294Z
  Time since last request: 0.000128833 seconds.
  importAddress: GUID: 5d117d33f89d41cd9123918383c9b981 - Path: Packages/com.unity.multiplayer.center/Editor/Questionnaire/QuestionnaireEditor.cs - Importer: ScriptedImporter/UnityEditor.QuickSearchModule:UnityEditor.Search:ASIAI0B
Importing 'GUID: 5d117d33f89d41cd9123918383c9b981 - Path: Packages/com.unity.multiplayer.center/Editor/Questionnaire/QuestionnaireEditor.cs - Importer: ScriptedImporter/UnityEditor.QuickSearchModule:UnityEditor.Search:ASIAI0B' with importer (ScriptedImporter : UnityEditor.QuickSearchModule:UnityEditor.Search:ASIAI0B)
Imported 'GUID: 5d117d33f89d41cd9123918383c9b981' -> (Import Result ID: '70c8c4159ac94c34c7e8cf87287c4fb0') in 0.001 seconds [static and dynamic dependencies]. Details - ImportResultOutputID=a71e89bd8639dcb8b469302bb10d7c65 DependenciesID=49c3e19954bd401645aeb62f0ea3667f StaticDependenciesID=53e187d695fb78d40a2681bdcea0b7a7 
Number of updated asset objects reloaded before import = 0
Number of asset objects unloaded after import = 0
========================================================================
Received Import Request.
  Time of request: 2026-09-21T20:08:01.603054Z
  Time since last request: 0.000144667 seconds.
  importAddress: GUID: b46a48f780f84026b9d1e73ee1b0121d - Path: Packages/com.unity.multiplayer.center/Editor/Recommendations/RecommendationType.cs - Importer: ScriptedImporter/UnityEditor.QuickSearchModule:UnityEditor.Search:ASIAI0B
Importing 'GUID: b46a48f780f84026b9d1e73ee1b0121d - Path: Packages/com.unity.multiplayer.center/Editor/Recommendations/RecommendationType.cs - Importer: ScriptedImporter/UnityEditor.QuickSearchModule:UnityEditor.Search:ASIAI0B' with importer (ScriptedImporter : UnityEditor.QuickSearchModule:UnityEditor.Search:ASIAI0B)
Imported 'GUID: b46a48f780f84026b9d1e73ee1b0121d' -> (Import Result ID: 'f7c875404624840cae01483dc1e35724') in 0.001 seconds [static and dynamic dependencies]. Details - ImportResultOutputID=9cc09aabcf67685452f042a5f6d9b45f DependenciesID=d341e431c7552337c7c606fd9ac9c99d StaticDependenciesID=e8a2bd8b9f7e20f529a556a586753443 
Number of updated asset objects reloaded before import = 0
Number of asset objects unloaded after import = 0
========================================================================
Received Import Request.
  Time of request: 2026-09-21T20:08:01.603916Z
  Time since last request: 0.000147542 seconds.
  importAddress: GUID: 0354877031b64465ea7e5cafea1a2653 - Path: Packages/com.unity.multiplayer.center/Editor/MultiplayerCenterWindow/UI/Icons/DistributedAuthority@2x.png - Importer: ScriptedImporter/UnityEditor.QuickSearchModule:UnityEditor.Search:ASIAI0B
Importing 'GUID: 0354877031b64465ea7e5cafea1a2653 - Path: Packages/com.unity.multiplayer.center/Editor/MultiplayerCenterWindow/UI/Icons/DistributedAuthority@2x.png - Importer: ScriptedImporter/UnityEditor.QuickSearchModule:UnityEditor.Search:ASIAI0B' with importer (ScriptedImporter : UnityEditor.QuickSearchModule:UnityEditor.Search:ASIAI0B)
Imported 'GUID: 0354877031b64465ea7e5cafea1a2653' -> (Import Result ID: 'dc14036d26be511484fa304b3b1021cb') in 0.003 seconds [static and dynamic dependencies]. Details - ImportResultOutputID=6c56e3c14acbe28607ac9bf1c166faf7 DependenciesID=4bbbc1e47126e50db8a993ebf6a4b2e4 StaticDependenciesID=a51d204e289262ccab4ada814f1298da 
Number of updated asset objects reloaded before import = 0
Number of asset objects unloaded after import = 1
========================================================================
Received Import Request.
  Time of request: 2026-09-21T20:08:01.606653Z
  Time since last request: 0.000125166 seconds.
  importAddress: GUID: 7456ea4ba2dcd48d3909b82e610f2048 - Path: Packages/com.unity.multiplayer.center/Tests/Runtime/PlaceholderTest.cs - Importer: ScriptedImporter/UnityEditor.QuickSearchModule:UnityEditor.Search:ASIAI0B
Importing 'GUID: 7456ea4ba2dcd48d3909b82e610f2048 - Path: Packages/com.unity.multiplayer.center/Tests/Runtime/PlaceholderTest.cs - Importer: ScriptedImporter/UnityEditor.QuickSearchModule:UnityEditor.Search:ASIAI0B' with importer (ScriptedImporter : UnityEditor.QuickSearchModule:UnityEditor.Search:ASIAI0B)
Imported 'GUID: 7456ea4ba2dcd48d3909b82e610f2048' -> (Import Result ID: '167bf2765dad1f686105466ca8a3598a') in 0.001 seconds [static and dynamic dependencies]. Details - ImportResultOutputID=6fa10a0f0f16f9f634b863d5a06618b2 DependenciesID=64206a5edc8608a1cd24e51114c640af StaticDependenciesID=ca0ea154eac79a5df2be320684b7292b 
Number of updated asset objects reloaded before import = 0
Number of asset objects unloaded after import = 0
========================================================================
Received Import Request.
  Time of request: 2026-09-21T20:08:01.607532Z
  Time since last request: 0.000207625 seconds.
  importAddress: GUID: 89ffa359141b49fea9bfa6a1db3b18be - Path: Packages/com.unity.multiplayer.center/Tests/Editor/AssemblyInfo.cs - Importer: ScriptedImporter/UnityEditor.QuickSearchModule:UnityEditor.Search:ASIAI0B
Importing 'GUID: 89ffa359141b49fea9bfa6a1db3b18be - Path: Packages/com.unity.multiplayer.center/Tests/Editor/AssemblyInfo.cs - Importer: ScriptedImporter/UnityEditor.QuickSearchModule:UnityEditor.Search:ASIAI0B' with importer (ScriptedImporter : UnityEditor.QuickSearchModule:UnityEditor.Search:ASIAI0B)
Imported 'GUID: 89ffa359141b49fea9bfa6a1db3b18be' -> (Import Result ID: '38d60a9125da5df21f9c1484f82552e7') in 0.001 seconds [static and dynamic dependencies]. Details - ImportResultOutputID=1aa7cc3a1da08e504deab557959a46b1 DependenciesID=dbfa68874931c0b477010584926d0c23 StaticDependenciesID=bf82d4189def0f9bd9c693c228391a5e 
Number of updated asset objects reloaded before import = 0
Number of asset objects unloaded after import = 0
========================================================================
Received Import Request.
  Time of request: 2026-09-21T20:08:01.60834Z
  Time since last request: 0.000118791 seconds.
  importAddress: GUID: d9beb5106d424f23902054f76d4b673d - Path: Packages/com.unity.multiplayer.center/Editor/Questionnaire/Logic.cs - Importer: ScriptedImporter/UnityEditor.QuickSearchModule:UnityEditor.Search:ASIAI0B
Importing 'GUID: d9beb5106d424f23902054f76d4b673d - Path: Packages/com.unity.multiplayer.center/Editor/Questionnaire/Logic.cs - Importer: ScriptedImporter/UnityEditor.QuickSearchModule:UnityEditor.Search:ASIAI0B' with importer (ScriptedImporter : UnityEditor.QuickSearchModule:UnityEditor.Search:ASIAI0B)
Imported 'GUID: d9beb5106d424f23902054f76d4b673d' -> (Import Result ID: 'c591ed40c07c43ce69d5280ef6fd9263') in 0.001 seconds [static and dynamic dependencies]. Details - ImportResultOutputID=8663688ef4ffc775a51a0e16ac4aa3f3 DependenciesID=831dbd314aac8ccad9354a470abf26f0 StaticDependenciesID=cc3577f7dcbf89a86ba8b2a54c471890 
Number of updated asset objects reloaded before import = 0
Number of asset objects unloaded after import = 0
========================================================================
Received Import Request.
  Time of request: 2026-09-21T20:08:01.609184Z
  Time since last request: 0.000205291 seconds.
  importAddress: GUID: 23342257960b4b618e6f7c444137663c - Path: Packages/com.unity.multiplayer.center/Editor/Recommendations/PreReleaseHandling.cs - Importer: ScriptedImporter/UnityEditor.QuickSearchModule:UnityEditor.Search:ASIAI0B
Importing 'GUID: 23342257960b4b618e6f7c444137663c - Path: Packages/com.unity.multiplayer.center/Editor/Recommendations/PreReleaseHandling.cs - Importer: ScriptedImporter/UnityEditor.QuickSearchModule:UnityEditor.Search:ASIAI0B' with importer (ScriptedImporter : UnityEditor.QuickSearchModule:UnityEditor.Search:ASIAI0B)
Imported 'GUID: 23342257960b4b618e6f7c444137663c' -> (Import Result ID: '2901df8f7bd5d82fc1daa028d439849c') in 0.001 seconds [static and dynamic dependencies]. Details - ImportResultOutputID=e4116e0a1b052b3fbcd6c254f9552b7c DependenciesID=31f42e0914dc4d629685c35fd1f7cda7 StaticDependenciesID=c1c1a937d7e024ab13aaff6e63aefb1e 
Number of updated asset objects reloaded before import = 0
Number of asset objects unloaded after import = 0
========================================================================
Received Import Request.
  Time of request: 2026-09-21T20:08:01.609954Z
  Time since last request: 0.000137542 seconds.
  importAddress: GUID: 15513aed5d41411c887ccfe14c103337 - Path: Packages/com.unity.multiplayer.center/Tests/Editor/UserChoicesMigrationTests.cs - Importer: ScriptedImporter/UnityEditor.QuickSearchModule:UnityEditor.Search:ASIAI0B
Importing 'GUID: 15513aed5d41411c887ccfe14c103337 - Path: Packages/com.unity.multiplayer.center/Tests/Editor/UserChoicesMigrationTests.cs - Importer: ScriptedImporter/UnityEditor.QuickSearchModule:UnityEditor.Search:ASIAI0B' with importer (ScriptedImporter : UnityEditor.QuickSearchModule:UnityEditor.Search:ASIAI0B)
Imported 'GUID: 15513aed5d41411c887ccfe14c103337' -> (Import Result ID: '0096c30b11fcf42585869a9b4d86ff78') in 0.001 seconds [static and dynamic dependencies]. Details - ImportResultOutputID=bcae7e2b841efb6f9d92264e9554f9d6 DependenciesID=53076502f68cbdfa4e040f94b38058a4 StaticDependenciesID=2ec4e89d151905138095e4b983a02960 
Number of updated asset objects reloaded before import = 0
Number of asset objects unloaded after import = 0
========================================================================
Received Import Request.
  Time of request: 2026-09-21T20:08:01.610749Z
  Time since last request: 0.000115167 seconds.
  importAddress: GUID: f526d484b0c04a1896c469f31c713786 - Path: Packages/com.unity.multiplayer.center/Editor/Recommendations/Scoring.cs - Importer: ScriptedImporter/UnityEditor.QuickSearchModule:UnityEditor.Search:ASIAI0B
Importing 'GUID: f526d484b0c04a1896c469f31c713786 - Path: Packages/com.unity.multiplayer.center/Editor/Recommendations/Scoring.cs - Importer: ScriptedImporter/UnityEditor.QuickSearchModule:UnityEditor.Search:ASIAI0B' with importer (ScriptedImporter : UnityEditor.QuickSearchModule:UnityEditor.Search:ASIAI0B)
Imported 'GUID: f526d484b0c04a1896c469f31c713786' -> (Import Result ID: '1873603332c7c1597b1c43cc53d4e2ba') in 0.001 seconds [static and dynamic dependencies]. Details - ImportResultOutputID=b6ea16c3c36d31e5c9416289eae7a2aa DependenciesID=6ef63c60dcaf52cd8e0a392ee08c15ef StaticDependenciesID=eb8d61be74a7a97786e6d698354a52e6 
Number of updated asset objects reloaded before import = 0
Number of asset objects unloaded after import = 0
========================================================================
Received Import Request.
  Time of request: 2026-09-21T20:08:01.611529Z
  Time since last request: 0.000140292 seconds.
  importAddress: GUID: c3677cd9ede84e78b2fff6331c6301da - Path: Packages/com.unity.multiplayer.center/Editor/Questionnaire/QuestionnaireObject.cs - Importer: ScriptedImporter/UnityEditor.QuickSearchModule:UnityEditor.Search:ASIAI0B
Importing 'GUID: c3677cd9ede84e78b2fff6331c6301da - Path: Packages/com.unity.multiplayer.center/Editor/Questionnaire/QuestionnaireObject.cs - Importer: ScriptedImporter/UnityEditor.QuickSearchModule:UnityEditor.Search:ASIAI0B' with importer (ScriptedImporter : UnityEditor.QuickSearchModule:UnityEditor.Search:ASIAI0B)
Imported 'GUID: c3677cd9ede84e78b2fff6331c6301da' -> (Import Result ID: '784a0703d17434920be0e84ebf73a8df') in 0.001 seconds [static and dynamic dependencies]. Details - ImportResultOutputID=87dd78b0f01cee8eae182378234dcc19 DependenciesID=9b4b50484395237342d9c041fd0ce207 StaticDependenciesID=3a56606a70d3c4a783d59c6ec3be0a1a 
Number of updated asset objects reloaded before import = 0
Number of asset objects unloaded after import = 0
========================================================================
Received Import Request.
  Time of request: 2026-09-21T20:08:01.612641Z
  Time since last request: 0.000172708 seconds.
  importAddress: GUID: b58a826ca804e4c67bab4283ad5a6102 - Path: Packages/com.unity.multiplayer.center/Editor/MultiplayerCenterWindow/UI/Icons/NoNetcode@2x.png - Importer: ScriptedImporter/UnityEditor.QuickSearchModule:UnityEditor.Search:ASIAI0B
Importing 'GUID: b58a826ca804e4c67bab4283ad5a6102 - Path: Packages/com.unity.multiplayer.center/Editor/MultiplayerCenterWindow/UI/Icons/NoNetcode@2x.png - Importer: ScriptedImporter/UnityEditor.QuickSearchModule:UnityEditor.Search:ASIAI0B' with importer (ScriptedImporter : UnityEditor.QuickSearchModule:UnityEditor.Search:ASIAI0B)
Imported 'GUID: b58a826ca804e4c67bab4283ad5a6102' -> (Import Result ID: '568ea0752e555e991a38b3acadad9395') in 0.003 seconds [static and dynamic dependencies]. Details - ImportResultOutputID=2144ff3f7e1edf3b3fb8134d50d5dd11 DependenciesID=1499b98b7c6d04096773f1c6c88b9c3e StaticDependenciesID=e7298d1f14d551db47311055c13bd348 
Number of updated asset objects reloaded before import = 0
Number of asset objects unloaded after import = 1
========================================================================
Received Import Request.
  Time of request: 2026-09-21T20:08:01.616024Z
  Time since last request: 0.000131375 seconds.
  importAddress: GUID: 0efb92c924574ec59b71b9185a6ed8fb - Path: Packages/com.unity.multiplayer.center/Tests/Editor/RecommendationTests.cs - Importer: ScriptedImporter/UnityEditor.QuickSearchModule:UnityEditor.Search:ASIAI0B
Importing 'GUID: 0efb92c924574ec59b71b9185a6ed8fb - Path: Packages/com.unity.multiplayer.center/Tests/Editor/RecommendationTests.cs - Importer: ScriptedImporter/UnityEditor.QuickSearchModule:UnityEditor.Search:ASIAI0B' with importer (ScriptedImporter : UnityEditor.QuickSearchModule:UnityEditor.Search:ASIAI0B)
Imported 'GUID: 0efb92c924574ec59b71b9185a6ed8fb' -> (Import Result ID: '68791cfe8a70f68559a19ea8dc22df5a') in 0.001 seconds [static and dynamic dependencies]. Details - ImportResultOutputID=2f04557b962a2ec2c76aa505bdce881b DependenciesID=88aae85cea2821a7a2e3dafcb07e426e StaticDependenciesID=b2b14ffd5422b3516bc98f702ea50aae 
Number of updated asset objects reloaded before import = 0
Number of asset objects unloaded after import = 0
========================================================================
Received Import Request.
  Time of request: 2026-09-21T20:08:01.616873Z
  Time since last request: 0.000136209 seconds.
  importAddress: GUID: 4f78a544322c742b89e63fb68557b1d2 - Path: Packages/com.unity.multiplayer.center/Editor/MultiplayerCenterWindow/UI/Icons/Check.png - Importer: ScriptedImporter/UnityEditor.QuickSearchModule:UnityEditor.Search:ASIAI0B
Importing 'GUID: 4f78a544322c742b89e63fb68557b1d2 - Path: Packages/com.unity.multiplayer.center/Editor/MultiplayerCenterWindow/UI/Icons/Check.png - Importer: ScriptedImporter/UnityEditor.QuickSearchModule:UnityEditor.Search:ASIAI0B' with importer (ScriptedImporter : UnityEditor.QuickSearchModule:UnityEditor.Search:ASIAI0B)
Imported 'GUID: 4f78a544322c742b89e63fb68557b1d2' -> (Import Result ID: '2c8480eb77b80be67e00fc9fccf65179') in 0.002 seconds [static and dynamic dependencies]. Details - ImportResultOutputID=aacfb1de3f781ef0b7ad89401720ad1c DependenciesID=ad8569dc245a1939a1eb8230ce72a279 StaticDependenciesID=cd4151479c6272c469bc89541d04576c 
Number of updated asset objects reloaded before import = 0
Number of asset objects unloaded after import = 1
========================================================================
Received Import Request.
  Time of request: 2026-09-21T20:08:01.619311Z
  Time since last request: 0.000131167 seconds.
  importAddress: GUID: 284da2a38ea043d69e1a38fd8a22bec9 - Path: Packages/com.unity.multiplayer.center/Tests/Editor/RecommenderSystemTests.cs - Importer: ScriptedImporter/UnityEditor.QuickSearchModule:UnityEditor.Search:ASIAI0B
Importing 'GUID: 284da2a38ea043d69e1a38fd8a22bec9 - Path: Packages/com.unity.multiplayer.center/Tests/Editor/RecommenderSystemTests.cs - Importer: ScriptedImporter/UnityEditor.QuickSearchModule:UnityEditor.Search:ASIAI0B' with importer (ScriptedImporter : UnityEditor.QuickSearchModule:UnityEditor.Search:ASIAI0B)
Imported 'GUID: 284da2a38ea043d69e1a38fd8a22bec9' -> (Import Result ID: '1aa0446745fb867c297066b9044a9d28') in 0.001 seconds [static and dynamic dependencies]. Details - ImportResultOutputID=9328ea5a9fb1d20fb121ac3f1e245fd5 DependenciesID=ae32b9130890667097e7b2076b1504c8 StaticDependenciesID=c1a62e9b6d7c0d04061e787f38f7e4e5 
Number of updated asset objects reloaded before import = 0
Number of asset objects unloaded after import = 0
========================================================================
Received Import Request.
  Time of request: 2026-09-21T20:08:01.620206Z
  Time since last request: 0.000166292 seconds.
  importAddress: GUID: dce12af736e0a4a1ba35d6424f897dc9 - Path: Packages/com.unity.multiplayer.center/Editor/MultiplayerCenterWindow/UI/Icons/CustomNetcode.png - Importer: ScriptedImporter/UnityEditor.QuickSearchModule:UnityEditor.Search:ASIAI0B
Importing 'GUID: dce12af736e0a4a1ba35d6424f897dc9 - Path: Packages/com.unity.multiplayer.center/Editor/MultiplayerCenterWindow/UI/Icons/CustomNetcode.png - Importer: ScriptedImporter/UnityEditor.QuickSearchModule:UnityEditor.Search:ASIAI0B' with importer (ScriptedImporter : UnityEditor.QuickSearchModule:UnityEditor.Search:ASIAI0B)
Imported 'GUID: dce12af736e0a4a1ba35d6424f897dc9' -> (Import Result ID: 'c08378f5ba9cafba386bec6fced8255c') in 0.003 seconds [static and dynamic dependencies]. Details - ImportResultOutputID=0c9e565617fe33a6a5ccd2732961e93c DependenciesID=7177d58d9ebb29e7b5732ef136996f4a StaticDependenciesID=4d45e617a0c83a49cb01ae5caca51816 
Number of updated asset objects reloaded before import = 0
Number of asset objects unloaded after import = 1
========================================================================
Received Import Request.
  Time of request: 2026-09-21T20:08:01.622985Z
  Time since last request: 0.000202542 seconds.
  importAddress: GUID: b2ce704e56cc84fb3b347499263c6244 - Path: Packages/com.unity.multiplayer.center/Editor/MultiplayerCenterWindow/UI/Icons/ClientHosted.png - Importer: ScriptedImporter/UnityEditor.QuickSearchModule:UnityEditor.Search:ASIAI0B
Importing 'GUID: b2ce704e56cc84fb3b347499263c6244 - Path: Packages/com.unity.multiplayer.center/Editor/MultiplayerCenterWindow/UI/Icons/ClientHosted.png - Importer: ScriptedImporter/UnityEditor.QuickSearchModule:UnityEditor.Search:ASIAI0B' with importer (ScriptedImporter : UnityEditor.QuickSearchModule:UnityEditor.Search:ASIAI0B)
Imported 'GUID: b2ce704e56cc84fb3b347499263c6244' -> (Import Result ID: 'a948a2f050d33a5a9bdb8b1a4ec87845') in 0.003 seconds [static and dynamic dependencies]. Details - ImportResultOutputID=8fb942c6246faffdd608cceecb101283 DependenciesID=6f343b363b6707c45eabf19d11f7fdaf StaticDependenciesID=5dac54b1acf2be5a3f81b195119fcefd 
Number of updated asset objects reloaded before import = 0
Number of asset objects unloaded after import = 1
========================================================================
Received Import Request.
  Time of request: 2026-09-21T20:08:01.626339Z
  Time since last request: 0.000127875 seconds.
  importAddress: GUID: 99da7b3894f364efdb5fa1443952a55d - Path: Packages/com.unity.multiplayer.center/Editor/MultiplayerCenterWindow/UI/Icons/NGO.png - Importer: ScriptedImporter/UnityEditor.QuickSearchModule:UnityEditor.Search:ASIAI0B
Importing 'GUID: 99da7b3894f364efdb5fa1443952a55d - Path: Packages/com.unity.multiplayer.center/Editor/MultiplayerCenterWindow/UI/Icons/NGO.png - Importer: ScriptedImporter/UnityEditor.QuickSearchModule:UnityEditor.Search:ASIAI0B' with importer (ScriptedImporter : UnityEditor.QuickSearchModule:UnityEditor.Search:ASIAI0B)
Imported 'GUID: 99da7b3894f364efdb5fa1443952a55d' -> (Import Result ID: '7f6c6a1256080f92c780d3ebee69bae5') in 0.003 seconds [static and dynamic dependencies]. Details - ImportResultOutputID=0dab7cbc7b95a971b63699923463bd0c DependenciesID=2948b9ed2b71ee554436b17762292f41 StaticDependenciesID=e17f262013fceaca9fa70690be290b70 
Number of updated asset objects reloaded before import = 0
Number of asset objects unloaded after import = 1
========================================================================
Received Import Request.
  Time of request: 2026-09-21T20:08:01.62929Z
  Time since last request: 0.000183709 seconds.
  importAddress: GUID: bac00d6e07f0b4305bb395363c89d92b - Path: Packages/com.unity.multiplayer.center/Editor/MultiplayerCenterWindow/UI/MultiplayerCenterWindow.uss - Importer: ScriptedImporter/UnityEditor.QuickSearchModule:UnityEditor.Search:ASIAI0B
Importing 'GUID: bac00d6e07f0b4305bb395363c89d92b - Path: Packages/com.unity.multiplayer.center/Editor/MultiplayerCenterWindow/UI/MultiplayerCenterWindow.uss - Importer: ScriptedImporter/UnityEditor.QuickSearchModule:UnityEditor.Search:ASIAI0B' with importer (ScriptedImporter : UnityEditor.QuickSearchModule:UnityEditor.Search:ASIAI0B)
Imported 'GUID: bac00d6e07f0b4305bb395363c89d92b' -> (Import Result ID: '40e17de9117fdc525357025cfe2aee31') in 0.008 seconds [static and dynamic dependencies]. Details - ImportResultOutputID=bb380b205ebf12b22e3ea13c28db1396 DependenciesID=4f68e5f4e85c30d1cb3e7d1cb01a394f StaticDependenciesID=dabd5ad7c445e3e9c5c0f4cfd9510713 
Number of updated asset objects reloaded before import = 0
Number of asset objects unloaded after import = 19
========================================================================
Received Import Request.
  Time of request: 2026-09-21T20:08:01.63762Z
  Time since last request: 0.000080042 seconds.
  importAddress: GUID: 2cb589d4e01184d928bb698f06e77561 - Path: Packages/com.unity.multiplayer.center/Editor/MultiplayerCenterWindow/UI/Icons/N4E@2x.png - Importer: ScriptedImporter/UnityEditor.QuickSearchModule:UnityEditor.Search:ASIAI0B
Importing 'GUID: 2cb589d4e01184d928bb698f06e77561 - Path: Packages/com.unity.multiplayer.center/Editor/MultiplayerCenterWindow/UI/Icons/N4E@2x.png - Importer: ScriptedImporter/UnityEditor.QuickSearchModule:UnityEditor.Search:ASIAI0B' with importer (ScriptedImporter : UnityEditor.QuickSearchModule:UnityEditor.Search:ASIAI0B)
Imported 'GUID: 2cb589d4e01184d928bb698f06e77561' -> (Import Result ID: '8f0bfc9181dff9b460068aa11341ce2b') in 0.003 seconds [static and dynamic dependencies]. Details - ImportResultOutputID=0209bde1391333a1b33c94ad48ad0154 DependenciesID=583e6269e3448a62110cb4f707ad2684 StaticDependenciesID=d4608a7afce781ec9721b2915d4bfd1a 
Number of updated asset objects reloaded before import = 0
Number of asset objects unloaded after import = 1
========================================================================
Received Import Request.
  Time of request: 2026-09-21T20:08:01.640917Z
  Time since last request: 0.000291166 seconds.
  importAddress: GUID: 9d9689eab72c8480c90679f4dcf18820 - Path: Packages/com.unity.multiplayer.center/Editor/MultiplayerCenterWindow/UI/Icons/Package.png - Importer: ScriptedImporter/UnityEditor.QuickSearchModule:UnityEditor.Search:ASIAI0B
Importing 'GUID: 9d9689eab72c8480c90679f4dcf18820 - Path: Packages/com.unity.multiplayer.center/Editor/MultiplayerCenterWindow/UI/Icons/Package.png - Importer: ScriptedImporter/UnityEditor.QuickSearchModule:UnityEditor.Search:ASIAI0B' with importer (ScriptedImporter : UnityEditor.QuickSearchModule:UnityEditor.Search:ASIAI0B)
Imported 'GUID: 9d9689eab72c8480c90679f4dcf18820' -> (Import Result ID: 'ebe73a7a299f9ed3b871dbd79171183b') in 0.003 seconds [static and dynamic dependencies]. Details - ImportResultOutputID=1c348cd5ccc894f65528a523ee27bf16 DependenciesID=8003ec32bedd4247aea85e8315b2636b StaticDependenciesID=8d063dfa8600ca19c23582a8f7bd474b 
Number of updated asset objects reloaded before import = 0
Number of asset objects unloaded after import = 1
========================================================================
Received Import Request.
  Time of request: 2026-09-21T20:08:01.644569Z
  Time since last request: 0.0003615 seconds.
  importAddress: GUID: b6a02e450cd04bb781e7728f2056251c - Path: Packages/com.unity.multiplayer.center/Editor/Recommendations/RecommenderSystemDataObject.cs - Importer: ScriptedImporter/UnityEditor.QuickSearchModule:UnityEditor.Search:ASIAI0B
Importing 'GUID: b6a02e450cd04bb781e7728f2056251c - Path: Packages/com.unity.multiplayer.center/Editor/Recommendations/RecommenderSystemDataObject.cs - Importer: ScriptedImporter/UnityEditor.QuickSearchModule:UnityEditor.Search:ASIAI0B' with importer (ScriptedImporter : UnityEditor.QuickSearchModule:UnityEditor.Search:ASIAI0B)
Imported 'GUID: b6a02e450cd04bb781e7728f2056251c' -> (Import Result ID: 'f56da5c2a787ee55d7a7fc02971b02a8') in 0.001 seconds [static and dynamic dependencies]. Details - ImportResultOutputID=f8e122984d7154adb77f6a4866ee773c DependenciesID=51514f5ab9901f88bea7dd564d156399 StaticDependenciesID=b616c3cb0cfdd02f283a4fc67b40feec 
Number of updated asset objects reloaded before import = 0
Number of asset objects unloaded after import = 0
========================================================================
Received Import Request.
  Time of request: 2026-09-21T20:08:01.645807Z
  Time since last request: 0.000465875 seconds.
  importAddress: GUID: 2664430aff4254d79887d32c3fc1e221 - Path: Packages/com.unity.multiplayer.center/Tests/Runtime/Unity.Multiplayer.Center.Tests.asmdef - Importer: ScriptedImporter/UnityEditor.QuickSearchModule:UnityEditor.Search:ASIAI0B
Importing 'GUID: 2664430aff4254d79887d32c3fc1e221 - Path: Packages/com.unity.multiplayer.center/Tests/Runtime/Unity.Multiplayer.Center.Tests.asmdef - Importer: ScriptedImporter/UnityEditor.QuickSearchModule:UnityEditor.Search:ASIAI0B' with importer (ScriptedImporter : UnityEditor.QuickSearchModule:UnityEditor.Search:ASIAI0B)
Imported 'GUID: 2664430aff4254d79887d32c3fc1e221' -> (Import Result ID: '232f4930b1067fe5cc0fc7453f9f1d06') in 0.001 seconds [static and dynamic dependencies]. Details - ImportResultOutputID=ffae7d6d8f256d234bb419b72a1ea28b DependenciesID=453cdd8210318e502791cbd52ac7efd8 StaticDependenciesID=ca4b829660ccc8df2c277de5af639f20 
Number of updated asset objects reloaded before import = 0
Number of asset objects unloaded after import = 1
========================================================================
Received Import Request.
  Time of request: 2026-09-21T20:08:01.647123Z
  Time since last request: 0.000408584 seconds.
  importAddress: GUID: 18cde282a8d045bf9d245fdcfaa7271b - Path: Packages/com.unity.multiplayer.center/Editor/Questionnaire/UserChoicesObject.cs - Importer: ScriptedImporter/UnityEditor.QuickSearchModule:UnityEditor.Search:ASIAI0B
Importing 'GUID: 18cde282a8d045bf9d245fdcfaa7271b - Path: Packages/com.unity.multiplayer.center/Editor/Questionnaire/UserChoicesObject.cs - Importer: ScriptedImporter/UnityEditor.QuickSearchModule:UnityEditor.Search:ASIAI0B' with importer (ScriptedImporter : UnityEditor.QuickSearchModule:UnityEditor.Search:ASIAI0B)
Imported 'GUID: 18cde282a8d045bf9d245fdcfaa7271b' -> (Import Result ID: '4dd92a8a8e8dde368d530aea932ac11b') in 0.001 seconds [static and dynamic dependencies]. Details - ImportResultOutputID=871d5010bce5bfddc93d6428ac96c4c3 DependenciesID=d3b970e7cb572a210c2500edff0068ec StaticDependenciesID=2467bf363f0cb0727f74f3f7e0041bb0 
Number of updated asset objects reloaded before import = 0
Number of asset objects unloaded after import = 0
========================================================================
Received Import Request.
  Time of request: 2026-09-21T20:08:01.648034Z
  Time since last request: 0.000197625 seconds.
  importAddress: GUID: 84e4bbd00035e4671bf14e0380a89001 - Path: Packages/com.unity.multiplayer.center/Editor/MultiplayerCenterWindow/UI/Icons/EmptyViewIcon.png - Importer: ScriptedImporter/UnityEditor.QuickSearchModule:UnityEditor.Search:ASIAI0B
Importing 'GUID: 84e4bbd00035e4671bf14e0380a89001 - Path: Packages/com.unity.multiplayer.center/Editor/MultiplayerCenterWindow/UI/Icons/EmptyViewIcon.png - Importer: ScriptedImporter/UnityEditor.QuickSearchModule:UnityEditor.Search:ASIAI0B' with importer (ScriptedImporter : UnityEditor.QuickSearchModule:UnityEditor.Search:ASIAI0B)
Imported 'GUID: 84e4bbd00035e4671bf14e0380a89001' -> (Import Result ID: '89269556620e10b964c33bc5308127d0') in 0.003 seconds [static and dynamic dependencies]. Details - ImportResultOutputID=bb8313452a4c3f40c4da3640ceb17fdd DependenciesID=98d3c8bcd48a087909481b95b916be77 StaticDependenciesID=9b8072141b80592221d304f41e3b3374 
Number of updated asset objects reloaded before import = 0
Number of asset objects unloaded after import = 1
========================================================================
Received Import Request.
  Time of request: 2026-09-21T20:08:01.650973Z
  Time since last request: 0.00031625 seconds.
  importAddress: GUID: 71b3035ad4d343cbbe033e93369d187e - Path: Packages/com.unity.multiplayer.center/Editor/Recommendations/RecommendationAuthoringData.cs - Importer: ScriptedImporter/UnityEditor.QuickSearchModule:UnityEditor.Search:ASIAI0B
Importing 'GUID: 71b3035ad4d343cbbe033e93369d187e - Path: Packages/com.unity.multiplayer.center/Editor/Recommendations/RecommendationAuthoringData.cs - Importer: ScriptedImporter/UnityEditor.QuickSearchModule:UnityEditor.Search:ASIAI0B' with importer (ScriptedImporter : UnityEditor.QuickSearchModule:UnityEditor.Search:ASIAI0B)
Imported 'GUID: 71b3035ad4d343cbbe033e93369d187e' -> (Import Result ID: 'd4912f5114f7c8a8bfc84d451382f21d') in 0.001 seconds [static and dynamic dependencies]. Details - ImportResultOutputID=683649c02203fb674d6da655eb560e83 DependenciesID=a9943d215752276585767d432019bac1 StaticDependenciesID=7f3337417eb41703e37a52f8a5d8ae56 
Number of updated asset objects reloaded before import = 0
Number of asset objects unloaded after import = 0
========================================================================
Received Import Request.
  Time of request: 2026-09-21T20:08:01.651924Z
  Time since last request: 0.000219709 seconds.
  importAddress: GUID: 1984cd07fe96417f9e88f5771f6b4b32 - Path: Packages/com.unity.multiplayer.center/Editor/MultiplayerCenterWindow/UI/dark.uss - Importer: ScriptedImporter/UnityEditor.QuickSearchModule:UnityEditor.Search:ASIAI0B
Importing 'GUID: 1984cd07fe96417f9e88f5771f6b4b32 - Path: Packages/com.unity.multiplayer.center/Editor/MultiplayerCenterWindow/UI/dark.uss - Importer: ScriptedImporter/UnityEditor.QuickSearchModule:UnityEditor.Search:ASIAI0B' with importer (ScriptedImporter : UnityEditor.QuickSearchModule:UnityEditor.Search:ASIAI0B)
Imported 'GUID: 1984cd07fe96417f9e88f5771f6b4b32' -> (Import Result ID: '23f587c4f614ae6c9c6bf73ae8a21b50') in 0.004 seconds [static and dynamic dependencies]. Details - ImportResultOutputID=a912a7440419bdf159bb14cc0474bc10 DependenciesID=6a5b1312b86f2a7657d9d3e7c68b483b StaticDependenciesID=88653429d607cb38daa99bd3b24408c2 
Number of updated asset objects reloaded before import = 0
Number of asset objects unloaded after import = 9
========================================================================
Received Import Request.
  Time of request: 2026-09-21T20:08:01.655978Z
  Time since last request: 0.00028675 seconds.
  importAddress: GUID: bcf305fff4614e26a6979b63e954f6d6 - Path: Packages/com.unity.multiplayer.center/Editor/MultiplayerCenterWindow/UI/QuestionnaireView.cs - Importer: ScriptedImporter/UnityEditor.QuickSearchModule:UnityEditor.Search:ASIAI0B
Importing 'GUID: bcf305fff4614e26a6979b63e954f6d6 - Path: Packages/com.unity.multiplayer.center/Editor/MultiplayerCenterWindow/UI/QuestionnaireView.cs - Importer: ScriptedImporter/UnityEditor.QuickSearchModule:UnityEditor.Search:ASIAI0B' with importer (ScriptedImporter : UnityEditor.QuickSearchModule:UnityEditor.Search:ASIAI0B)
Imported 'GUID: bcf305fff4614e26a6979b63e954f6d6' -> (Import Result ID: 'd1cfd86b53800fe2f97845a383269a1a') in 0.001 seconds [static and dynamic dependencies]. Details - ImportResultOutputID=95be1c4eb993623032d59dc2b40413f5 DependenciesID=d057689c475fc8f61c3304dc542c3934 StaticDependenciesID=fe92a2b779dec5c8f4d5aaa0472315f6 
Number of updated asset objects reloaded before import = 0
Number of asset objects unloaded after import = 0
========================================================================
Received Import Request.
  Time of request: 2026-09-21T20:08:01.656924Z
  Time since last request: 0.000190041 seconds.
  importAddress: GUID: ea491f91a8b84866ad13371715bf90c8 - Path: Packages/com.unity.multiplayer.center/Tests/Editor/LogicTests.cs - Importer: ScriptedImporter/UnityEditor.QuickSearchModule:UnityEditor.Search:ASIAI0B
Importing 'GUID: ea491f91a8b84866ad13371715bf90c8 - Path: Packages/com.unity.multiplayer.center/Tests/Editor/LogicTests.cs - Importer: ScriptedImporter/UnityEditor.QuickSearchModule:UnityEditor.Search:ASIAI0B' with importer (ScriptedImporter : UnityEditor.QuickSearchModule:UnityEditor.Search:ASIAI0B)
Imported 'GUID: ea491f91a8b84866ad13371715bf90c8' -> (Import Result ID: 'fd260ebf230d9dd980fe0a12dd7d1225') in 0.001 seconds [static and dynamic dependencies]. Details - ImportResultOutputID=ef5d671109996c1db88797ddc8d127fc DependenciesID=7f2afba13a56e00c91af188d8dcb0428 StaticDependenciesID=93c5ee8944326fc661df83ccec71a922 
Number of updated asset objects reloaded before import = 0
Number of asset objects unloaded after import = 0
========================================================================
Received Import Request.
  Time of request: 2026-09-21T20:08:01.657734Z
  Time since last request: 0.0001435 seconds.
  importAddress: GUID: 470a2d15035f44b7b2888a0db0704bff - Path: Packages/com.unity.multiplayer.center/Tests/Editor/TabGroupTests.cs - Importer: ScriptedImporter/UnityEditor.QuickSearchModule:UnityEditor.Search:ASIAI0B
Importing 'GUID: 470a2d15035f44b7b2888a0db0704bff - Path: Packages/com.unity.multiplayer.center/Tests/Editor/TabGroupTests.cs - Importer: ScriptedImporter/UnityEditor.QuickSearchModule:UnityEditor.Search:ASIAI0B' with importer (ScriptedImporter : UnityEditor.QuickSearchModule:UnityEditor.Search:ASIAI0B)
Imported 'GUID: 470a2d15035f44b7b2888a0db0704bff' -> (Import Result ID: '3faf587894001fd9909be0bb2764a223') in 0.001 seconds [static and dynamic dependencies]. Details - ImportResultOutputID=60307b3d5bcf7a26074ef9759017609a DependenciesID=3d1d8d75323ce4afb0ac8446655843c4 StaticDependenciesID=62649842ae29c31d7cd4ba6114379ab6 
Number of updated asset objects reloaded before import = 0
Number of asset objects unloaded after import = 0
========================================================================
Received Import Request.
  Time of request: 2026-09-21T20:08:01.658448Z
  Time since last request: 0.000118542 seconds.
  importAddress: GUID: 2adffcc506285402aa795dee6f3166d0 - Path: Packages/com.unity.multiplayer.center/Editor/MultiplayerCenterWindow/UI/Icons/EmptyViewIcon@2x.png - Importer: ScriptedImporter/UnityEditor.QuickSearchModule:UnityEditor.Search:ASIAI0B
Importing 'GUID: 2adffcc506285402aa795dee6f3166d0 - Path: Packages/com.unity.multiplayer.center/Editor/MultiplayerCenterWindow/UI/Icons/EmptyViewIcon@2x.png - Importer: ScriptedImporter/UnityEditor.QuickSearchModule:UnityEditor.Search:ASIAI0B' with importer (ScriptedImporter : UnityEditor.QuickSearchModule:UnityEditor.Search:ASIAI0B)
Imported 'GUID: 2adffcc506285402aa795dee6f3166d0' -> (Import Result ID: 'da17bf74da9c78d50d17f712b7aa4387') in 0.003 seconds [static and dynamic dependencies]. Details - ImportResultOutputID=2500cca07be8a24e30341e96ae8d3286 DependenciesID=9c10f783325ab4bcb674d99552082935 StaticDependenciesID=0bacef1520e749616cf5e362a3bae68c 
Number of updated asset objects reloaded before import = 0
Number of asset objects unloaded after import = 1
========================================================================
Received Import Request.
  Time of request: 2026-09-21T20:08:01.662187Z
  Time since last request: 0.000259125 seconds.
  importAddress: GUID: c7a38e6eccbfc49778cb8b77f594a971 - Path: Packages/com.unity.multiplayer.center/Editor/MultiplayerCenterWindow/UI/Icons/ClientHosted@2x.png - Importer: ScriptedImporter/UnityEditor.QuickSearchModule:UnityEditor.Search:ASIAI0B
Importing 'GUID: c7a38e6eccbfc49778cb8b77f594a971 - Path: Packages/com.unity.multiplayer.center/Editor/MultiplayerCenterWindow/UI/Icons/ClientHosted@2x.png - Importer: ScriptedImporter/UnityEditor.QuickSearchModule:UnityEditor.Search:ASIAI0B' with importer (ScriptedImporter : UnityEditor.QuickSearchModule:UnityEditor.Search:ASIAI0B)
Imported 'GUID: c7a38e6eccbfc49778cb8b77f594a971' -> (Import Result ID: 'ee4ea09b6c48b0a181c45ccf3f9a7058') in 0.003 seconds [static and dynamic dependencies]. Details - ImportResultOutputID=c47fbc24025d41daacedc406f07d2a89 DependenciesID=bf59a169fc247c5e088c991efe6f5ccd StaticDependenciesID=7687b4e7a78c54aa6a80cbdb018ddd20 
Number of updated asset objects reloaded before import = 0
Number of asset objects unloaded after import = 1
========================================================================
Received Import Request.
  Time of request: 2026-09-21T20:08:01.679944Z
  Time since last request: 0.014986791 seconds.
  importAddress: GUID: 525a6cca8dd9a4d28875a8fe824710d9 - Path: Packages/com.unity.multiplayer.center/Editor/MultiplayerCenterWindow/UI/Icons/d_Package.png - Importer: ScriptedImporter/UnityEditor.QuickSearchModule:UnityEditor.Search:ASIAI0B
Importing 'GUID: 525a6cca8dd9a4d28875a8fe824710d9 - Path: Packages/com.unity.multiplayer.center/Editor/MultiplayerCenterWindow/UI/Icons/d_Package.png - Importer: ScriptedImporter/UnityEditor.QuickSearchModule:UnityEditor.Search:ASIAI0B' with importer (ScriptedImporter : UnityEditor.QuickSearchModule:UnityEditor.Search:ASIAI0B)
Imported 'GUID: 525a6cca8dd9a4d28875a8fe824710d9' -> (Import Result ID: '57c2d274d2cde3a9326dc75fbd388a0b') in 0.003 seconds [static and dynamic dependencies]. Details - ImportResultOutputID=b719cd650a29910148fe85200c0057e6 DependenciesID=897d635fd5054625c92b2367ae2be3f3 StaticDependenciesID=5416d9e8c5a79c4b56b91b3e674d8e70 
Number of updated asset objects reloaded before import = 0
Number of asset objects unloaded after import = 1
========================================================================
Received Import Request.
  Time of request: 2026-09-21T20:08:01.683722Z
  Time since last request: 0.00019625 seconds.
  importAddress: GUID: dab91f148d99946e7b3c3a87ecf4b973 - Path: Packages/com.unity.multiplayer.center/Editor/MultiplayerCenterWindow/UI/Icons/d_Loading.png - Importer: ScriptedImporter/UnityEditor.QuickSearchModule:UnityEditor.Search:ASIAI0B
Importing 'GUID: dab91f148d99946e7b3c3a87ecf4b973 - Path: Packages/com.unity.multiplayer.center/Editor/MultiplayerCenterWindow/UI/Icons/d_Loading.png - Importer: ScriptedImporter/UnityEditor.QuickSearchModule:UnityEditor.Search:ASIAI0B' with importer (ScriptedImporter : UnityEditor.QuickSearchModule:UnityEditor.Search:ASIAI0B)
Imported 'GUID: dab91f148d99946e7b3c3a87ecf4b973' -> (Import Result ID: '8c02ec6705afa8ab8f1986b5513c3cbe') in 0.003 seconds [static and dynamic dependencies]. Details - ImportResultOutputID=36ae1ab39d19dd2d17f2f0ed8588433b DependenciesID=2d0040cd99bbc0ff7936ca08969125fd StaticDependenciesID=b84a22c4832dacdd71eed3dfb7c871ec 
Number of updated asset objects reloaded before import = 0
Number of asset objects unloaded after import = 1
========================================================================
Received Import Request.
  Time of request: 2026-09-21T20:08:01.68677Z
  Time since last request: 0.000137833 seconds.
  importAddress: GUID: 679f9999c6f8f497e806a2d5d0511879 - Path: Packages/com.unity.multiplayer.center/Editor/MultiplayerCenterWindow/UI/Icons/PackageManager.png - Importer: ScriptedImporter/UnityEditor.QuickSearchModule:UnityEditor.Search:ASIAI0B
Importing 'GUID: 679f9999c6f8f497e806a2d5d0511879 - Path: Packages/com.unity.multiplayer.center/Editor/MultiplayerCenterWindow/UI/Icons/PackageManager.png - Importer: ScriptedImporter/UnityEditor.QuickSearchModule:UnityEditor.Search:ASIAI0B' with importer (ScriptedImporter : UnityEditor.QuickSearchModule:UnityEditor.Search:ASIAI0B)
Imported 'GUID: 679f9999c6f8f497e806a2d5d0511879' -> (Import Result ID: '92625d3e66ea00a1b61f62f46bf49fae') in 0.002 seconds [static and dynamic dependencies]. Details - ImportResultOutputID=ff6cb4845729c4cd3777b7bbd104fac6 DependenciesID=dcf115bdf58ae090652d1fc6729df265 StaticDependenciesID=583aa5f31f73d70eff4bb3713d968ae3 
Number of updated asset objects reloaded before import = 0
Number of asset objects unloaded after import = 1
========================================================================
Received Import Request.
  Time of request: 2026-09-21T20:08:01.689466Z
  Time since last request: 0.000160791 seconds.
  importAddress: GUID: 96d14b71b907bb52333b2886e665aba6 - Path: Packages/com.unity.modules.video/package.json - Importer: ScriptedImporter/UnityEditor.QuickSearchModule:UnityEditor.Search:ASIAI0B
Importing 'GUID: 96d14b71b907bb52333b2886e665aba6 - Path: Packages/com.unity.modules.video/package.json - Importer: ScriptedImporter/UnityEditor.QuickSearchModule:UnityEditor.Search:ASIAI0B' with importer (ScriptedImporter : UnityEditor.QuickSearchModule:UnityEditor.Search:ASIAI0B)
Imported 'GUID: 96d14b71b907bb52333b2886e665aba6' -> (Import Result ID: '99d8be3b11ed37d3729208b2e22f5690') in 0.001 seconds [static and dynamic dependencies]. Details - ImportResultOutputID=387620b35a6dbd4387c3db4a7b9c8953 DependenciesID=a65b7a2bc16e401c13886c5fe2e13c7c StaticDependenciesID=e295aabba7e8c24d7ebc09a1e313a7df 
Number of updated asset objects reloaded before import = 0
Number of asset objects unloaded after import = 1
========================================================================
Received Import Request.
  Time of request: 2026-09-21T20:08:01.690523Z
  Time since last request: 0.000136584 seconds.
  importAddress: GUID: fe6a6957b37b61417b457a1e0541791d - Path: Packages/com.unity.modules.physics2d/package.ModuleCompilationTrigger - Importer: ScriptedImporter/UnityEditor.QuickSearchModule:UnityEditor.Search:ASIAI0B
Importing 'GUID: fe6a6957b37b61417b457a1e0541791d - Path: Packages/com.unity.modules.physics2d/package.ModuleCompilationTrigger - Importer: ScriptedImporter/UnityEditor.QuickSearchModule:UnityEditor.Search:ASIAI0B' with importer (ScriptedImporter : UnityEditor.QuickSearchModule:UnityEditor.Search:ASIAI0B)
Imported 'GUID: fe6a6957b37b61417b457a1e0541791d' -> (Import Result ID: 'c929075f5464d0660beb870d4cd5abbb') in 0.001 seconds [static and dynamic dependencies]. Details - ImportResultOutputID=bd03a06062cd0f7744d2e40e68f40ea8 DependenciesID=5647ce72b3768bb8c45992f340f20e6e StaticDependenciesID=69dee1165741315e2436e76a95d2009a 
Number of updated asset objects reloaded before import = 0
Number of asset objects unloaded after import = 1
========================================================================
Received Import Request.
  Time of request: 2026-09-21T20:08:01.691467Z
  Time since last request: 0.000225667 seconds.
  importAddress: GUID: 5262b119dc3e4259a40e6d93c8ea1048 - Path: Packages/com.unity.multiplayer.center/Editor/MultiplayerCenterWindow/UI/RecommendationView/PackageSelectionView.cs - Importer: ScriptedImporter/UnityEditor.QuickSearchModule:UnityEditor.Search:ASIAI0B
Importing 'GUID: 5262b119dc3e4259a40e6d93c8ea1048 - Path: Packages/com.unity.multiplayer.center/Editor/MultiplayerCenterWindow/UI/RecommendationView/PackageSelectionView.cs - Importer: ScriptedImporter/UnityEditor.QuickSearchModule:UnityEditor.Search:ASIAI0B' with importer (ScriptedImporter : UnityEditor.QuickSearchModule:UnityEditor.Search:ASIAI0B)
Imported 'GUID: 5262b119dc3e4259a40e6d93c8ea1048' -> (Import Result ID: '20c4244f92cc2266f901542cb1fd8bf1') in 0.001 seconds [static and dynamic dependencies]. Details - ImportResultOutputID=dd9f5d7b8774598e6007b4df938be9cc DependenciesID=729b760bc8aba634612d1f08fda328f2 StaticDependenciesID=9ad5c564a8872d555152dd7b27f5a341 
Number of updated asset objects reloaded before import = 0
Number of asset objects unloaded after import = 0
========================================================================
Received Import Request.
  Time of request: 2026-09-21T20:08:01.692456Z
  Time since last request: 0.000243292 seconds.
  importAddress: GUID: 4745d06d5a7ca576dcf9e5e67b417652 - Path: Packages/com.unity.modules.accessibility/package.ModuleCompilationTrigger - Importer: ScriptedImporter/UnityEditor.QuickSearchModule:UnityEditor.Search:ASIAI0B
Importing 'GUID: 4745d06d5a7ca576dcf9e5e67b417652 - Path: Packages/com.unity.modules.accessibility/package.ModuleCompilationTrigger - Importer: ScriptedImporter/UnityEditor.QuickSearchModule:UnityEditor.Search:ASIAI0B' with importer (ScriptedImporter : UnityEditor.QuickSearchModule:UnityEditor.Search:ASIAI0B)
Imported 'GUID: 4745d06d5a7ca576dcf9e5e67b417652' -> (Import Result ID: '4f76e29cfa4e0315acd19b395f7c24d2') in 0.001 seconds [static and dynamic dependencies]. Details - ImportResultOutputID=5e5257a848349e50d89869276dcd2437 DependenciesID=981cd5d76296a12fcfe1d943344811ff StaticDependenciesID=688c0e5efd6dd3e300a07c96635167d9 
Number of updated asset objects reloaded before import = 0
Number of asset objects unloaded after import = 1
========================================================================
Received Import Request.
  Time of request: 2026-09-21T20:08:01.693325Z
  Time since last request: 0.000178083 seconds.
  importAddress: GUID: f1e4f3f59aa446bfb097357fa8ad4a8b - Path: Packages/com.unity.multiplayer.center/Editor/MultiplayerCenterWindow/UI/RecommendationView/SolutionSelectionView.cs - Importer: ScriptedImporter/UnityEditor.QuickSearchModule:UnityEditor.Search:ASIAI0B
Importing 'GUID: f1e4f3f59aa446bfb097357fa8ad4a8b - Path: Packages/com.unity.multiplayer.center/Editor/MultiplayerCenterWindow/UI/RecommendationView/SolutionSelectionView.cs - Importer: ScriptedImporter/UnityEditor.QuickSearchModule:UnityEditor.Search:ASIAI0B' with importer (ScriptedImporter : UnityEditor.QuickSearchModule:UnityEditor.Search:ASIAI0B)
Imported 'GUID: f1e4f3f59aa446bfb097357fa8ad4a8b' -> (Import Result ID: '0fc477e9b981756b1516d3286c03ce6f') in 0.001 seconds [static and dynamic dependencies]. Details - ImportResultOutputID=2f467ccff6db09e6533a5f12618ed421 DependenciesID=0ebf98aa4cbfdbea24e41b24657e20e8 StaticDependenciesID=29b9f17b09cf755a8f8616a8d4d607e6 
Number of updated asset objects reloaded before import = 0
Number of asset objects unloaded after import = 0
========================================================================
Received Import Request.
  Time of request: 2026-09-21T20:08:01.694198Z
  Time since last request: 0.000170625 seconds.
  importAddress: GUID: 9b1a5759726ef9d39a0ab82047b615f1 - Path: Packages/com.unity.modules.hierarchycore/package.json - Importer: ScriptedImporter/UnityEditor.QuickSearchModule:UnityEditor.Search:ASIAI0B
Importing 'GUID: 9b1a5759726ef9d39a0ab82047b615f1 - Path: Packages/com.unity.modules.hierarchycore/package.json - Importer: ScriptedImporter/UnityEditor.QuickSearchModule:UnityEditor.Search:ASIAI0B' with importer (ScriptedImporter : UnityEditor.QuickSearchModule:UnityEditor.Search:ASIAI0B)
Imported 'GUID: 9b1a5759726ef9d39a0ab82047b615f1' -> (Import Result ID: '0264c59dba423c55d4e5e38106cea12d') in 0.001 seconds [static and dynamic dependencies]. Details - ImportResultOutputID=a19eb7092a5e5198d5940a0ca1a9848b DependenciesID=1a7f8d7754d48e934d2757d0e9e719dc StaticDependenciesID=2ea7daa244ede86ca5c2714ec81a5606 
Number of updated asset objects reloaded before import = 0
Number of asset objects unloaded after import = 1
========================================================================
Received Import Request.
  Time of request: 2026-09-21T20:08:01.695179Z
  Time since last request: 0.000212458 seconds.
  importAddress: GUID: c82e859b16636ddd2ca4a1f63fd34938 - Path: Packages/com.unity.modules.androidjni/package.ModuleCompilationTrigger - Importer: ScriptedImporter/UnityEditor.QuickSearchModule:UnityEditor.Search:ASIAI0B
Importing 'GUID: c82e859b16636ddd2ca4a1f63fd34938 - Path: Packages/com.unity.modules.androidjni/package.ModuleCompilationTrigger - Importer: ScriptedImporter/UnityEditor.QuickSearchModule:UnityEditor.Search:ASIAI0B' with importer (ScriptedImporter : UnityEditor.QuickSearchModule:UnityEditor.Search:ASIAI0B)
Imported 'GUID: c82e859b16636ddd2ca4a1f63fd34938' -> (Import Result ID: '4472ab0ad8dfb3351f2344cab45a5b8d') in 0.001 seconds [static and dynamic dependencies]. Details - ImportResultOutputID=dbeee1034f289839a60d26a0cbf1d10c DependenciesID=15ceb2d158639abc81ac6012baab6d32 StaticDependenciesID=3c85765e871405360eb6bfd56717e9d9 
Number of updated asset objects reloaded before import = 0
Number of asset objects unloaded after import = 1
========================================================================
Received Import Request.
  Time of request: 2026-09-21T20:08:01.696008Z
  Time since last request: 0.000196334 seconds.
  importAddress: GUID: 0423146d9f51c4563a0f2a8200b6cd38 - Path: Packages/com.unity.multiplayer.center/Editor/MultiplayerCenterWindow/UI/Icons/PackageInstalled@2x.png - Importer: ScriptedImporter/UnityEditor.QuickSearchModule:UnityEditor.Search:ASIAI0B
Importing 'GUID: 0423146d9f51c4563a0f2a8200b6cd38 - Path: Packages/com.unity.multiplayer.center/Editor/MultiplayerCenterWindow/UI/Icons/PackageInstalled@2x.png - Importer: ScriptedImporter/UnityEditor.QuickSearchModule:UnityEditor.Search:ASIAI0B' with importer (ScriptedImporter : UnityEditor.QuickSearchModule:UnityEditor.Search:ASIAI0B)
Imported 'GUID: 0423146d9f51c4563a0f2a8200b6cd38' -> (Import Result ID: '245c0d112ab35644e5d41d9ef169b211') in 0.002 seconds [static and dynamic dependencies]. Details - ImportResultOutputID=bf9a3297818e057b1bc5efdfd083c6bc DependenciesID=458d3609582f70601b067ba2a696004a StaticDependenciesID=b8b968fc5596f1db774620a7cbbdd8f1 
Number of updated asset objects reloaded before import = 0
Number of asset objects unloaded after import = 1
========================================================================
Received Import Request.
  Time of request: 2026-09-21T20:08:01.698744Z
  Time since last request: 0.000208125 seconds.
  importAddress: GUID: 4c413a81cadcce7038e446e56570117e - Path: Packages/com.unity.modules.adaptiveperformance/package.json - Importer: ScriptedImporter/UnityEditor.QuickSearchModule:UnityEditor.Search:ASIAI0B
Importing 'GUID: 4c413a81cadcce7038e446e56570117e - Path: Packages/com.unity.modules.adaptiveperformance/package.json - Importer: ScriptedImporter/UnityEditor.QuickSearchModule:UnityEditor.Search:ASIAI0B' with importer (ScriptedImporter : UnityEditor.QuickSearchModule:UnityEditor.Search:ASIAI0B)
Imported 'GUID: 4c413a81cadcce7038e446e56570117e' -> (Import Result ID: '2e0576c6aa7e501ec28633c3990eb67e') in 0.001 seconds [static and dynamic dependencies]. Details - ImportResultOutputID=25ac2e50a951e2e6d7bf6f05424a6e23 DependenciesID=a32567242d90298559e4457f67f4ede8 StaticDependenciesID=0e531c1cf286a42396ad6f9d30e06960 
Number of updated asset objects reloaded before import = 0
Number of asset objects unloaded after import = 1
========================================================================
Received Import Request.
  Time of request: 2026-09-21T20:08:01.699823Z
  Time since last request: 0.000302125 seconds.
  importAddress: GUID: 8d4bc6bfa28760b29f13174d6b6ea710 - Path: Packages/com.unity.modules.subsystems/package.ModuleCompilationTrigger - Importer: ScriptedImporter/UnityEditor.QuickSearchModule:UnityEditor.Search:ASIAI0B
Importing 'GUID: 8d4bc6bfa28760b29f13174d6b6ea710 - Path: Packages/com.unity.modules.subsystems/package.ModuleCompilationTrigger - Importer: ScriptedImporter/UnityEditor.QuickSearchModule:UnityEditor.Search:ASIAI0B' with importer (ScriptedImporter : UnityEditor.QuickSearchModule:UnityEditor.Search:ASIAI0B)
Imported 'GUID: 8d4bc6bfa28760b29f13174d6b6ea710' -> (Import Result ID: 'a4322665dbfdbe5cb8710b0d919985d6') in 0.001 seconds [static and dynamic dependencies]. Details - ImportResultOutputID=7482e8a226c71e0b35508177150cbd90 DependenciesID=e8246deba088f5278f08ba7a5f1bc462 StaticDependenciesID=569c3bbc6c705a7e74b59b6b04cd2a88 
Number of updated asset objects reloaded before import = 0
Number of asset objects unloaded after import = 1
========================================================================
Received Import Request.
  Time of request: 2026-09-21T20:08:01.700883Z
  Time since last request: 0.000408458 seconds.
  importAddress: GUID: 082fbee38a82835433261a5e9c00e267 - Path: Packages/com.unity.modules.cloth/package.ModuleCompilationTrigger - Importer: ScriptedImporter/UnityEditor.QuickSearchModule:UnityEditor.Search:ASIAI0B
Importing 'GUID: 082fbee38a82835433261a5e9c00e267 - Path: Packages/com.unity.modules.cloth/package.ModuleCompilationTrigger - Importer: ScriptedImporter/UnityEditor.QuickSearchModule:UnityEditor.Search:ASIAI0B' with importer (ScriptedImporter : UnityEditor.QuickSearchModule:UnityEditor.Search:ASIAI0B)
Imported 'GUID: 082fbee38a82835433261a5e9c00e267' -> (Import Result ID: '9f105774bdde6b4ea4baec7d8d133a14') in 0.001 seconds [static and dynamic dependencies]. Details - ImportResultOutputID=63fe5cd6ba0691a5e80554c41dabc707 DependenciesID=6c464e779d573d558278c25ac805e934 StaticDependenciesID=88a1ddda8b89766c5359df6f48efd9a6 
Number of updated asset objects reloaded before import = 0
Number of asset objects unloaded after import = 1
========================================================================
Received Import Request.
  Time of request: 2026-09-21T20:08:01.701748Z
  Time since last request: 0.000200834 seconds.
  importAddress: GUID: 51fa60bb2bd1e5bc74e8cc95a7bfd5b7 - Path: Packages/com.unity.modules.ui/package.ModuleCompilationTrigger - Importer: ScriptedImporter/UnityEditor.QuickSearchModule:UnityEditor.Search:ASIAI0B
Importing 'GUID: 51fa60bb2bd1e5bc74e8cc95a7bfd5b7 - Path: Packages/com.unity.modules.ui/package.ModuleCompilationTrigger - Importer: ScriptedImporter/UnityEditor.QuickSearchModule:UnityEditor.Search:ASIAI0B' with importer (ScriptedImporter : UnityEditor.QuickSearchModule:UnityEditor.Search:ASIAI0B)
Imported 'GUID: 51fa60bb2bd1e5bc74e8cc95a7bfd5b7' -> (Import Result ID: 'bd6b61bd185549f235b8c0f207069866') in 0.001 seconds [static and dynamic dependencies]. Details - ImportResultOutputID=c85dc18de61740d6571b9a431cccde35 DependenciesID=597d32e37f6557ebfd049b5460075418 StaticDependenciesID=d430922f28c211a71b68c77eb4a36b35 
Number of updated asset objects reloaded before import = 0
Number of asset objects unloaded after import = 1
========================================================================
Received Import Request.
  Time of request: 2026-09-21T20:08:01.70315Z
  Time since last request: 0.00012875 seconds.
  importAddress: GUID: 1b4c88814ec6241eb8e327515399c006 - Path: Packages/com.unity.multiplayer.center/Editor/MultiplayerCenterWindow/UI/Icons/d_PackageManager.png - Importer: ScriptedImporter/UnityEditor.QuickSearchModule:UnityEditor.Search:ASIAI0B
Importing 'GUID: 1b4c88814ec6241eb8e327515399c006 - Path: Packages/com.unity.multiplayer.center/Editor/MultiplayerCenterWindow/UI/Icons/d_PackageManager.png - Importer: ScriptedImporter/UnityEditor.QuickSearchModule:UnityEditor.Search:ASIAI0B' with importer (ScriptedImporter : UnityEditor.QuickSearchModule:UnityEditor.Search:ASIAI0B)
Imported 'GUID: 1b4c88814ec6241eb8e327515399c006' -> (Import Result ID: 'beda5d226e4fda075cb2f3260837fe4a') in 0.003 seconds [static and dynamic dependencies]. Details - ImportResultOutputID=11b1f1f27e4d1488e0df97c744b55219 DependenciesID=ead63c8dd94e5a853fd7e4a17cd544bc StaticDependenciesID=9b396abe1c6c924b8ea5b283d190410c 
Number of updated asset objects reloaded before import = 0
Number of asset objects unloaded after import = 1
========================================================================
Received Import Request.
  Time of request: 2026-09-21T20:08:01.705911Z
  Time since last request: 0.000158042 seconds.
  importAddress: GUID: 17f093324b67f5bd57e55b546736750e - Path: Packages/com.unity.modules.particlesystem/package.ModuleCompilationTrigger - Importer: ScriptedImporter/UnityEditor.QuickSearchModule:UnityEditor.Search:ASIAI0B
Importing 'GUID: 17f093324b67f5bd57e55b546736750e - Path: Packages/com.unity.modules.particlesystem/package.ModuleCompilationTrigger - Importer: ScriptedImporter/UnityEditor.QuickSearchModule:UnityEditor.Search:ASIAI0B' with importer (ScriptedImporter : UnityEditor.QuickSearchModule:UnityEditor.Search:ASIAI0B)
Imported 'GUID: 17f093324b67f5bd57e55b546736750e' -> (Import Result ID: 'ff6b33d49185fe9119801bc835dbda0f') in 0.001 seconds [static and dynamic dependencies]. Details - ImportResultOutputID=afe79f45aa33dc6827b67ba4efa40ca9 DependenciesID=9e7418bc7662d7a179d81afc10ffa9dd StaticDependenciesID=43d1286c8a495a5366ac3881b722e1a0 
Number of updated asset objects reloaded before import = 0
Number of asset objects unloaded after import = 1
========================================================================
Received Import Request.
  Time of request: 2026-09-21T20:08:01.706731Z
  Time since last request: 0.000129791 seconds.
  importAddress: GUID: 87d720faa37005c08600090e04d8c739 - Path: Packages/com.unity.modules.particlesystem/package.json - Importer: ScriptedImporter/UnityEditor.QuickSearchModule:UnityEditor.Search:ASIAI0B
Importing 'GUID: 87d720faa37005c08600090e04d8c739 - Path: Packages/com.unity.modules.particlesystem/package.json - Importer: ScriptedImporter/UnityEditor.QuickSearchModule:UnityEditor.Search:ASIAI0B' with importer (ScriptedImporter : UnityEditor.QuickSearchModule:UnityEditor.Search:ASIAI0B)
Imported 'GUID: 87d720faa37005c08600090e04d8c739' -> (Import Result ID: '318b52c9877beeec7bcc53b3c9693c05') in 0.001 seconds [static and dynamic dependencies]. Details - ImportResultOutputID=c146c7f0a20ab166053e2a9cbbad87be DependenciesID=eb30e3820a88e4530f9ab721081173dd StaticDependenciesID=ece3f1322fe16d4e9831bd890c4bc7ee 
Number of updated asset objects reloaded before import = 0
Number of asset objects unloaded after import = 1
========================================================================
Received Import Request.
  Time of request: 2026-09-21T20:08:01.707716Z
  Time since last request: 0.000143375 seconds.
  importAddress: GUID: e2d09a26ce46dc617b54e49a534ace20 - Path: Packages/com.unity.modules.ai/package.ModuleCompilationTrigger - Importer: ScriptedImporter/UnityEditor.QuickSearchModule:UnityEditor.Search:ASIAI0B
Importing 'GUID: e2d09a26ce46dc617b54e49a534ace20 - Path: Packages/com.unity.modules.ai/package.ModuleCompilationTrigger - Importer: ScriptedImporter/UnityEditor.QuickSearchModule:UnityEditor.Search:ASIAI0B' with importer (ScriptedImporter : UnityEditor.QuickSearchModule:UnityEditor.Search:ASIAI0B)
Imported 'GUID: e2d09a26ce46dc617b54e49a534ace20' -> (Import Result ID: '0d4a62dfe71a31a82727d4b3260cb311') in 0.001 seconds [static and dynamic dependencies]. Details - ImportResultOutputID=5ae7903cdcd53d7153652edda38ed7e2 DependenciesID=1035214cb823621b25616822e4193abb StaticDependenciesID=de0e16b6698c943820e262034e0a0b92 
Number of updated asset objects reloaded before import = 0
Number of asset objects unloaded after import = 1
========================================================================
Received Import Request.
  Time of request: 2026-09-21T20:08:01.708532Z
  Time since last request: 0.000207958 seconds.
  importAddress: GUID: c88e90bad18cceb5d182d0c805883056 - Path: Packages/com.unity.modules.director/package.ModuleCompilationTrigger - Importer: ScriptedImporter/UnityEditor.QuickSearchModule:UnityEditor.Search:ASIAI0B
Importing 'GUID: c88e90bad18cceb5d182d0c805883056 - Path: Packages/com.unity.modules.director/package.ModuleCompilationTrigger - Importer: ScriptedImporter/UnityEditor.QuickSearchModule:UnityEditor.Search:ASIAI0B' with importer (ScriptedImporter : UnityEditor.QuickSearchModule:UnityEditor.Search:ASIAI0B)
Imported 'GUID: c88e90bad18cceb5d182d0c805883056' -> (Import Result ID: '94046e8b51b3e71ede159bf36f06069b') in 0.001 seconds [static and dynamic dependencies]. Details - ImportResultOutputID=0d8a5c0e8c8484ddd4d38b0c15132c56 DependenciesID=661a6a9167d205b7fec5f802ed56672d StaticDependenciesID=b9553544096cd428095952b321ff59d9 
Number of updated asset objects reloaded before import = 0
Number of asset objects unloaded after import = 1
========================================================================
Received Import Request.
  Time of request: 2026-09-21T20:08:01.709365Z
  Time since last request: 0.000138709 seconds.
  importAddress: GUID: dd70cd654275d47db807e918055e004f - Path: Packages/com.unity.multiplayer.center/Editor/MultiplayerCenterWindow/UI/Icons/Questionnaire.png - Importer: ScriptedImporter/UnityEditor.QuickSearchModule:UnityEditor.Search:ASIAI0B
Importing 'GUID: dd70cd654275d47db807e918055e004f - Path: Packages/com.unity.multiplayer.center/Editor/MultiplayerCenterWindow/UI/Icons/Questionnaire.png - Importer: ScriptedImporter/UnityEditor.QuickSearchModule:UnityEditor.Search:ASIAI0B' with importer (ScriptedImporter : UnityEditor.QuickSearchModule:UnityEditor.Search:ASIAI0B)
Imported 'GUID: dd70cd654275d47db807e918055e004f' -> (Import Result ID: '39fd722efd6f5033c8f6764017d48fc8') in 0.002 seconds [static and dynamic dependencies]. Details - ImportResultOutputID=654519bd1d3406b3b7f8d88ba73c1d8b DependenciesID=5da5327a5040e98d13540d01071e51a4 StaticDependenciesID=f540ff7dd05132686cedd5dd4610aefe 
Number of updated asset objects reloaded before import = 0
Number of asset objects unloaded after import = 1
========================================================================
Received Import Request.
  Time of request: 2026-09-21T20:08:01.711917Z
  Time since last request: 0.000170084 seconds.
  importAddress: GUID: 906c12bc9cd95d3963c6d58f62522c78 - Path: Packages/com.unity.modules.cloth/package.json - Importer: ScriptedImporter/UnityEditor.QuickSearchModule:UnityEditor.Search:ASIAI0B
Importing 'GUID: 906c12bc9cd95d3963c6d58f62522c78 - Path: Packages/com.unity.modules.cloth/package.json - Importer: ScriptedImporter/UnityEditor.QuickSearchModule:UnityEditor.Search:ASIAI0B' with importer (ScriptedImporter : UnityEditor.QuickSearchModule:UnityEditor.Search:ASIAI0B)
Imported 'GUID: 906c12bc9cd95d3963c6d58f62522c78' -> (Import Result ID: 'b6998c1fe6d50153254f4814876bb1e4') in 0.001 seconds [static and dynamic dependencies]. Details - ImportResultOutputID=5e2328c184bf5f68ad57dde42a4939a6 DependenciesID=c4af4579b3349dc8407c0a3de2e72511 StaticDependenciesID=0f151c8145a0dffee91b7a9f55d3202f 
Number of updated asset objects reloaded before import = 0
Number of asset objects unloaded after import = 1
========================================================================
Received Import Request.
  Time of request: 2026-09-21T20:08:01.712996Z
  Time since last request: 0.000208583 seconds.
  importAddress: GUID: a2c71c02b50345e99168bda191ec01b4 - Path: Packages/com.unity.multiplayer.center/Editor/MultiplayerCenterWindow/UI/RecommendationView/RecommendationView.cs - Importer: ScriptedImporter/UnityEditor.QuickSearchModule:UnityEditor.Search:ASIAI0B
Importing 'GUID: a2c71c02b50345e99168bda191ec01b4 - Path: Packages/com.unity.multiplayer.center/Editor/MultiplayerCenterWindow/UI/RecommendationView/RecommendationView.cs - Importer: ScriptedImporter/UnityEditor.QuickSearchModule:UnityEditor.Search:ASIAI0B' with importer (ScriptedImporter : UnityEditor.QuickSearchModule:UnityEditor.Search:ASIAI0B)
Imported 'GUID: a2c71c02b50345e99168bda191ec01b4' -> (Import Result ID: 'f7f258196baec48367983e072b9c8c67') in 0.001 seconds [static and dynamic dependencies]. Details - ImportResultOutputID=04b9a7aa653eebf93ec71ab963a48cc2 DependenciesID=2570c5d370ac8985113efb3e03ff846b StaticDependenciesID=c25869886ab8186974bc707f6a32a844 
Number of updated asset objects reloaded before import = 0
Number of asset objects unloaded after import = 0
========================================================================
Received Import Request.
  Time of request: 2026-09-21T20:08:01.713879Z
  Time since last request: 0.000133917 seconds.
  importAddress: GUID: 1af35a910338381f753e8a985eb5daab - Path: Packages/com.unity.modules.adaptiveperformance/package.ModuleCompilationTrigger - Importer: ScriptedImporter/UnityEditor.QuickSearchModule:UnityEditor.Search:ASIAI0B
Importing 'GUID: 1af35a910338381f753e8a985eb5daab - Path: Packages/com.unity.modules.adaptiveperformance/package.ModuleCompilationTrigger - Importer: ScriptedImporter/UnityEditor.QuickSearchModule:UnityEditor.Search:ASIAI0B' with importer (ScriptedImporter : UnityEditor.QuickSearchModule:UnityEditor.Search:ASIAI0B)
Imported 'GUID: 1af35a910338381f753e8a985eb5daab' -> (Import Result ID: '7a4c877e6470316e0ae8a4b6eb99ce19') in 0.001 seconds [static and dynamic dependencies]. Details - ImportResultOutputID=d3e31cf0f6ae1a12b7c460381f9a9037 DependenciesID=045fa7ad7781343838abebca4d4ec0ea StaticDependenciesID=8189203b1cab84e876f3f0a02e2b20da 
Number of updated asset objects reloaded before import = 0
Number of asset objects unloaded after import = 1
========================================================================
Received Import Request.
  Time of request: 2026-09-21T20:08:01.714672Z
  Time since last request: 0.000123708 seconds.
  importAddress: GUID: 43674d438e19b89d7fe6af07234f3252 - Path: Packages/com.unity.modules.accessibility/package.json - Importer: ScriptedImporter/UnityEditor.QuickSearchModule:UnityEditor.Search:ASIAI0B
Importing 'GUID: 43674d438e19b89d7fe6af07234f3252 - Path: Packages/com.unity.modules.accessibility/package.json - Importer: ScriptedImporter/UnityEditor.QuickSearchModule:UnityEditor.Search:ASIAI0B' with importer (ScriptedImporter : UnityEditor.QuickSearchModule:UnityEditor.Search:ASIAI0B)
Imported 'GUID: 43674d438e19b89d7fe6af07234f3252' -> (Import Result ID: '8361874412e8e5b6b48249bd591aefe9') in 0.001 seconds [static and dynamic dependencies]. Details - ImportResultOutputID=c5b8fdb12250333200d535ba01178538 DependenciesID=1301be314237cef1cc6a089e12774dc0 StaticDependenciesID=0e7a52d585c7da54a47b6eb05e36c142 
Number of updated asset objects reloaded before import = 0
Number of asset objects unloaded after import = 1
========================================================================
Received Import Request.
  Time of request: 2026-09-21T20:08:01.715549Z
  Time since last request: 0.000150125 seconds.
  importAddress: GUID: 2adec19fac7df68adf1fd6eb83197bb1 - Path: Packages/com.unity.modules.wind/package.ModuleCompilationTrigger - Importer: ScriptedImporter/UnityEditor.QuickSearchModule:UnityEditor.Search:ASIAI0B
Importing 'GUID: 2adec19fac7df68adf1fd6eb83197bb1 - Path: Packages/com.unity.modules.wind/package.ModuleCompilationTrigger - Importer: ScriptedImporter/UnityEditor.QuickSearchModule:UnityEditor.Search:ASIAI0B' with importer (ScriptedImporter : UnityEditor.QuickSearchModule:UnityEditor.Search:ASIAI0B)
Imported 'GUID: 2adec19fac7df68adf1fd6eb83197bb1' -> (Import Result ID: '5cfc2a1c9a1397a62e5eb0df6e339e0f') in 0.001 seconds [static and dynamic dependencies]. Details - ImportResultOutputID=c84c12af95b52f867c97747394938a60 DependenciesID=28278c9ceb0a6a617e556612d76e1fe8 StaticDependenciesID=958681de67dfe767159dedd7d55526a9 
Number of updated asset objects reloaded before import = 0
Number of asset objects unloaded after import = 1
========================================================================
Received Import Request.
  Time of request: 2026-09-21T20:08:01.716391Z
  Time since last request: 0.00015725 seconds.
  importAddress: GUID: bfd567a3d1631a761bca9e99fa53d86d - Path: Packages/com.unity.modules.ui/package.json - Importer: ScriptedImporter/UnityEditor.QuickSearchModule:UnityEditor.Search:ASIAI0B
Importing 'GUID: bfd567a3d1631a761bca9e99fa53d86d - Path: Packages/com.unity.modules.ui/package.json - Importer: ScriptedImporter/UnityEditor.QuickSearchModule:UnityEditor.Search:ASIAI0B' with importer (ScriptedImporter : UnityEditor.QuickSearchModule:UnityEditor.Search:ASIAI0B)
Imported 'GUID: bfd567a3d1631a761bca9e99fa53d86d' -> (Import Result ID: '1dfac5dd61618a8a23d7c1a229e92b13') in 0.001 seconds [static and dynamic dependencies]. Details - ImportResultOutputID=2d1ac5ee8a4a48210445937964ebf38b DependenciesID=d50e47437bdccb66c8b8d4c9ea7e2b6c StaticDependenciesID=30e2bf43ce52534ee33e1c418daff201 
Number of updated asset objects reloaded before import = 0
Number of asset objects unloaded after import = 1
========================================================================
Received Import Request.
  Time of request: 2026-09-21T20:08:01.717292Z
  Time since last request: 0.000133959 seconds.
  importAddress: GUID: 741761e72e6f24446bd8ba03ea3d0261 - Path: Packages/com.unity.multiplayer.center/Editor/MultiplayerCenterWindow/UI/Icons/d_Questionnaire.png - Importer: ScriptedImporter/UnityEditor.QuickSearchModule:UnityEditor.Search:ASIAI0B
Importing 'GUID: 741761e72e6f24446bd8ba03ea3d0261 - Path: Packages/com.unity.multiplayer.center/Editor/MultiplayerCenterWindow/UI/Icons/d_Questionnaire.png - Importer: ScriptedImporter/UnityEditor.QuickSearchModule:UnityEditor.Search:ASIAI0B' with importer (ScriptedImporter : UnityEditor.QuickSearchModule:UnityEditor.Search:ASIAI0B)
Imported 'GUID: 741761e72e6f24446bd8ba03ea3d0261' -> (Import Result ID: 'c043473d14d3c180bf75b0952e1aad69') in 0.003 seconds [static and dynamic dependencies]. Details - ImportResultOutputID=1f9ca67eaa8f963c55e3f2dee91a4d0f DependenciesID=c2a7a35e841e13ab55698b80b76987b0 StaticDependenciesID=7496da4d9c7aaddd5068213417030dea 
Number of updated asset objects reloaded before import = 0
Number of asset objects unloaded after import = 1
========================================================================
Received Import Request.
  Time of request: 2026-09-21T20:08:01.720772Z
  Time since last request: 0.000441041 seconds.
  importAddress: GUID: d104359075a97392b803d3d5aebc77f7 - Path: Packages/com.unity.modules.hierarchycore/package.ModuleCompilationTrigger - Importer: ScriptedImporter/UnityEditor.QuickSearchModule:UnityEditor.Search:ASIAI0B
Importing 'GUID: d104359075a97392b803d3d5aebc77f7 - Path: Packages/com.unity.modules.hierarchycore/package.ModuleCompilationTrigger - Importer: ScriptedImporter/UnityEditor.QuickSearchModule:UnityEditor.Search:ASIAI0B' with importer (ScriptedImporter : UnityEditor.QuickSearchModule:UnityEditor.Search:ASIAI0B)
Imported 'GUID: d104359075a97392b803d3d5aebc77f7' -> (Import Result ID: '8e7cf644d9bdfae750a970acaaf6fd0a') in 0.001 seconds [static and dynamic dependencies]. Details - ImportResultOutputID=70088ba1fc19545f7d4722a3b0fc5f43 DependenciesID=83184813ffa13f062e2fc2ca9b238ad7 StaticDependenciesID=777bf9f5a809c118b4172931b316133a 
Number of updated asset objects reloaded before import = 0
Number of asset objects unloaded after import = 1
========================================================================
Received Import Request.
  Time of request: 2026-09-21T20:08:01.721602Z
  Time since last request: 0.000129708 seconds.
  importAddress: GUID: f62135e79edb837b2d2ee3c524da864c - Path: Packages/com.unity.modules.video/package.ModuleCompilationTrigger - Importer: ScriptedImporter/UnityEditor.QuickSearchModule:UnityEditor.Search:ASIAI0B
Importing 'GUID: f62135e79edb837b2d2ee3c524da864c - Path: Packages/com.unity.modules.video/package.ModuleCompilationTrigger - Importer: ScriptedImporter/UnityEditor.QuickSearchModule:UnityEditor.Search:ASIAI0B' with importer (ScriptedImporter : UnityEditor.QuickSearchModule:UnityEditor.Search:ASIAI0B)
Imported 'GUID: f62135e79edb837b2d2ee3c524da864c' -> (Import Result ID: 'b265bb4ad07468311575dbda0c8d4ec6') in 0.001 seconds [static and dynamic dependencies]. Details - ImportResultOutputID=94f9e2dff42aabba0b1e66244317b322 DependenciesID=706c3af2c691725a8b7b6aee4b13403a StaticDependenciesID=77f880c9639ef67321a05e3418e574a7 
Number of updated asset objects reloaded before import = 0
Number of asset objects unloaded after import = 1
========================================================================
Received Import Request.
  Time of request: 2026-09-21T20:08:01.722388Z
  Time since last request: 0.000128542 seconds.
  importAddress: GUID: 4616b2fa4acd1429e931835b80966c2a - Path: Packages/com.unity.multiplayer.center/Editor/MultiplayerCenterWindow/UI/Icons/PackageInstalled.png - Importer: ScriptedImporter/UnityEditor.QuickSearchModule:UnityEditor.Search:ASIAI0B
Importing 'GUID: 4616b2fa4acd1429e931835b80966c2a - Path: Packages/com.unity.multiplayer.center/Editor/MultiplayerCenterWindow/UI/Icons/PackageInstalled.png - Importer: ScriptedImporter/UnityEditor.QuickSearchModule:UnityEditor.Search:ASIAI0B' with importer (ScriptedImporter : UnityEditor.QuickSearchModule:UnityEditor.Search:ASIAI0B)
Imported 'GUID: 4616b2fa4acd1429e931835b80966c2a' -> (Import Result ID: '549ed025aa635ab45ed7d6f58b1e62ea') in 0.002 seconds [static and dynamic dependencies]. Details - ImportResultOutputID=03b4f39301abe1efe42f719f238e968b DependenciesID=112aea884fe5abdbb817c5b697986204 StaticDependenciesID=a41e42d29cc9b29a4873d0074c0d3770 
Number of updated asset objects reloaded before import = 0
Number of asset objects unloaded after import = 1
========================================================================
Received Import Request.
  Time of request: 2026-09-21T20:08:01.725096Z
  Time since last request: 0.000210041 seconds.
  importAddress: GUID: f7a8357347c80dc69c08d0b1a05e2122 - Path: Packages/com.unity.modules.physics2d/package.json - Importer: ScriptedImporter/UnityEditor.QuickSearchModule:UnityEditor.Search:ASIAI0B
Importing 'GUID: f7a8357347c80dc69c08d0b1a05e2122 - Path: Packages/com.unity.modules.physics2d/package.json - Importer: ScriptedImporter/UnityEditor.QuickSearchModule:UnityEditor.Search:ASIAI0B' with importer (ScriptedImporter : UnityEditor.QuickSearchModule:UnityEditor.Search:ASIAI0B)
Imported 'GUID: f7a8357347c80dc69c08d0b1a05e2122' -> (Import Result ID: '5e9e8ade736495931240c1f9c33ef528') in 0.001 seconds [static and dynamic dependencies]. Details - ImportResultOutputID=dda568f9caa9532f543a93cc5d3a087d DependenciesID=d6c91a57f715ec5a3ded7bf16e95f7cb StaticDependenciesID=5fc027e3ed14e5735525fc7080f1cc78 
Number of updated asset objects reloaded before import = 0
Number of asset objects unloaded after import = 1
========================================================================
Received Import Request.
  Time of request: 2026-09-21T20:08:01.72616Z
  Time since last request: 0.000143375 seconds.
  importAddress: GUID: 29395f0639574c1fbc8b729aa257fb84 - Path: Packages/com.unity.multiplayer.center/Editor/MultiplayerCenterWindow/UI/Icons/d_Check.png - Importer: ScriptedImporter/UnityEditor.QuickSearchModule:UnityEditor.Search:ASIAI0B
Importing 'GUID: 29395f0639574c1fbc8b729aa257fb84 - Path: Packages/com.unity.multiplayer.center/Editor/MultiplayerCenterWindow/UI/Icons/d_Check.png - Importer: ScriptedImporter/UnityEditor.QuickSearchModule:UnityEditor.Search:ASIAI0B' with importer (ScriptedImporter : UnityEditor.QuickSearchModule:UnityEditor.Search:ASIAI0B)
Imported 'GUID: 29395f0639574c1fbc8b729aa257fb84' -> (Import Result ID: '5ec26e2b6f032b42dcf8dfbe24f0b834') in 0.003 seconds [static and dynamic dependencies]. Details - ImportResultOutputID=29d23f1563e45ac8fbfa7129e03841f5 DependenciesID=5f8dad0fa84208ea45f7840cf17974fb StaticDependenciesID=1529c9cff821bc3881954648edb8e07a 
Number of updated asset objects reloaded before import = 0
Number of asset objects unloaded after import = 1
========================================================================
Received Import Request.
  Time of request: 2026-09-21T20:08:01.729499Z
  Time since last request: 0.000182875 seconds.
  importAddress: GUID: 05f7f519769978b79b31d063a7fc6fa1 - Path: Packages/com.unity.modules.unitywebrequestassetbundle/package.json - Importer: ScriptedImporter/UnityEditor.QuickSearchModule:UnityEditor.Search:ASIAI0B
Importing 'GUID: 05f7f519769978b79b31d063a7fc6fa1 - Path: Packages/com.unity.modules.unitywebrequestassetbundle/package.json - Importer: ScriptedImporter/UnityEditor.QuickSearchModule:UnityEditor.Search:ASIAI0B' with importer (ScriptedImporter : UnityEditor.QuickSearchModule:UnityEditor.Search:ASIAI0B)
Imported 'GUID: 05f7f519769978b79b31d063a7fc6fa1' -> (Import Result ID: '1107ef818b10ea60d2c0725833e01d7e') in 0.001 seconds [static and dynamic dependencies]. Details - ImportResultOutputID=7f77d1ef69fc26712b6f1242eb2a6319 DependenciesID=68598c3e2dbad9c0d4d7402de1bd5d8b StaticDependenciesID=5e2dc7e7ba07d507e6da8637fad5d228 
Number of updated asset objects reloaded before import = 0
Number of asset objects unloaded after import = 1
========================================================================
Received Import Request.
  Time of request: 2026-09-21T20:08:01.730468Z
  Time since last request: 0.000125792 seconds.
  importAddress: GUID: 77be953cf28de42a4ad8532539fef3f5 - Path: Packages/com.unity.multiplayer.center/Editor/MultiplayerCenterWindow/UI/Icons/d_PackageInstalled.png - Importer: ScriptedImporter/UnityEditor.QuickSearchModule:UnityEditor.Search:ASIAI0B
Importing 'GUID: 77be953cf28de42a4ad8532539fef3f5 - Path: Packages/com.unity.multiplayer.center/Editor/MultiplayerCenterWindow/UI/Icons/d_PackageInstalled.png - Importer: ScriptedImporter/UnityEditor.QuickSearchModule:UnityEditor.Search:ASIAI0B' with importer (ScriptedImporter : UnityEditor.QuickSearchModule:UnityEditor.Search:ASIAI0B)
Imported 'GUID: 77be953cf28de42a4ad8532539fef3f5' -> (Import Result ID: 'ab695792169cbdddfa0a799562010fcc') in 0.002 seconds [static and dynamic dependencies]. Details - ImportResultOutputID=4d312a2cc564491a1153adb7807f184f DependenciesID=4067cc2fe4af8dbee2827017a60249ea StaticDependenciesID=18a34161351ebc3e77d6e3902e6cf259 
Number of updated asset objects reloaded before import = 0
Number of asset objects unloaded after import = 1
========================================================================
Received Import Request.
  Time of request: 2026-09-21T20:08:01.733034Z
  Time since last request: 0.000208125 seconds.
  importAddress: GUID: 5c1ee4056d0ac7ad3c5a16597fcaa38a - Path: Packages/com.unity.modules.physics/package.ModuleCompilationTrigger - Importer: ScriptedImporter/UnityEditor.QuickSearchModule:UnityEditor.Search:ASIAI0B
Importing 'GUID: 5c1ee4056d0ac7ad3c5a16597fcaa38a - Path: Packages/com.unity.modules.physics/package.ModuleCompilationTrigger - Importer: ScriptedImporter/UnityEditor.QuickSearchModule:UnityEditor.Search:ASIAI0B' with importer (ScriptedImporter : UnityEditor.QuickSearchModule:UnityEditor.Search:ASIAI0B)
Imported 'GUID: 5c1ee4056d0ac7ad3c5a16597fcaa38a' -> (Import Result ID: 'b60b6c925ea0271a4da5027a31fa854d') in 0.001 seconds [static and dynamic dependencies]. Details - ImportResultOutputID=6c3848e1dc6459a3d55a5be87c143da9 DependenciesID=cb934ef64b91b7f8225d1238d072ad7a StaticDependenciesID=a840f9a988ea0c472996846c059a3e0b 
Number of updated asset objects reloaded before import = 0
Number of asset objects unloaded after import = 1
========================================================================
Received Import Request.
  Time of request: 2026-09-21T20:08:01.733847Z
  Time since last request: 0.000131208 seconds.
  importAddress: GUID: e5c46c19ce0ce2e0103aa6f82df1043a - Path: Packages/com.unity.modules.vehicles/package.ModuleCompilationTrigger - Importer: ScriptedImporter/UnityEditor.QuickSearchModule:UnityEditor.Search:ASIAI0B
Importing 'GUID: e5c46c19ce0ce2e0103aa6f82df1043a - Path: Packages/com.unity.modules.vehicles/package.ModuleCompilationTrigger - Importer: ScriptedImporter/UnityEditor.QuickSearchModule:UnityEditor.Search:ASIAI0B' with importer (ScriptedImporter : UnityEditor.QuickSearchModule:UnityEditor.Search:ASIAI0B)
Imported 'GUID: e5c46c19ce0ce2e0103aa6f82df1043a' -> (Import Result ID: 'e905f7c61a66cda3952dd3e9e5c2208f') in 0.001 seconds [static and dynamic dependencies]. Details - ImportResultOutputID=f7daeedbb8d421a899cf89b8db0909dc DependenciesID=ef1dece6946ff18201b056891752ca42 StaticDependenciesID=d9e265e50840c485b23c82ea55fd048f 
Number of updated asset objects reloaded before import = 0
Number of asset objects unloaded after import = 1
========================================================================
Received Import Request.
  Time of request: 2026-09-21T20:08:01.734621Z
  Time since last request: 0.000114333 seconds.
  importAddress: GUID: 830a36a23cf3ab1e61fa47940a6dc35e - Path: Packages/com.unity.modules.imageconversion/package.ModuleCompilationTrigger - Importer: ScriptedImporter/UnityEditor.QuickSearchModule:UnityEditor.Search:ASIAI0B
Importing 'GUID: 830a36a23cf3ab1e61fa47940a6dc35e - Path: Packages/com.unity.modules.imageconversion/package.ModuleCompilationTrigger - Importer: ScriptedImporter/UnityEditor.QuickSearchModule:UnityEditor.Search:ASIAI0B' with importer (ScriptedImporter : UnityEditor.QuickSearchModule:UnityEditor.Search:ASIAI0B)
Imported 'GUID: 830a36a23cf3ab1e61fa47940a6dc35e' -> (Import Result ID: 'a367cbe4a0041ae6c7d68444b8218963') in 0.001 seconds [static and dynamic dependencies]. Details - ImportResultOutputID=db7e7367fad1b60b63df0f5ad321147c DependenciesID=38cf82cb7ffa21beb1715c9f32c5d883 StaticDependenciesID=3b9ee5531ac2f847fc383679976b6cdb 
Number of updated asset objects reloaded before import = 0
Number of asset objects unloaded after import = 1
========================================================================
Received Import Request.
  Time of request: 2026-09-21T20:08:01.735403Z
  Time since last request: 0.000157292 seconds.
  importAddress: GUID: db8e609a39b9b231fccc54e5fa4cbd1b - Path: Packages/com.unity.modules.animation/package.ModuleCompilationTrigger - Importer: ScriptedImporter/UnityEditor.QuickSearchModule:UnityEditor.Search:ASIAI0B
Importing 'GUID: db8e609a39b9b231fccc54e5fa4cbd1b - Path: Packages/com.unity.modules.animation/package.ModuleCompilationTrigger - Importer: ScriptedImporter/UnityEditor.QuickSearchModule:UnityEditor.Search:ASIAI0B' with importer (ScriptedImporter : UnityEditor.QuickSearchModule:UnityEditor.Search:ASIAI0B)
Imported 'GUID: db8e609a39b9b231fccc54e5fa4cbd1b' -> (Import Result ID: 'e86cb0d3c3d91111cabf66df0345eab1') in 0.001 seconds [static and dynamic dependencies]. Details - ImportResultOutputID=7b5d4d6366ead5760df50606cda2c224 DependenciesID=bbd9936e29c923d86187d9f4a6f6d835 StaticDependenciesID=18c559ea1b684bdd6c130f5af90cb966 
Number of updated asset objects reloaded before import = 0
Number of asset objects unloaded after import = 1
========================================================================
Received Import Request.
  Time of request: 2026-09-21T20:08:01.736335Z
  Time since last request: 0.000300834 seconds.
  importAddress: GUID: 953fab16d15d5885b3600fcd6388b2ad - Path: Packages/com.unity.modules.imageconversion/package.json - Importer: ScriptedImporter/UnityEditor.QuickSearchModule:UnityEditor.Search:ASIAI0B
Importing 'GUID: 953fab16d15d5885b3600fcd6388b2ad - Path: Packages/com.unity.modules.imageconversion/package.json - Importer: ScriptedImporter/UnityEditor.QuickSearchModule:UnityEditor.Search:ASIAI0B' with importer (ScriptedImporter : UnityEditor.QuickSearchModule:UnityEditor.Search:ASIAI0B)
Imported 'GUID: 953fab16d15d5885b3600fcd6388b2ad' -> (Import Result ID: 'ecaf138215b905116d03b65448a70ddd') in 0.004 seconds [static and dynamic dependencies]. Details - ImportResultOutputID=91ecf8f1bb922426a28941278b359fd1 DependenciesID=46ae0ee0f30aab732df1683cb78dfeb2 StaticDependenciesID=3836dca88b49e7a6605ce34357b35369 
Number of updated asset objects reloaded before import = 0
Number of asset objects unloaded after import = 1
========================================================================
Received Import Request.
  Time of request: 2026-09-21T20:08:01.740528Z
  Time since last request: 0.00038325 seconds.
  importAddress: GUID: 1a4266815e998967becf686f9c71f0a6 - Path: Packages/com.unity.modules.physics/package.json - Importer: ScriptedImporter/UnityEditor.QuickSearchModule:UnityEditor.Search:ASIAI0B
Importing 'GUID: 1a4266815e998967becf686f9c71f0a6 - Path: Packages/com.unity.modules.physics/package.json - Importer: ScriptedImporter/UnityEditor.QuickSearchModule:UnityEditor.Search:ASIAI0B' with importer (ScriptedImporter : UnityEditor.QuickSearchModule:UnityEditor.Search:ASIAI0B)
Imported 'GUID: 1a4266815e998967becf686f9c71f0a6' -> (Import Result ID: '8feab44abd38334988576be1df55f5b8') in 0.001 seconds [static and dynamic dependencies]. Details - ImportResultOutputID=af93802f32fb00bcf078ef5befa51658 DependenciesID=6e667cda69eedec67660f52250fa49ee StaticDependenciesID=ed37b3f4427282dd608feb555b7301fe 
Number of updated asset objects reloaded before import = 0
Number of asset objects unloaded after import = 1
========================================================================
Received Import Request.
  Time of request: 2026-09-21T20:08:01.741812Z
  Time since last request: 0.000311333 seconds.
  importAddress: GUID: 6afb166a156df2d20433d981f4bb2832 - Path: Packages/com.unity.modules.vehicles/package.json - Importer: ScriptedImporter/UnityEditor.QuickSearchModule:UnityEditor.Search:ASIAI0B
Importing 'GUID: 6afb166a156df2d20433d981f4bb2832 - Path: Packages/com.unity.modules.vehicles/package.json - Importer: ScriptedImporter/UnityEditor.QuickSearchModule:UnityEditor.Search:ASIAI0B' with importer (ScriptedImporter : UnityEditor.QuickSearchModule:UnityEditor.Search:ASIAI0B)
Imported 'GUID: 6afb166a156df2d20433d981f4bb2832' -> (Import Result ID: '2975d69033957ff8c3a99d0ea6a81083') in 0.001 seconds [static and dynamic dependencies]. Details - ImportResultOutputID=55cb9f4b4dfaa923149dee7b4a3c57cf DependenciesID=e0413f59539b892a50d61be1ac3b3cc7 StaticDependenciesID=e548a22c905b0dc180f3348a892e168d 
Number of updated asset objects reloaded before import = 0
Number of asset objects unloaded after import = 1
========================================================================
Received Import Request.
  Time of request: 2026-09-21T20:08:01.742833Z
  Time since last request: 0.000187583 seconds.
  importAddress: GUID: ec02776fe29df900b897106d61977735 - Path: Packages/com.unity.modules.director/package.json - Importer: ScriptedImporter/UnityEditor.QuickSearchModule:UnityEditor.Search:ASIAI0B
Importing 'GUID: ec02776fe29df900b897106d61977735 - Path: Packages/com.unity.modules.director/package.json - Importer: ScriptedImporter/UnityEditor.QuickSearchModule:UnityEditor.Search:ASIAI0B' with importer (ScriptedImporter : UnityEditor.QuickSearchModule:UnityEditor.Search:ASIAI0B)
Imported 'GUID: ec02776fe29df900b897106d61977735' -> (Import Result ID: '97227ddd9961e7f6956e35aa045c786c') in 0.001 seconds [static and dynamic dependencies]. Details - ImportResultOutputID=8bbaa08870e3c5e14d0730f1a9c29799 DependenciesID=76d1d5160f6a5072da5b26aea52754f0 StaticDependenciesID=9752c89e8ca393d1b3f1908d51c781dc 
Number of updated asset objects reloaded before import = 0
Number of asset objects unloaded after import = 1
========================================================================
Received Import Request.
  Time of request: 2026-09-21T20:08:01.743659Z
  Time since last request: 0.000143083 seconds.
  importAddress: GUID: bd1af0a6633ee94ae21c7d1d702cdc12 - Path: Packages/com.unity.modules.androidjni/package.json - Importer: ScriptedImporter/UnityEditor.QuickSearchModule:UnityEditor.Search:ASIAI0B
Importing 'GUID: bd1af0a6633ee94ae21c7d1d702cdc12 - Path: Packages/com.unity.modules.androidjni/package.json - Importer: ScriptedImporter/UnityEditor.QuickSearchModule:UnityEditor.Search:ASIAI0B' with importer (ScriptedImporter : UnityEditor.QuickSearchModule:UnityEditor.Search:ASIAI0B)
Imported 'GUID: bd1af0a6633ee94ae21c7d1d702cdc12' -> (Import Result ID: '12ef589c0158d44165205d67bc777491') in 0.001 seconds [static and dynamic dependencies]. Details - ImportResultOutputID=037166adc0136c9887e91e2622b8e443 DependenciesID=4e38616d81f9e0ceb406d0de2fc9a491 StaticDependenciesID=a45acc56dd926984bab96938e7394638 
Number of updated asset objects reloaded before import = 0
Number of asset objects unloaded after import = 1
========================================================================
Received Import Request.
  Time of request: 2026-09-21T20:08:01.744584Z
  Time since last request: 0.000233459 seconds.
  importAddress: GUID: 7ef8348b8ea834d7e1bc214b07f7fb87 - Path: Packages/com.unity.modules.animation/package.json - Importer: ScriptedImporter/UnityEditor.QuickSearchModule:UnityEditor.Search:ASIAI0B
Importing 'GUID: 7ef8348b8ea834d7e1bc214b07f7fb87 - Path: Packages/com.unity.modules.animation/package.json - Importer: ScriptedImporter/UnityEditor.QuickSearchModule:UnityEditor.Search:ASIAI0B' with importer (ScriptedImporter : UnityEditor.QuickSearchModule:UnityEditor.Search:ASIAI0B)
Imported 'GUID: 7ef8348b8ea834d7e1bc214b07f7fb87' -> (Import Result ID: '0a67a80b8835b8bbc25cab7ea63bece0') in 0.001 seconds [static and dynamic dependencies]. Details - ImportResultOutputID=5048b288060cd0e2cdd80e288b59d17d DependenciesID=aea13abc9f1ba7f80f0da1159f330f8f StaticDependenciesID=2c803007e64112a3a29912808655a168 
Number of updated asset objects reloaded before import = 0
Number of asset objects unloaded after import = 1
========================================================================
Received Import Request.
  Time of request: 2026-09-21T20:08:01.745582Z
  Time since last request: 0.000216875 seconds.
  importAddress: GUID: 7610600f5c83e01041a6fe849d39279f - Path: Packages/com.unity.modules.unitywebrequestassetbundle/package.ModuleCompilationTrigger - Importer: ScriptedImporter/UnityEditor.QuickSearchModule:UnityEditor.Search:ASIAI0B
Importing 'GUID: 7610600f5c83e01041a6fe849d39279f - Path: Packages/com.unity.modules.unitywebrequestassetbundle/package.ModuleCompilationTrigger - Importer: ScriptedImporter/UnityEditor.QuickSearchModule:UnityEditor.Search:ASIAI0B' with importer (ScriptedImporter : UnityEditor.QuickSearchModule:UnityEditor.Search:ASIAI0B)
Imported 'GUID: 7610600f5c83e01041a6fe849d39279f' -> (Import Result ID: '0d900a93a94c0481298500dd1003235c') in 0.001 seconds [static and dynamic dependencies]. Details - ImportResultOutputID=5cd39f71700ca1c4d77f376ce3651609 DependenciesID=124da89abd3f0a9d1f4b9ac4f3101c3f StaticDependenciesID=3345b05d890caf41865202e83269e73d 
Number of updated asset objects reloaded before import = 0
Number of asset objects unloaded after import = 1
========================================================================
Received Import Request.
  Time of request: 2026-09-21T20:08:01.746401Z
  Time since last request: 0.000142333 seconds.
  importAddress: GUID: f0f13f2ab3d6d13cfc6e4656824bfca8 - Path: Packages/com.unity.modules.ai/package.json - Importer: ScriptedImporter/UnityEditor.QuickSearchModule:UnityEditor.Search:ASIAI0B
Importing 'GUID: f0f13f2ab3d6d13cfc6e4656824bfca8 - Path: Packages/com.unity.modules.ai/package.json - Importer: ScriptedImporter/UnityEditor.QuickSearchModule:UnityEditor.Search:ASIAI0B' with importer (ScriptedImporter : UnityEditor.QuickSearchModule:UnityEditor.Search:ASIAI0B)
Imported 'GUID: f0f13f2ab3d6d13cfc6e4656824bfca8' -> (Import Result ID: 'be5a39d2b47580b5d24f72a27a53dbc2') in 0.001 seconds [static and dynamic dependencies]. Details - ImportResultOutputID=e2c2ca4a918fe545ffccd6b39e968aba DependenciesID=b84d06b5d1151906b88eeb5924bfdb2e StaticDependenciesID=9591b2498903eb54b5155090aee0e20e 
Number of updated asset objects reloaded before import = 0
Number of asset objects unloaded after import = 1
========================================================================
Received Import Request.
  Time of request: 2026-09-21T20:08:01.747311Z
  Time since last request: 0.000125125 seconds.
  importAddress: GUID: 281e16dfc02f4a86bf924188eb96b176 - Path: Packages/com.unity.multiplayer.center/Editor/MultiplayerCenterWindow/UI/RecommendationView/RecommendationItemView.cs - Importer: ScriptedImporter/UnityEditor.QuickSearchModule:UnityEditor.Search:ASIAI0B
Importing 'GUID: 281e16dfc02f4a86bf924188eb96b176 - Path: Packages/com.unity.multiplayer.center/Editor/MultiplayerCenterWindow/UI/RecommendationView/RecommendationItemView.cs - Importer: ScriptedImporter/UnityEditor.QuickSearchModule:UnityEditor.Search:ASIAI0B' with importer (ScriptedImporter : UnityEditor.QuickSearchModule:UnityEditor.Search:ASIAI0B)
Imported 'GUID: 281e16dfc02f4a86bf924188eb96b176' -> (Import Result ID: '306502028d7972304028136257852a0a') in 0.001 seconds [static and dynamic dependencies]. Details - ImportResultOutputID=0a5382fa85c803db7c749c3356a0d0fb DependenciesID=e33e0d81c6bdec3eb4939f76f7e782b2 StaticDependenciesID=e1653fd56957e70f763e2547e725bb71 
Number of updated asset objects reloaded before import = 0
Number of asset objects unloaded after import = 0
========================================================================
Received Import Request.
  Time of request: 2026-09-21T20:08:01.748397Z
  Time since last request: 0.000309458 seconds.
  importAddress: GUID: b83f06ac0c0696e9563230865ca72b81 - Path: Packages/com.unity.modules.wind/package.json - Importer: ScriptedImporter/UnityEditor.QuickSearchModule:UnityEditor.Search:ASIAI0B
Importing 'GUID: b83f06ac0c0696e9563230865ca72b81 - Path: Packages/com.unity.modules.wind/package.json - Importer: ScriptedImporter/UnityEditor.QuickSearchModule:UnityEditor.Search:ASIAI0B' with importer (ScriptedImporter : UnityEditor.QuickSearchModule:UnityEditor.Search:ASIAI0B)
Imported 'GUID: b83f06ac0c0696e9563230865ca72b81' -> (Import Result ID: '400bb0e093e889ffc233465b98a922ba') in 0.001 seconds [static and dynamic dependencies]. Details - ImportResultOutputID=374a66f46e33eaa5ff5170db5ef12115 DependenciesID=2c267f4b38635b6f818d9612c964e58e StaticDependenciesID=a5047e89602e9543c024c381f072d809 
Number of updated asset objects reloaded before import = 0
Number of asset objects unloaded after import = 1
========================================================================
Received Import Request.
  Time of request: 2026-09-21T20:08:01.749475Z
  Time since last request: 0.000331958 seconds.
  importAddress: GUID: a6fd0c627f5aa48fa81512221e70a11e - Path: Packages/com.unity.multiplayer.center/Editor/MultiplayerCenterWindow/UI/Icons/d_PackageManager@2x.png - Importer: ScriptedImporter/UnityEditor.QuickSearchModule:UnityEditor.Search:ASIAI0B
Importing 'GUID: a6fd0c627f5aa48fa81512221e70a11e - Path: Packages/com.unity.multiplayer.center/Editor/MultiplayerCenterWindow/UI/Icons/d_PackageManager@2x.png - Importer: ScriptedImporter/UnityEditor.QuickSearchModule:UnityEditor.Search:ASIAI0B' with importer (ScriptedImporter : UnityEditor.QuickSearchModule:UnityEditor.Search:ASIAI0B)
Imported 'GUID: a6fd0c627f5aa48fa81512221e70a11e' -> (Import Result ID: '30ac3a4bcfbffdbb906cb27d01e817f8') in 0.003 seconds [static and dynamic dependencies]. Details - ImportResultOutputID=46f48f626c5eada8f3eac596d428a8fc DependenciesID=79771625120b2103d3f7a76463924860 StaticDependenciesID=93961c3ee2d52b81fc6e42f292ae9582 
Number of updated asset objects reloaded before import = 0
Number of asset objects unloaded after import = 1
========================================================================
Received Import Request.
  Time of request: 2026-09-21T20:08:01.752503Z
  Time since last request: 0.0003095 seconds.
  importAddress: GUID: 318df756abab5463e9aa361360784865 - Path: Packages/com.unity.multiplayer.center/Editor/MultiplayerCenterWindow/UI/Icons/d_PackageInstalled@2x.png - Importer: ScriptedImporter/UnityEditor.QuickSearchModule:UnityEditor.Search:ASIAI0B
Importing 'GUID: 318df756abab5463e9aa361360784865 - Path: Packages/com.unity.multiplayer.center/Editor/MultiplayerCenterWindow/UI/Icons/d_PackageInstalled@2x.png - Importer: ScriptedImporter/UnityEditor.QuickSearchModule:UnityEditor.Search:ASIAI0B' with importer (ScriptedImporter : UnityEditor.QuickSearchModule:UnityEditor.Search:ASIAI0B)
Imported 'GUID: 318df756abab5463e9aa361360784865' -> (Import Result ID: 'cce07e24af08f58b9144c2d608e1b8a4') in 0.007 seconds [static and dynamic dependencies]. Details - ImportResultOutputID=d7df335a13d7b54cf9d3e84eac8d0bdd DependenciesID=c150372f88808d02475cf0ca8c46a64b StaticDependenciesID=e98ee94ff34a93256015b8b71b0aa038 
Number of updated asset objects reloaded before import = 0
Number of asset objects unloaded after import = 1
========================================================================
Received Import Request.
  Time of request: 2026-09-21T20:08:01.759996Z
  Time since last request: 0.000318041 seconds.
  importAddress: GUID: 30b312a167534621b316172253b08723 - Path: Packages/com.unity.modules.subsystems/package.json - Importer: ScriptedImporter/UnityEditor.QuickSearchModule:UnityEditor.Search:ASIAI0B
Importing 'GUID: 30b312a167534621b316172253b08723 - Path: Packages/com.unity.modules.subsystems/package.json - Importer: ScriptedImporter/UnityEditor.QuickSearchModule:UnityEditor.Search:ASIAI0B' with importer (ScriptedImporter : UnityEditor.QuickSearchModule:UnityEditor.Search:ASIAI0B)
Imported 'GUID: 30b312a167534621b316172253b08723' -> (Import Result ID: 'b6db6370eef614f9a25b47b3bac19fd2') in 0.002 seconds [static and dynamic dependencies]. Details - ImportResultOutputID=e89be94bb543ca94e28ef5aa8886add5 DependenciesID=25ece443d89d67810914cfa54badb2b8 StaticDependenciesID=eaf13aaff3fdab55352bcec5bd6aa044 
Number of updated asset objects reloaded before import = 0
Number of asset objects unloaded after import = 1
========================================================================
Received Import Request.
  Time of request: 2026-09-21T20:08:01.762098Z
  Time since last request: 0.000289792 seconds.
  importAddress: GUID: 63314900d81e4a15814496af1889cb51 - Path: Packages/com.unity.multiplayer.center/Editor/MultiplayerCenterWindow/UI/RecommendationView/SectionHeader.cs - Importer: ScriptedImporter/UnityEditor.QuickSearchModule:UnityEditor.Search:ASIAI0B
Importing 'GUID: 63314900d81e4a15814496af1889cb51 - Path: Packages/com.unity.multiplayer.center/Editor/MultiplayerCenterWindow/UI/RecommendationView/SectionHeader.cs - Importer: ScriptedImporter/UnityEditor.QuickSearchModule:UnityEditor.Search:ASIAI0B' with importer (ScriptedImporter : UnityEditor.QuickSearchModule:UnityEditor.Search:ASIAI0B)
Imported 'GUID: 63314900d81e4a15814496af1889cb51' -> (Import Result ID: '5979b0cbc9cdd06ec3bddc231ea0b14f') in 0.001 seconds [static and dynamic dependencies]. Details - ImportResultOutputID=93a0aaad77cdd1fd699a5bfd6153395f DependenciesID=aa663f8f747895da78c29862e9fe283a StaticDependenciesID=f47ff65f885c345c3aaeaac4fe8cf8b9 
Number of updated asset objects reloaded before import = 0
Number of asset objects unloaded after import = 0
========================================================================
Received Import Request.
  Time of request: 2026-09-21T20:08:01.763374Z
  Time since last request: 0.000212 seconds.
  importAddress: GUID: 9431e8221045c4af189b2fa7174b9e9f - Path: Packages/com.unity.multiplayer.center/Editor/MultiplayerCenterWindow/UI/Icons/PackageManager@2x.png - Importer: ScriptedImporter/UnityEditor.QuickSearchModule:UnityEditor.Search:ASIAI0B
Importing 'GUID: 9431e8221045c4af189b2fa7174b9e9f - Path: Packages/com.unity.multiplayer.center/Editor/MultiplayerCenterWindow/UI/Icons/PackageManager@2x.png - Importer: ScriptedImporter/UnityEditor.QuickSearchModule:UnityEditor.Search:ASIAI0B' with importer (ScriptedImporter : UnityEditor.QuickSearchModule:UnityEditor.Search:ASIAI0B)
Imported 'GUID: 9431e8221045c4af189b2fa7174b9e9f' -> (Import Result ID: '9000a5552f4b4340f5297cb1c89e30ea') in 0.004 seconds [static and dynamic dependencies]. Details - ImportResultOutputID=75c56bd7b389ae88c7166ed3690255c2 DependenciesID=bf1020a9cbdf815931fe515a85dd82ce StaticDependenciesID=018a8aa4bf3148d4668c61b16611e9f3 
Number of updated asset objects reloaded before import = 0
Number of asset objects unloaded after import = 1
========================================================================
Received Import Request.
  Time of request: 2026-09-21T20:08:01.784713Z
  Time since last request: 0.01710625 seconds.
  importAddress: GUID: 3cc1ebf2abb7fef6871ad48f499b6e21 - Path: Packages/com.unity.modules.vectorgraphics/package.ModuleCompilationTrigger - Importer: ScriptedImporter/UnityEditor.QuickSearchModule:UnityEditor.Search:ASIAI0B
Importing 'GUID: 3cc1ebf2abb7fef6871ad48f499b6e21 - Path: Packages/com.unity.modules.vectorgraphics/package.ModuleCompilationTrigger - Importer: ScriptedImporter/UnityEditor.QuickSearchModule:UnityEditor.Search:ASIAI0B' with importer (ScriptedImporter : UnityEditor.QuickSearchModule:UnityEditor.Search:ASIAI0B)
Imported 'GUID: 3cc1ebf2abb7fef6871ad48f499b6e21' -> (Import Result ID: 'cb8e30c1a0711e92157ecc59339c00a9') in 0.001 seconds [static and dynamic dependencies]. Details - ImportResultOutputID=13127a37e46c400f0529efabef9dcb95 DependenciesID=33e23ec09f2157c8c888ad8c41e80232 StaticDependenciesID=91f16ef788375314def576571cc72f35 
Number of updated asset objects reloaded before import = 0
Number of asset objects unloaded after import = 1
========================================================================
Received Import Request.
  Time of request: 2026-09-21T20:08:01.786042Z
  Time since last request: 0.000176833 seconds.
  importAddress: GUID: d2ec2d1228c8e67cdd913cb5609176a2 - Path: Packages/com.unity.modules.unitywebrequest/package.ModuleCompilationTrigger - Importer: ScriptedImporter/UnityEditor.QuickSearchModule:UnityEditor.Search:ASIAI0B
Importing 'GUID: d2ec2d1228c8e67cdd913cb5609176a2 - Path: Packages/com.unity.modules.unitywebrequest/package.ModuleCompilationTrigger - Importer: ScriptedImporter/UnityEditor.QuickSearchModule:UnityEditor.Search:ASIAI0B' with importer (ScriptedImporter : UnityEditor.QuickSearchModule:UnityEditor.Search:ASIAI0B)
Imported 'GUID: d2ec2d1228c8e67cdd913cb5609176a2' -> (Import Result ID: '6da92b38078c80e368e99ffc86bd30c2') in 0.001 seconds [static and dynamic dependencies]. Details - ImportResultOutputID=58c1e0325aafb0ddda545b28518ea1df DependenciesID=ea8b9c66115e0fd8868c523510e36281 StaticDependenciesID=8a91491cbf389786d09c45543a1b2682 
Number of updated asset objects reloaded before import = 0
Number of asset objects unloaded after import = 1
========================================================================
Received Import Request.
  Time of request: 2026-09-21T20:08:01.787094Z
  Time since last request: 0.000191834 seconds.
  importAddress: GUID: 3fdd83b151eb8d25c5e2f82fc39dcb04 - Path: Packages/com.unity.modules.unitywebrequest/package.json - Importer: ScriptedImporter/UnityEditor.QuickSearchModule:UnityEditor.Search:ASIAI0B
Importing 'GUID: 3fdd83b151eb8d25c5e2f82fc39dcb04 - Path: Packages/com.unity.modules.unitywebrequest/package.json - Importer: ScriptedImporter/UnityEditor.QuickSearchModule:UnityEditor.Search:ASIAI0B' with importer (ScriptedImporter : UnityEditor.QuickSearchModule:UnityEditor.Search:ASIAI0B)
Imported 'GUID: 3fdd83b151eb8d25c5e2f82fc39dcb04' -> (Import Result ID: '676894a1690ed302fb1c4eddc4969a20') in 0.001 seconds [static and dynamic dependencies]. Details - ImportResultOutputID=b310750365acf22ae7ee560770e060d9 DependenciesID=499e2604a6790588cbfb254193513e42 StaticDependenciesID=8d25f18eb2759d43fc03247f1f959aa9 
Number of updated asset objects reloaded before import = 0
Number of asset objects unloaded after import = 1
========================================================================
Received Import Request.
  Time of request: 2026-09-21T20:08:01.78817Z
  Time since last request: 0.00013325 seconds.
  importAddress: GUID: 78e5667e52329c3ceef41288763404ae - Path: Packages/com.unity.modules.vectorgraphics/package.json - Importer: ScriptedImporter/UnityEditor.QuickSearchModule:UnityEditor.Search:ASIAI0B
Importing 'GUID: 78e5667e52329c3ceef41288763404ae - Path: Packages/com.unity.modules.vectorgraphics/package.json - Importer: ScriptedImporter/UnityEditor.QuickSearchModule:UnityEditor.Search:ASIAI0B' with importer (ScriptedImporter : UnityEditor.QuickSearchModule:UnityEditor.Search:ASIAI0B)
Imported 'GUID: 78e5667e52329c3ceef41288763404ae' -> (Import Result ID: 'fe4fb0477282a056c7d219ccd32ffbfb') in 0.001 seconds [static and dynamic dependencies]. Details - ImportResultOutputID=dd413ee1be1c3ddc9b6f245fcce3743c DependenciesID=fcdde7f2486cfa65827ed973cc2157de StaticDependenciesID=eb854d16cabdab2ec227fe9cc9385f12 
Number of updated asset objects reloaded before import = 0
Number of asset objects unloaded after import = 1
========================================================================
Received Prepare
AcceleratorClientConnectionCallback - disconnected - :0
Unloading 0 Unused Serialized files (Serialized files now loaded: 0)
Unloading 62 unused Assets / (1.0 KB). Loaded Objects now: 670.
Memory consumption went from 76.2 MB to 76.2 MB.
Total: 20.699291 ms (FindLiveObjects: 2.920250 ms CreateObjectMapping: 0.220667 ms MarkObjects: 17.455708 ms  DeleteObjects: 0.102041 ms)

Prepare: number of updated asset objects reloaded= 0
========================================================================
Received Import Request.
  Time of request: 2026-09-21T20:08:12.918536Z
  Time since last request: 11.12953775 seconds.
  importAddress: GUID: a1f54d97aff5b47d1a1f8ad37233dcdb - Path: Assets/Scripts - Importer: PreviewImporter
Importing 'GUID: a1f54d97aff5b47d1a1f8ad37233dcdb - Path: Assets/Scripts - Importer: PreviewImporter' with importer (PreviewImporter)
Imported 'GUID: a1f54d97aff5b47d1a1f8ad37233dcdb' -> (Import Result ID: '977194e116916380030e25bcae088fac') in 0.002 seconds [static and dynamic dependencies]. Details - ImportResultOutputID=f4216dd6051c63610e27925495613c27 DependenciesID=e00abd70982e3a74e557caae02935685 StaticDependenciesID=f23bce2824dc3e45e3e732372db1b27d 
Number of updated asset objects reloaded before import = 0
Number of asset objects unloaded after import = 0
========================================================================
Received Import Request.
  Time of request: 2026-09-21T20:08:13.849795Z
  Time since last request: 0.929070875 seconds.
  importAddress: GUID: a1f54d97aff5b47d1a1f8ad37233dcdb - Path: Assets/Scripts - Importer: ScriptedImporter/UnityEditor.QuickSearchModule:UnityEditor.Search:ASIAI0B
Importing 'GUID: a1f54d97aff5b47d1a1f8ad37233dcdb - Path: Assets/Scripts - Importer: ScriptedImporter/UnityEditor.QuickSearchModule:UnityEditor.Search:ASIAI0B' with importer (ScriptedImporter : UnityEditor.QuickSearchModule:UnityEditor.Search:ASIAI0B)
Imported 'GUID: a1f54d97aff5b47d1a1f8ad37233dcdb' -> (Import Result ID: '11c473e9c7e6799c1887036dd9636d30') in 0.003 seconds [static and dynamic dependencies]. Details - ImportResultOutputID=30b36960ea6349fb24bc10823893154a DependenciesID=f59a97fdbfd3d4a245c4448dc64264e9 StaticDependenciesID=bb6d8631f5555dbf0032b457d17532af 
Number of updated asset objects reloaded before import = 0
Number of asset objects unloaded after import = 1
========================================================================
Received Prepare
AcceleratorClientConnectionCallback - disconnected - :0
Unloading 0 Unused Serialized files (Serialized files now loaded: 0)
Unloading 63 unused Assets / (1.0 KB). Loaded Objects now: 671.
Memory consumption went from 76.1 MB to 76.1 MB.
Total: 21.790334 ms (FindLiveObjects: 0.138834 ms CreateObjectMapping: 0.013958 ms MarkObjects: 21.611958 ms  DeleteObjects: 0.025042 ms)

Prepare: number of updated asset objects reloaded= 0
========================================================================
Received Import Request.
  Time of request: 2026-09-21T20:08:35.785611Z
  Time since last request: 21.932669125 seconds.
  importAddress: GUID: 80acbb79262c341b98d5349f65a26c14 - Path: Assets/Scripts/Rythmgamemanager.cs - Importer: PreviewImporter
Importing 'GUID: 80acbb79262c341b98d5349f65a26c14 - Path: Assets/Scripts/Rythmgamemanager.cs - Importer: PreviewImporter' with importer (PreviewImporter)
Imported 'GUID: 80acbb79262c341b98d5349f65a26c14' -> (Import Result ID: 'b67a9dfc09cae4b501159c557bcb207a') in 0.001 seconds [static and dynamic dependencies]. Details - ImportResultOutputID=f5588b77d1d5f6f667979e6d1e3582f9 DependenciesID=1e00496a928f8ac7e396f3b89568cc8e StaticDependenciesID=32c9c1c2db648f02768c4b4d5b688713 
Number of updated asset objects reloaded before import = 0
Number of asset objects unloaded after import = 0
========================================================================
Received Import Request.
  Time of request: 2026-09-21T20:08:36.724056Z
  Time since last request: 0.937599583 seconds.
  importAddress: GUID: 80acbb79262c341b98d5349f65a26c14 - Path: Assets/Scripts/Rythmgamemanager.cs - Importer: ScriptedImporter/UnityEditor.QuickSearchModule:UnityEditor.Search:ASIAI0B
Importing 'GUID: 80acbb79262c341b98d5349f65a26c14 - Path: Assets/Scripts/Rythmgamemanager.cs - Importer: ScriptedImporter/UnityEditor.QuickSearchModule:UnityEditor.Search:ASIAI0B' with importer (ScriptedImporter : UnityEditor.QuickSearchModule:UnityEditor.Search:ASIAI0B)
Imported 'GUID: 80acbb79262c341b98d5349f65a26c14' -> (Import Result ID: 'd0eb7faa68d700165d1ce736cb4fd68c') in 0.027 seconds [static and dynamic dependencies]. Details - ImportResultOutputID=98ccd2ddf93eb4ea4a1a0b187d7ad981 DependenciesID=d41bb42b3ff4f1dd7eb5030b6d64d8b5 StaticDependenciesID=4e710a792872a4475a608389039212ff 
Number of updated asset objects reloaded before import = 0
Number of asset objects unloaded after import = 0
========================================================================
Received Prepare
AcceleratorClientConnectionCallback - disconnected - :0
Begin MonoManager ReloadAssembly
[Licensing::Client] Successfully resolved entitlement details
Thread 0x16d163000 may have been prematurely finalized
Native extension for OSXStandalone target not found
[Package Manager] Failed to launch server process. Reason: Unity was launched with the -noUpm command-line argument
[Package Manager] Unable to send message (not connected to server process).
[Package Manager] Cannot connect to Unity Package Manager local server
ScheduleIndexationOnStartup MainProcess:False IndexOnStartup:True
Mono: successfully reloaded assembly
- Finished resetting the current domain, in  0.291 seconds
Domain Reload Profiling: 595ms
	BeginReloadAssembly (174ms)
		DisableScriptedObjects (12ms)
		CreateAndSetChildDomain (46ms)
	RebuildCommonClasses (7ms)
	RebuildNativeTypeToScriptingClass (14ms)
	initialDomainReloadingComplete (24ms)
	LoadAllAssembliesAndSetupDomain (84ms)
		LoadAssemblies (65ms)
		AnalyzeDomain (23ms)
			TypeCache.Refresh (12ms)
			BuildScriptInfoCaches (5ms)
	FinalizeReload (293ms)
		SetupLoadedEditorAssemblies (0ms)
			BeforeProcessingInitializeOnLoad (67ms)
			ProcessInitializeOnLoadAttributes (51ms)
			ProcessInitializeOnLoadMethodAttributes (54ms)
Unloading 0 Unused Serialized files (Serialized files now loaded: 0)
Unloading 63 unused Assets / (1.0 KB). Loaded Objects now: 671.
Memory consumption went from 82.0 MB to 82.0 MB.
Total: 3.787625 ms (FindLiveObjects: 0.023708 ms CreateObjectMapping: 0.008291 ms MarkObjects: 3.729959 ms  DeleteObjects: 0.025250 ms)

Prepare: number of updated asset objects reloaded= 0
========================================================================
Received Import Request.
  Time of request: 2026-09-21T20:08:39.913484Z
  Time since last request: 3.162463458 seconds.
  importAddress: GUID: 80acbb79262c341b98d5349f65a26c14 - Path: Assets/Scripts/Rythmgamemanager.cs - Importer: PreviewImporter
Importing 'GUID: 80acbb79262c341b98d5349f65a26c14 - Path: Assets/Scripts/Rythmgamemanager.cs - Importer: PreviewImporter' with importer (PreviewImporter)
Imported 'GUID: 80acbb79262c341b98d5349f65a26c14' -> (Import Result ID: '4d52c0d48f595d98a46a52c033f6d1a1') in 0.002 seconds [static and dynamic dependencies]. Details - ImportResultOutputID=f5588b77d1d5f6f667979e6d1e3582f9 DependenciesID=81f916636e697a69ad44b6a65c837a8c StaticDependenciesID=32c9c1c2db648f02768c4b4d5b688713 
Number of updated asset objects reloaded before import = 0
Number of asset objects unloaded after import = 0
========================================================================
Received Prepare
AcceleratorClientConnectionCallback - disconnected - :0
Unloading 0 Unused Serialized files (Serialized files now loaded: 0)
Unloading 64 unused Assets / (1.0 KB). Loaded Objects now: 672.
Memory consumption went from 72.2 MB to 72.2 MB.
Total: 111.823875 ms (FindLiveObjects: 1.217667 ms CreateObjectMapping: 0.084833 ms MarkObjects: 108.217041 ms  DeleteObjects: 2.303583 ms)

Prepare: number of updated asset objects reloaded= 0
========================================================================
Received Import Request.
  Time of request: 2026-09-21T20:15:23.311365Z
  Time since last request: 403.39659495799998 seconds.
  importAddress: GUID: 75cb18e76ac9c480a807fe3eec6f6556 - Path: Assets/Scripts/NewEmptyCSharpScript.cs - Importer: ScriptedImporter/UnityEditor.QuickSearchModule:UnityEditor.Search:ASIAI0B
Importing 'GUID: 75cb18e76ac9c480a807fe3eec6f6556 - Path: Assets/Scripts/NewEmptyCSharpScript.cs - Importer: ScriptedImporter/UnityEditor.QuickSearchModule:UnityEditor.Search:ASIAI0B' with importer (ScriptedImporter : UnityEditor.QuickSearchModule:UnityEditor.Search:ASIAI0B)
Imported 'GUID: 75cb18e76ac9c480a807fe3eec6f6556' -> (Import Result ID: '09f28accb1577345977c52882d44945f') in 0.105 seconds [static and dynamic dependencies]. Details - ImportResultOutputID=97d865c3c774fd19db325fe47aff53b5 DependenciesID=7022d08c75a45e09d6e3cd1f1a5c3dd9 StaticDependenciesID=c5e9fd1c553474df64e887dedd6d99f7 
Number of updated asset objects reloaded before import = 0
Number of asset objects unloaded after import = 0
========================================================================
Received Prepare
AcceleratorClientConnectionCallback - disconnected - :0
Begin MonoManager ReloadAssembly
[Licensing::Client] Successfully resolved entitlement details
Thread 0x16b34b000 may have been prematurely finalized
Native extension for OSXStandalone target not found
[Package Manager] Failed to launch server process. Reason: Unity was launched with the -noUpm command-line argument
[Package Manager] Unable to send message (not connected to server process).
[Package Manager] Cannot connect to Unity Package Manager local server
ScheduleIndexationOnStartup MainProcess:False IndexOnStartup:True
Mono: successfully reloaded assembly
- Finished resetting the current domain, in  0.275 seconds
Domain Reload Profiling: 555ms
	BeginReloadAssembly (133ms)
		DisableScriptedObjects (11ms)
		CreateAndSetChildDomain (27ms)
	RebuildCommonClasses (7ms)
	RebuildNativeTypeToScriptingClass (14ms)
	initialDomainReloadingComplete (56ms)
	LoadAllAssembliesAndSetupDomain (68ms)
		LoadAssemblies (51ms)
		AnalyzeDomain (13ms)
			TypeCache.Refresh (5ms)
			BuildScriptInfoCaches (4ms)
	FinalizeReload (276ms)
		SetupLoadedEditorAssemblies (0ms)
			BeforeProcessingInitializeOnLoad (69ms)
			ProcessInitializeOnLoadAttributes (46ms)
			ProcessInitializeOnLoadMethodAttributes (48ms)
Unloading 0 Unused Serialized files (Serialized files now loaded: 0)
Unloading 64 unused Assets / (1.0 KB). Loaded Objects now: 672.
Memory consumption went from 79.0 MB to 79.0 MB.
Total: 3.626333 ms (FindLiveObjects: 0.021458 ms CreateObjectMapping: 0.009208 ms MarkObjects: 3.570292 ms  DeleteObjects: 0.025042 ms)

Prepare: number of updated asset objects reloaded= 0
========================================================================
Received Import Request.
  Time of request: 2026-09-21T20:15:25.967306Z
  Time since last request: 2.549220125 seconds.
  importAddress: GUID: 75cb18e76ac9c480a807fe3eec6f6556 - Path: Assets/Scripts/NewEmptyCSharpScript.cs - Importer: PreviewImporter
Importing 'GUID: 75cb18e76ac9c480a807fe3eec6f6556 - Path: Assets/Scripts/NewEmptyCSharpScript.cs - Importer: PreviewImporter' with importer (PreviewImporter)
Imported 'GUID: 75cb18e76ac9c480a807fe3eec6f6556' -> (Import Result ID: '951e26c985a50d669956fa6c9443b045') in 0.002 seconds [static and dynamic dependencies]. Details - ImportResultOutputID=9f6af744735c98cf5a50d39e97eb395e DependenciesID=18668bac4c62191a872ef16701c8ae93 StaticDependenciesID=8880d304d57d756905ce64f81e905e26 
Number of updated asset objects reloaded before import = 0
Number of asset objects unloaded after import = 0
========================================================================
Received Prepare
AcceleratorClientConnectionCallback - disconnected - :0
Begin MonoManager ReloadAssembly
Thread 0x16b34b000 may have been prematurely finalized
Native extension for OSXStandalone target not found
[Package Manager] Failed to launch server process. Reason: Unity was launched with the -noUpm command-line argument
[Package Manager] Unable to send message (not connected to server process).
[Package Manager] Cannot connect to Unity Package Manager local server
ScheduleIndexationOnStartup MainProcess:False IndexOnStartup:True
Mono: successfully reloaded assembly
- Finished resetting the current domain, in  0.272 seconds
Domain Reload Profiling: 577ms
	BeginReloadAssembly (164ms)
		DisableScriptedObjects (12ms)
		CreateAndSetChildDomain (37ms)
	RebuildCommonClasses (9ms)
	RebuildNativeTypeToScriptingClass (19ms)
	initialDomainReloadingComplete (33ms)
	LoadAllAssembliesAndSetupDomain (78ms)
		LoadAssemblies (56ms)
		AnalyzeDomain (10ms)
			TypeCache.Refresh (5ms)
			BuildScriptInfoCaches (4ms)
	FinalizeReload (273ms)
		SetupLoadedEditorAssemblies (0ms)
			BeforeProcessingInitializeOnLoad (63ms)
			ProcessInitializeOnLoadAttributes (50ms)
			ProcessInitializeOnLoadMethodAttributes (48ms)
Unloading 0 Unused Serialized files (Serialized files now loaded: 0)
Unloading 64 unused Assets / (1.0 KB). Loaded Objects now: 672.
Memory consumption went from 78.2 MB to 78.2 MB.
Total: 3.977583 ms (FindLiveObjects: 0.028125 ms CreateObjectMapping: 0.012083 ms MarkObjects: 3.915459 ms  DeleteObjects: 0.021542 ms)

Prepare: number of updated asset objects reloaded= 0
========================================================================
Received Import Request.
  Time of request: 2026-09-21T20:17:10.284436Z
  Time since last request: 104.29279275 seconds.
  importAddress: GUID: 75cb18e76ac9c480a807fe3eec6f6556 - Path: Assets/Scripts/NewEmptyCSharpScript.cs - Importer: PreviewImporter
Importing 'GUID: 75cb18e76ac9c480a807fe3eec6f6556 - Path: Assets/Scripts/NewEmptyCSharpScript.cs - Importer: PreviewImporter' with importer (PreviewImporter)
Imported 'GUID: 75cb18e76ac9c480a807fe3eec6f6556' -> (Import Result ID: '8e3bccaff77689a96eb9d847ae7192d1') in 0.015 seconds [static and dynamic dependencies]. Details - ImportResultOutputID=9f6af744735c98cf5a50d39e97eb395e DependenciesID=f6e0d206a45ace3b161acac6d2b64b8c StaticDependenciesID=0d45ef94671ee1824b5e893438243ef2 
Number of updated asset objects reloaded before import = 0
Number of asset objects unloaded after import = 0
========================================================================
Received Import Request.
  Time of request: 2026-09-21T20:17:10.732351Z
  Time since last request: 0.426363292 seconds.
  importAddress: GUID: 75cb18e76ac9c480a807fe3eec6f6556 - Path: Assets/Scripts/NewEmptyCSharpScript.cs - Importer: ScriptedImporter/UnityEditor.QuickSearchModule:UnityEditor.Search:ASIAI0B
Importing 'GUID: 75cb18e76ac9c480a807fe3eec6f6556 - Path: Assets/Scripts/NewEmptyCSharpScript.cs - Importer: ScriptedImporter/UnityEditor.QuickSearchModule:UnityEditor.Search:ASIAI0B' with importer (ScriptedImporter : UnityEditor.QuickSearchModule:UnityEditor.Search:ASIAI0B)
Imported 'GUID: 75cb18e76ac9c480a807fe3eec6f6556' -> (Import Result ID: '196c6879998a2f6c9af9e56b4e1b7656') in 0.071 seconds [static and dynamic dependencies]. Details - ImportResultOutputID=5469cb786ea0f85908a4cc86179e0537 DependenciesID=358eab4153576a0d54761791c25201a3 StaticDependenciesID=e987de1171d1e66077c1bdbdbf14d396 
Number of updated asset objects reloaded before import = 0
Number of asset objects unloaded after import = 0
========================================================================
Received Prepare
AcceleratorClientConnectionCallback - disconnected - :0
Unloading 0 Unused Serialized files (Serialized files now loaded: 0)
Unloading 64 unused Assets / (1.0 KB). Loaded Objects now: 672.
Memory consumption went from 72.2 MB to 72.2 MB.
Total: 5.675375 ms (FindLiveObjects: 0.048958 ms CreateObjectMapping: 0.009542 ms MarkObjects: 5.427791 ms  DeleteObjects: 0.188875 ms)

Prepare: number of updated asset objects reloaded= 0
========================================================================
Received Import Request.
  Time of request: 2026-09-21T20:17:14.067713Z
  Time since last request: 3.264166583 seconds.
  importAddress: GUID: 75cb18e76ac9c480a807fe3eec6f6556 - Path: Assets/Scripts/NoteData.cs - Importer: PreviewImporter
Importing 'GUID: 75cb18e76ac9c480a807fe3eec6f6556 - Path: Assets/Scripts/NoteData.cs - Importer: PreviewImporter' with importer (PreviewImporter)
Imported 'GUID: 75cb18e76ac9c480a807fe3eec6f6556' -> (Import Result ID: 'ace2cac8e363410e10ecc259ff043cc6') in 0.000 seconds [static and dynamic dependencies]. Details - ImportResultOutputID=9f6af744735c98cf5a50d39e97eb395e DependenciesID=ce5f7525aa42993566524c57e1c38c09 StaticDependenciesID=5f5a742bbc3fda841f28fee8fb976735 
Number of updated asset objects reloaded before import = 0
Number of asset objects unloaded after import = 0
========================================================================
Received Import Request.
  Time of request: 2026-09-21T20:17:14.451422Z
  Time since last request: 0.383356208 seconds.
  importAddress: GUID: 75cb18e76ac9c480a807fe3eec6f6556 - Path: Assets/Scripts/NoteData.cs - Importer: PreviewImporter
Importing 'GUID: 75cb18e76ac9c480a807fe3eec6f6556 - Path: Assets/Scripts/NoteData.cs - Importer: PreviewImporter' with importer (PreviewImporter)
Imported 'GUID: 75cb18e76ac9c480a807fe3eec6f6556' -> (Import Result ID: 'ace2cac8e363410e10ecc259ff043cc6') in 0.000 seconds [static and dynamic dependencies]. Details - ImportResultOutputID=9f6af744735c98cf5a50d39e97eb395e DependenciesID=ce5f7525aa42993566524c57e1c38c09 StaticDependenciesID=5f5a742bbc3fda841f28fee8fb976735 
Number of updated asset objects reloaded before import = 0
Number of asset objects unloaded after import = 0
========================================================================
Received Import Request.
  Time of request: 2026-09-21T20:17:14.455419Z
  Time since last request: 0.003662417 seconds.
  importAddress: GUID: 75cb18e76ac9c480a807fe3eec6f6556 - Path: Assets/Scripts/NoteData.cs - Importer: PreviewImporter
Importing 'GUID: 75cb18e76ac9c480a807fe3eec6f6556 - Path: Assets/Scripts/NoteData.cs - Importer: PreviewImporter' with importer (PreviewImporter)
Imported 'GUID: 75cb18e76ac9c480a807fe3eec6f6556' -> (Import Result ID: 'ace2cac8e363410e10ecc259ff043cc6') in 0.000 seconds [static and dynamic dependencies]. Details - ImportResultOutputID=9f6af744735c98cf5a50d39e97eb395e DependenciesID=ce5f7525aa42993566524c57e1c38c09 StaticDependenciesID=5f5a742bbc3fda841f28fee8fb976735 
Number of updated asset objects reloaded before import = 0
Number of asset objects unloaded after import = 0
========================================================================
Received Import Request.
  Time of request: 2026-09-21T20:17:14.458857Z
  Time since last request: 0.003215459 seconds.
  importAddress: GUID: 75cb18e76ac9c480a807fe3eec6f6556 - Path: Assets/Scripts/NoteData.cs - Importer: PreviewImporter
Importing 'GUID: 75cb18e76ac9c480a807fe3eec6f6556 - Path: Assets/Scripts/NoteData.cs - Importer: PreviewImporter' with importer (PreviewImporter)
Imported 'GUID: 75cb18e76ac9c480a807fe3eec6f6556' -> (Import Result ID: 'ace2cac8e363410e10ecc259ff043cc6') in 0.000 seconds [static and dynamic dependencies]. Details - ImportResultOutputID=9f6af744735c98cf5a50d39e97eb395e DependenciesID=ce5f7525aa42993566524c57e1c38c09 StaticDependenciesID=5f5a742bbc3fda841f28fee8fb976735 
Number of updated asset objects reloaded before import = 0
Number of asset objects unloaded after import = 0
========================================================================
Received Import Request.
  Time of request: 2026-09-21T20:17:14.462849Z
  Time since last request: 0.003802708 seconds.
  importAddress: GUID: 75cb18e76ac9c480a807fe3eec6f6556 - Path: Assets/Scripts/NoteData.cs - Importer: PreviewImporter
Importing 'GUID: 75cb18e76ac9c480a807fe3eec6f6556 - Path: Assets/Scripts/NoteData.cs - Importer: PreviewImporter' with importer (PreviewImporter)
Imported 'GUID: 75cb18e76ac9c480a807fe3eec6f6556' -> (Import Result ID: 'ace2cac8e363410e10ecc259ff043cc6') in 0.000 seconds [static and dynamic dependencies]. Details - ImportResultOutputID=9f6af744735c98cf5a50d39e97eb395e DependenciesID=ce5f7525aa42993566524c57e1c38c09 StaticDependenciesID=5f5a742bbc3fda841f28fee8fb976735 
Number of updated asset objects reloaded before import = 0
Number of asset objects unloaded after import = 0
========================================================================
Received Import Request.
  Time of request: 2026-09-21T20:17:14.472849Z
  Time since last request: 0.009778875 seconds.
  importAddress: GUID: 75cb18e76ac9c480a807fe3eec6f6556 - Path: Assets/Scripts/NoteData.cs - Importer: PreviewImporter
Importing 'GUID: 75cb18e76ac9c480a807fe3eec6f6556 - Path: Assets/Scripts/NoteData.cs - Importer: PreviewImporter' with importer (PreviewImporter)
Imported 'GUID: 75cb18e76ac9c480a807fe3eec6f6556' -> (Import Result ID: 'ace2cac8e363410e10ecc259ff043cc6') in 0.000 seconds [static and dynamic dependencies]. Details - ImportResultOutputID=9f6af744735c98cf5a50d39e97eb395e DependenciesID=ce5f7525aa42993566524c57e1c38c09 StaticDependenciesID=5f5a742bbc3fda841f28fee8fb976735 
Number of updated asset objects reloaded before import = 0
Number of asset objects unloaded after import = 0
========================================================================
Received Import Request.
  Time of request: 2026-09-21T20:17:14.475753Z
  Time since last request: 0.002653792 seconds.
  importAddress: GUID: 75cb18e76ac9c480a807fe3eec6f6556 - Path: Assets/Scripts/NoteData.cs - Importer: PreviewImporter
Importing 'GUID: 75cb18e76ac9c480a807fe3eec6f6556 - Path: Assets/Scripts/NoteData.cs - Importer: PreviewImporter' with importer (PreviewImporter)
Imported 'GUID: 75cb18e76ac9c480a807fe3eec6f6556' -> (Import Result ID: 'ace2cac8e363410e10ecc259ff043cc6') in 0.000 seconds [static and dynamic dependencies]. Details - ImportResultOutputID=9f6af744735c98cf5a50d39e97eb395e DependenciesID=ce5f7525aa42993566524c57e1c38c09 StaticDependenciesID=5f5a742bbc3fda841f28fee8fb976735 
Number of updated asset objects reloaded before import = 0
Number of asset objects unloaded after import = 0
========================================================================
Received Import Request.
  Time of request: 2026-09-21T20:17:14.480781Z
  Time since last request: 0.004738292 seconds.
  importAddress: GUID: 75cb18e76ac9c480a807fe3eec6f6556 - Path: Assets/Scripts/NoteData.cs - Importer: PreviewImporter
Importing 'GUID: 75cb18e76ac9c480a807fe3eec6f6556 - Path: Assets/Scripts/NoteData.cs - Importer: PreviewImporter' with importer (PreviewImporter)
Imported 'GUID: 75cb18e76ac9c480a807fe3eec6f6556' -> (Import Result ID: 'ace2cac8e363410e10ecc259ff043cc6') in 0.000 seconds [static and dynamic dependencies]. Details - ImportResultOutputID=9f6af744735c98cf5a50d39e97eb395e DependenciesID=ce5f7525aa42993566524c57e1c38c09 StaticDependenciesID=5f5a742bbc3fda841f28fee8fb976735 
Number of updated asset objects reloaded before import = 0
Number of asset objects unloaded after import = 0
========================================================================
Received Import Request.
  Time of request: 2026-09-21T20:17:14.484537Z
  Time since last request: 0.003373875 seconds.
  importAddress: GUID: 75cb18e76ac9c480a807fe3eec6f6556 - Path: Assets/Scripts/NoteData.cs - Importer: PreviewImporter
Importing 'GUID: 75cb18e76ac9c480a807fe3eec6f6556 - Path: Assets/Scripts/NoteData.cs - Importer: PreviewImporter' with importer (PreviewImporter)
Imported 'GUID: 75cb18e76ac9c480a807fe3eec6f6556' -> (Import Result ID: 'ace2cac8e363410e10ecc259ff043cc6') in 0.000 seconds [static and dynamic dependencies]. Details - ImportResultOutputID=9f6af744735c98cf5a50d39e97eb395e DependenciesID=ce5f7525aa42993566524c57e1c38c09 StaticDependenciesID=5f5a742bbc3fda841f28fee8fb976735 
Number of updated asset objects reloaded before import = 0
Number of asset objects unloaded after import = 0
========================================================================
Received Import Request.
  Time of request: 2026-09-21T20:17:14.488883Z
  Time since last request: 0.004120666 seconds.
  importAddress: GUID: 75cb18e76ac9c480a807fe3eec6f6556 - Path: Assets/Scripts/NoteData.cs - Importer: PreviewImporter
Importing 'GUID: 75cb18e76ac9c480a807fe3eec6f6556 - Path: Assets/Scripts/NoteData.cs - Importer: PreviewImporter' with importer (PreviewImporter)
Imported 'GUID: 75cb18e76ac9c480a807fe3eec6f6556' -> (Import Result ID: 'ace2cac8e363410e10ecc259ff043cc6') in 0.001 seconds [static and dynamic dependencies]. Details - ImportResultOutputID=9f6af744735c98cf5a50d39e97eb395e DependenciesID=ce5f7525aa42993566524c57e1c38c09 StaticDependenciesID=5f5a742bbc3fda841f28fee8fb976735 
Number of updated asset objects reloaded before import = 0
Number of asset objects unloaded after import = 0
========================================================================
Received Import Request.
  Time of request: 2026-09-21T20:17:14.492404Z
  Time since last request: 0.002872333 seconds.
  importAddress: GUID: 75cb18e76ac9c480a807fe3eec6f6556 - Path: Assets/Scripts/NoteData.cs - Importer: PreviewImporter
Importing 'GUID: 75cb18e76ac9c480a807fe3eec6f6556 - Path: Assets/Scripts/NoteData.cs - Importer: PreviewImporter' with importer (PreviewImporter)
Imported 'GUID: 75cb18e76ac9c480a807fe3eec6f6556' -> (Import Result ID: 'ace2cac8e363410e10ecc259ff043cc6') in 0.000 seconds [static and dynamic dependencies]. Details - ImportResultOutputID=9f6af744735c98cf5a50d39e97eb395e DependenciesID=ce5f7525aa42993566524c57e1c38c09 StaticDependenciesID=5f5a742bbc3fda841f28fee8fb976735 
Number of updated asset objects reloaded before import = 0
Number of asset objects unloaded after import = 0
========================================================================
Received Import Request.
  Time of request: 2026-09-21T20:17:14.496458Z
  Time since last request: 0.003849083 seconds.
  importAddress: GUID: 75cb18e76ac9c480a807fe3eec6f6556 - Path: Assets/Scripts/NoteData.cs - Importer: PreviewImporter
Importing 'GUID: 75cb18e76ac9c480a807fe3eec6f6556 - Path: Assets/Scripts/NoteData.cs - Importer: PreviewImporter' with importer (PreviewImporter)
Imported 'GUID: 75cb18e76ac9c480a807fe3eec6f6556' -> (Import Result ID: 'ace2cac8e363410e10ecc259ff043cc6') in 0.000 seconds [static and dynamic dependencies]. Details - ImportResultOutputID=9f6af744735c98cf5a50d39e97eb395e DependenciesID=ce5f7525aa42993566524c57e1c38c09 StaticDependenciesID=5f5a742bbc3fda841f28fee8fb976735 
Number of updated asset objects reloaded before import = 0
Number of asset objects unloaded after import = 0
========================================================================
Received Import Request.
  Time of request: 2026-09-21T20:17:14.500645Z
  Time since last request: 0.003933459 seconds.
  importAddress: GUID: 75cb18e76ac9c480a807fe3eec6f6556 - Path: Assets/Scripts/NoteData.cs - Importer: PreviewImporter
Importing 'GUID: 75cb18e76ac9c480a807fe3eec6f6556 - Path: Assets/Scripts/NoteData.cs - Importer: PreviewImporter' with importer (PreviewImporter)
Imported 'GUID: 75cb18e76ac9c480a807fe3eec6f6556' -> (Import Result ID: 'ace2cac8e363410e10ecc259ff043cc6') in 0.000 seconds [static and dynamic dependencies]. Details - ImportResultOutputID=9f6af744735c98cf5a50d39e97eb395e DependenciesID=ce5f7525aa42993566524c57e1c38c09 StaticDependenciesID=5f5a742bbc3fda841f28fee8fb976735 
Number of updated asset objects reloaded before import = 0
Number of asset objects unloaded after import = 0
========================================================================
Received Import Request.
  Time of request: 2026-09-21T20:17:14.504677Z
  Time since last request: 0.00378325 seconds.
  importAddress: GUID: 75cb18e76ac9c480a807fe3eec6f6556 - Path: Assets/Scripts/NoteData.cs - Importer: PreviewImporter
Importing 'GUID: 75cb18e76ac9c480a807fe3eec6f6556 - Path: Assets/Scripts/NoteData.cs - Importer: PreviewImporter' with importer (PreviewImporter)
Imported 'GUID: 75cb18e76ac9c480a807fe3eec6f6556' -> (Import Result ID: 'ace2cac8e363410e10ecc259ff043cc6') in 0.000 seconds [static and dynamic dependencies]. Details - ImportResultOutputID=9f6af744735c98cf5a50d39e97eb395e DependenciesID=ce5f7525aa42993566524c57e1c38c09 StaticDependenciesID=5f5a742bbc3fda841f28fee8fb976735 
Number of updated asset objects reloaded before import = 0
Number of asset objects unloaded after import = 0
========================================================================
Received Import Request.
  Time of request: 2026-09-21T20:17:14.508644Z
  Time since last request: 0.003740708 seconds.
  importAddress: GUID: 75cb18e76ac9c480a807fe3eec6f6556 - Path: Assets/Scripts/NoteData.cs - Importer: PreviewImporter
Importing 'GUID: 75cb18e76ac9c480a807fe3eec6f6556 - Path: Assets/Scripts/NoteData.cs - Importer: PreviewImporter' with importer (PreviewImporter)
Imported 'GUID: 75cb18e76ac9c480a807fe3eec6f6556' -> (Import Result ID: 'ace2cac8e363410e10ecc259ff043cc6') in 0.000 seconds [static and dynamic dependencies]. Details - ImportResultOutputID=9f6af744735c98cf5a50d39e97eb395e DependenciesID=ce5f7525aa42993566524c57e1c38c09 StaticDependenciesID=5f5a742bbc3fda841f28fee8fb976735 
Number of updated asset objects reloaded before import = 0
Number of asset objects unloaded after import = 0
========================================================================
Received Import Request.
  Time of request: 2026-09-21T20:17:14.512687Z
  Time since last request: 0.003764375 seconds.
  importAddress: GUID: 75cb18e76ac9c480a807fe3eec6f6556 - Path: Assets/Scripts/NoteData.cs - Importer: PreviewImporter
Importing 'GUID: 75cb18e76ac9c480a807fe3eec6f6556 - Path: Assets/Scripts/NoteData.cs - Importer: PreviewImporter' with importer (PreviewImporter)
Imported 'GUID: 75cb18e76ac9c480a807fe3eec6f6556' -> (Import Result ID: 'ace2cac8e363410e10ecc259ff043cc6') in 0.000 seconds [static and dynamic dependencies]. Details - ImportResultOutputID=9f6af744735c98cf5a50d39e97eb395e DependenciesID=ce5f7525aa42993566524c57e1c38c09 StaticDependenciesID=5f5a742bbc3fda841f28fee8fb976735 
Number of updated asset objects reloaded before import = 0
Number of asset objects unloaded after import = 0
========================================================================
Received Import Request.
  Time of request: 2026-09-21T20:17:14.516695Z
  Time since last request: 0.003745958 seconds.
  importAddress: GUID: 75cb18e76ac9c480a807fe3eec6f6556 - Path: Assets/Scripts/NoteData.cs - Importer: PreviewImporter
Importing 'GUID: 75cb18e76ac9c480a807fe3eec6f6556 - Path: Assets/Scripts/NoteData.cs - Importer: PreviewImporter' with importer (PreviewImporter)
Imported 'GUID: 75cb18e76ac9c480a807fe3eec6f6556' -> (Import Result ID: 'ace2cac8e363410e10ecc259ff043cc6') in 0.000 seconds [static and dynamic dependencies]. Details - ImportResultOutputID=9f6af744735c98cf5a50d39e97eb395e DependenciesID=ce5f7525aa42993566524c57e1c38c09 StaticDependenciesID=5f5a742bbc3fda841f28fee8fb976735 
Number of updated asset objects reloaded before import = 0
Number of asset objects unloaded after import = 0
========================================================================
Received Import Request.
  Time of request: 2026-09-21T20:17:14.520849Z
  Time since last request: 0.003880708 seconds.
  importAddress: GUID: 75cb18e76ac9c480a807fe3eec6f6556 - Path: Assets/Scripts/NoteData.cs - Importer: PreviewImporter
Importing 'GUID: 75cb18e76ac9c480a807fe3eec6f6556 - Path: Assets/Scripts/NoteData.cs - Importer: PreviewImporter' with importer (PreviewImporter)
Imported 'GUID: 75cb18e76ac9c480a807fe3eec6f6556' -> (Import Result ID: 'ace2cac8e363410e10ecc259ff043cc6') in 0.000 seconds [static and dynamic dependencies]. Details - ImportResultOutputID=9f6af744735c98cf5a50d39e97eb395e DependenciesID=ce5f7525aa42993566524c57e1c38c09 StaticDependenciesID=5f5a742bbc3fda841f28fee8fb976735 
Number of updated asset objects reloaded before import = 0
Number of asset objects unloaded after import = 0
========================================================================
Received Import Request.
  Time of request: 2026-09-21T20:17:14.524756Z
  Time since last request: 0.003571875 seconds.
  importAddress: GUID: 75cb18e76ac9c480a807fe3eec6f6556 - Path: Assets/Scripts/NoteData.cs - Importer: PreviewImporter
Importing 'GUID: 75cb18e76ac9c480a807fe3eec6f6556 - Path: Assets/Scripts/NoteData.cs - Importer: PreviewImporter' with importer (PreviewImporter)
Imported 'GUID: 75cb18e76ac9c480a807fe3eec6f6556' -> (Import Result ID: 'ace2cac8e363410e10ecc259ff043cc6') in 0.000 seconds [static and dynamic dependencies]. Details - ImportResultOutputID=9f6af744735c98cf5a50d39e97eb395e DependenciesID=ce5f7525aa42993566524c57e1c38c09 StaticDependenciesID=5f5a742bbc3fda841f28fee8fb976735 
Number of updated asset objects reloaded before import = 0
Number of asset objects unloaded after import = 0
========================================================================
Received Import Request.
  Time of request: 2026-09-21T20:17:14.529142Z
  Time since last request: 0.003813834 seconds.
  importAddress: GUID: 75cb18e76ac9c480a807fe3eec6f6556 - Path: Assets/Scripts/NoteData.cs - Importer: PreviewImporter
Importing 'GUID: 75cb18e76ac9c480a807fe3eec6f6556 - Path: Assets/Scripts/NoteData.cs - Importer: PreviewImporter' with importer (PreviewImporter)
Imported 'GUID: 75cb18e76ac9c480a807fe3eec6f6556' -> (Import Result ID: 'ace2cac8e363410e10ecc259ff043cc6') in 0.000 seconds [static and dynamic dependencies]. Details - ImportResultOutputID=9f6af744735c98cf5a50d39e97eb395e DependenciesID=ce5f7525aa42993566524c57e1c38c09 StaticDependenciesID=5f5a742bbc3fda841f28fee8fb976735 
Number of updated asset objects reloaded before import = 0
Number of asset objects unloaded after import = 0
========================================================================
Received Import Request.
  Time of request: 2026-09-21T20:17:14.533083Z
  Time since last request: 0.003706917 seconds.
  importAddress: GUID: 75cb18e76ac9c480a807fe3eec6f6556 - Path: Assets/Scripts/NoteData.cs - Importer: PreviewImporter
Importing 'GUID: 75cb18e76ac9c480a807fe3eec6f6556 - Path: Assets/Scripts/NoteData.cs - Importer: PreviewImporter' with importer (PreviewImporter)
Imported 'GUID: 75cb18e76ac9c480a807fe3eec6f6556' -> (Import Result ID: 'ace2cac8e363410e10ecc259ff043cc6') in 0.000 seconds [static and dynamic dependencies]. Details - ImportResultOutputID=9f6af744735c98cf5a50d39e97eb395e DependenciesID=ce5f7525aa42993566524c57e1c38c09 StaticDependenciesID=5f5a742bbc3fda841f28fee8fb976735 
Number of updated asset objects reloaded before import = 0
Number of asset objects unloaded after import = 0
========================================================================
Received Import Request.
  Time of request: 2026-09-21T20:17:14.536839Z
  Time since last request: 0.003522875 seconds.
  importAddress: GUID: 75cb18e76ac9c480a807fe3eec6f6556 - Path: Assets/Scripts/NoteData.cs - Importer: PreviewImporter
Importing 'GUID: 75cb18e76ac9c480a807fe3eec6f6556 - Path: Assets/Scripts/NoteData.cs - Importer: PreviewImporter' with importer (PreviewImporter)
Imported 'GUID: 75cb18e76ac9c480a807fe3eec6f6556' -> (Import Result ID: 'ace2cac8e363410e10ecc259ff043cc6') in 0.000 seconds [static and dynamic dependencies]. Details - ImportResultOutputID=9f6af744735c98cf5a50d39e97eb395e DependenciesID=ce5f7525aa42993566524c57e1c38c09 StaticDependenciesID=5f5a742bbc3fda841f28fee8fb976735 
Number of updated asset objects reloaded before import = 0
Number of asset objects unloaded after import = 0
========================================================================
Received Import Request.
  Time of request: 2026-09-21T20:17:14.540911Z
  Time since last request: 0.003888375 seconds.
  importAddress: GUID: 75cb18e76ac9c480a807fe3eec6f6556 - Path: Assets/Scripts/NoteData.cs - Importer: PreviewImporter
Importing 'GUID: 75cb18e76ac9c480a807fe3eec6f6556 - Path: Assets/Scripts/NoteData.cs - Importer: PreviewImporter' with importer (PreviewImporter)
Imported 'GUID: 75cb18e76ac9c480a807fe3eec6f6556' -> (Import Result ID: 'ace2cac8e363410e10ecc259ff043cc6') in 0.000 seconds [static and dynamic dependencies]. Details - ImportResultOutputID=9f6af744735c98cf5a50d39e97eb395e DependenciesID=ce5f7525aa42993566524c57e1c38c09 StaticDependenciesID=5f5a742bbc3fda841f28fee8fb976735 
Number of updated asset objects reloaded before import = 0
Number of asset objects unloaded after import = 0
========================================================================
Received Import Request.
  Time of request: 2026-09-21T20:17:14.544934Z
  Time since last request: 0.0038455 seconds.
  importAddress: GUID: 75cb18e76ac9c480a807fe3eec6f6556 - Path: Assets/Scripts/NoteData.cs - Importer: PreviewImporter
Importing 'GUID: 75cb18e76ac9c480a807fe3eec6f6556 - Path: Assets/Scripts/NoteData.cs - Importer: PreviewImporter' with importer (PreviewImporter)
Imported 'GUID: 75cb18e76ac9c480a807fe3eec6f6556' -> (Import Result ID: 'ace2cac8e363410e10ecc259ff043cc6') in 0.000 seconds [static and dynamic dependencies]. Details - ImportResultOutputID=9f6af744735c98cf5a50d39e97eb395e DependenciesID=ce5f7525aa42993566524c57e1c38c09 StaticDependenciesID=5f5a742bbc3fda841f28fee8fb976735 
Number of updated asset objects reloaded before import = 0
Number of asset objects unloaded after import = 0
========================================================================
Received Import Request.
  Time of request: 2026-09-21T20:17:14.549015Z
  Time since last request: 0.003888083 seconds.
  importAddress: GUID: 75cb18e76ac9c480a807fe3eec6f6556 - Path: Assets/Scripts/NoteData.cs - Importer: PreviewImporter
Importing 'GUID: 75cb18e76ac9c480a807fe3eec6f6556 - Path: Assets/Scripts/NoteData.cs - Importer: PreviewImporter' with importer (PreviewImporter)
Imported 'GUID: 75cb18e76ac9c480a807fe3eec6f6556' -> (Import Result ID: 'ace2cac8e363410e10ecc259ff043cc6') in 0.000 seconds [static and dynamic dependencies]. Details - ImportResultOutputID=9f6af744735c98cf5a50d39e97eb395e DependenciesID=ce5f7525aa42993566524c57e1c38c09 StaticDependenciesID=5f5a742bbc3fda841f28fee8fb976735 
Number of updated asset objects reloaded before import = 0
Number of asset objects unloaded after import = 0
========================================================================
Received Import Request.
  Time of request: 2026-09-21T20:17:14.55315Z
  Time since last request: 0.003919666 seconds.
  importAddress: GUID: 75cb18e76ac9c480a807fe3eec6f6556 - Path: Assets/Scripts/NoteData.cs - Importer: PreviewImporter
Importing 'GUID: 75cb18e76ac9c480a807fe3eec6f6556 - Path: Assets/Scripts/NoteData.cs - Importer: PreviewImporter' with importer (PreviewImporter)
Imported 'GUID: 75cb18e76ac9c480a807fe3eec6f6556' -> (Import Result ID: 'ace2cac8e363410e10ecc259ff043cc6') in 0.000 seconds [static and dynamic dependencies]. Details - ImportResultOutputID=9f6af744735c98cf5a50d39e97eb395e DependenciesID=ce5f7525aa42993566524c57e1c38c09 StaticDependenciesID=5f5a742bbc3fda841f28fee8fb976735 
Number of updated asset objects reloaded before import = 0
Number of asset objects unloaded after import = 0
========================================================================
Received Import Request.
  Time of request: 2026-09-21T20:17:14.557141Z
  Time since last request: 0.003785791 seconds.
  importAddress: GUID: 75cb18e76ac9c480a807fe3eec6f6556 - Path: Assets/Scripts/NoteData.cs - Importer: PreviewImporter
Importing 'GUID: 75cb18e76ac9c480a807fe3eec6f6556 - Path: Assets/Scripts/NoteData.cs - Importer: PreviewImporter' with importer (PreviewImporter)
Imported 'GUID: 75cb18e76ac9c480a807fe3eec6f6556' -> (Import Result ID: 'ace2cac8e363410e10ecc259ff043cc6') in 0.000 seconds [static and dynamic dependencies]. Details - ImportResultOutputID=9f6af744735c98cf5a50d39e97eb395e DependenciesID=ce5f7525aa42993566524c57e1c38c09 StaticDependenciesID=5f5a742bbc3fda841f28fee8fb976735 
Number of updated asset objects reloaded before import = 0
Number of asset objects unloaded after import = 0
========================================================================
Received Import Request.
  Time of request: 2026-09-21T20:17:14.561149Z
  Time since last request: 0.003815625 seconds.
  importAddress: GUID: 75cb18e76ac9c480a807fe3eec6f6556 - Path: Assets/Scripts/NoteData.cs - Importer: PreviewImporter
Importing 'GUID: 75cb18e76ac9c480a807fe3eec6f6556 - Path: Assets/Scripts/NoteData.cs - Importer: PreviewImporter' with importer (PreviewImporter)
Imported 'GUID: 75cb18e76ac9c480a807fe3eec6f6556' -> (Import Result ID: 'ace2cac8e363410e10ecc259ff043cc6') in 0.000 seconds [static and dynamic dependencies]. Details - ImportResultOutputID=9f6af744735c98cf5a50d39e97eb395e DependenciesID=ce5f7525aa42993566524c57e1c38c09 StaticDependenciesID=5f5a742bbc3fda841f28fee8fb976735 
Number of updated asset objects reloaded before import = 0
Number of asset objects unloaded after import = 0
========================================================================
Received Import Request.
  Time of request: 2026-09-21T20:17:14.565189Z
  Time since last request: 0.00384125 seconds.
  importAddress: GUID: 75cb18e76ac9c480a807fe3eec6f6556 - Path: Assets/Scripts/NoteData.cs - Importer: PreviewImporter
Importing 'GUID: 75cb18e76ac9c480a807fe3eec6f6556 - Path: Assets/Scripts/NoteData.cs - Importer: PreviewImporter' with importer (PreviewImporter)
Imported 'GUID: 75cb18e76ac9c480a807fe3eec6f6556' -> (Import Result ID: 'ace2cac8e363410e10ecc259ff043cc6') in 0.000 seconds [static and dynamic dependencies]. Details - ImportResultOutputID=9f6af744735c98cf5a50d39e97eb395e DependenciesID=ce5f7525aa42993566524c57e1c38c09 StaticDependenciesID=5f5a742bbc3fda841f28fee8fb976735 
Number of updated asset objects reloaded before import = 0
Number of asset objects unloaded after import = 0
========================================================================
Received Import Request.
  Time of request: 2026-09-21T20:17:14.56927Z
  Time since last request: 0.003883791 seconds.
  importAddress: GUID: 75cb18e76ac9c480a807fe3eec6f6556 - Path: Assets/Scripts/NoteData.cs - Importer: PreviewImporter
Importing 'GUID: 75cb18e76ac9c480a807fe3eec6f6556 - Path: Assets/Scripts/NoteData.cs - Importer: PreviewImporter' with importer (PreviewImporter)
Imported 'GUID: 75cb18e76ac9c480a807fe3eec6f6556' -> (Import Result ID: 'ace2cac8e363410e10ecc259ff043cc6') in 0.000 seconds [static and dynamic dependencies]. Details - ImportResultOutputID=9f6af744735c98cf5a50d39e97eb395e DependenciesID=ce5f7525aa42993566524c57e1c38c09 StaticDependenciesID=5f5a742bbc3fda841f28fee8fb976735 
Number of updated asset objects reloaded before import = 0
Number of asset objects unloaded after import = 0
========================================================================
Received Import Request.
  Time of request: 2026-09-21T20:17:14.573366Z
  Time since last request: 0.003910792 seconds.
  importAddress: GUID: 75cb18e76ac9c480a807fe3eec6f6556 - Path: Assets/Scripts/NoteData.cs - Importer: PreviewImporter
Importing 'GUID: 75cb18e76ac9c480a807fe3eec6f6556 - Path: Assets/Scripts/NoteData.cs - Importer: PreviewImporter' with importer (PreviewImporter)
Imported 'GUID: 75cb18e76ac9c480a807fe3eec6f6556' -> (Import Result ID: 'ace2cac8e363410e10ecc259ff043cc6') in 0.000 seconds [static and dynamic dependencies]. Details - ImportResultOutputID=9f6af744735c98cf5a50d39e97eb395e DependenciesID=ce5f7525aa42993566524c57e1c38c09 StaticDependenciesID=5f5a742bbc3fda841f28fee8fb976735 
Number of updated asset objects reloaded before import = 0
Number of asset objects unloaded after import = 0
========================================================================
Received Import Request.
  Time of request: 2026-09-21T20:17:14.577459Z
  Time since last request: 0.003908042 seconds.
  importAddress: GUID: 75cb18e76ac9c480a807fe3eec6f6556 - Path: Assets/Scripts/NoteData.cs - Importer: PreviewImporter
Importing 'GUID: 75cb18e76ac9c480a807fe3eec6f6556 - Path: Assets/Scripts/NoteData.cs - Importer: PreviewImporter' with importer (PreviewImporter)
Imported 'GUID: 75cb18e76ac9c480a807fe3eec6f6556' -> (Import Result ID: 'ace2cac8e363410e10ecc259ff043cc6') in 0.000 seconds [static and dynamic dependencies]. Details - ImportResultOutputID=9f6af744735c98cf5a50d39e97eb395e DependenciesID=ce5f7525aa42993566524c57e1c38c09 StaticDependenciesID=5f5a742bbc3fda841f28fee8fb976735 
Number of updated asset objects reloaded before import = 0
Number of asset objects unloaded after import = 0
========================================================================
Received Import Request.
  Time of request: 2026-09-21T20:17:14.581641Z
  Time since last request: 0.003974042 seconds.
  importAddress: GUID: 75cb18e76ac9c480a807fe3eec6f6556 - Path: Assets/Scripts/NoteData.cs - Importer: PreviewImporter
Importing 'GUID: 75cb18e76ac9c480a807fe3eec6f6556 - Path: Assets/Scripts/NoteData.cs - Importer: PreviewImporter' with importer (PreviewImporter)
Imported 'GUID: 75cb18e76ac9c480a807fe3eec6f6556' -> (Import Result ID: 'ace2cac8e363410e10ecc259ff043cc6') in 0.000 seconds [static and dynamic dependencies]. Details - ImportResultOutputID=9f6af744735c98cf5a50d39e97eb395e DependenciesID=ce5f7525aa42993566524c57e1c38c09 StaticDependenciesID=5f5a742bbc3fda841f28fee8fb976735 
Number of updated asset objects reloaded before import = 0
Number of asset objects unloaded after import = 0
========================================================================
Received Import Request.
  Time of request: 2026-09-21T20:17:14.585533Z
  Time since last request: 0.003647375 seconds.
  importAddress: GUID: 75cb18e76ac9c480a807fe3eec6f6556 - Path: Assets/Scripts/NoteData.cs - Importer: PreviewImporter
Importing 'GUID: 75cb18e76ac9c480a807fe3eec6f6556 - Path: Assets/Scripts/NoteData.cs - Importer: PreviewImporter' with importer (PreviewImporter)
Imported 'GUID: 75cb18e76ac9c480a807fe3eec6f6556' -> (Import Result ID: 'ace2cac8e363410e10ecc259ff043cc6') in 0.000 seconds [static and dynamic dependencies]. Details - ImportResultOutputID=9f6af744735c98cf5a50d39e97eb395e DependenciesID=ce5f7525aa42993566524c57e1c38c09 StaticDependenciesID=5f5a742bbc3fda841f28fee8fb976735 
Number of updated asset objects reloaded before import = 0
Number of asset objects unloaded after import = 0
========================================================================
Received Import Request.
  Time of request: 2026-09-21T20:17:14.58959Z
  Time since last request: 0.003885 seconds.
  importAddress: GUID: 75cb18e76ac9c480a807fe3eec6f6556 - Path: Assets/Scripts/NoteData.cs - Importer: PreviewImporter
Importing 'GUID: 75cb18e76ac9c480a807fe3eec6f6556 - Path: Assets/Scripts/NoteData.cs - Importer: PreviewImporter' with importer (PreviewImporter)
Imported 'GUID: 75cb18e76ac9c480a807fe3eec6f6556' -> (Import Result ID: 'ace2cac8e363410e10ecc259ff043cc6') in 0.000 seconds [static and dynamic dependencies]. Details - ImportResultOutputID=9f6af744735c98cf5a50d39e97eb395e DependenciesID=ce5f7525aa42993566524c57e1c38c09 StaticDependenciesID=5f5a742bbc3fda841f28fee8fb976735 
Number of updated asset objects reloaded before import = 0
Number of asset objects unloaded after import = 0
========================================================================
Received Import Request.
  Time of request: 2026-09-21T20:17:14.59369Z
  Time since last request: 0.003926875 seconds.
  importAddress: GUID: 75cb18e76ac9c480a807fe3eec6f6556 - Path: Assets/Scripts/NoteData.cs - Importer: PreviewImporter
Importing 'GUID: 75cb18e76ac9c480a807fe3eec6f6556 - Path: Assets/Scripts/NoteData.cs - Importer: PreviewImporter' with importer (PreviewImporter)
Imported 'GUID: 75cb18e76ac9c480a807fe3eec6f6556' -> (Import Result ID: 'ace2cac8e363410e10ecc259ff043cc6') in 0.000 seconds [static and dynamic dependencies]. Details - ImportResultOutputID=9f6af744735c98cf5a50d39e97eb395e DependenciesID=ce5f7525aa42993566524c57e1c38c09 StaticDependenciesID=5f5a742bbc3fda841f28fee8fb976735 
Number of updated asset objects reloaded before import = 0
Number of asset objects unloaded after import = 0
========================================================================
Received Import Request.
  Time of request: 2026-09-21T20:17:14.59783Z
  Time since last request: 0.003938917 seconds.
  importAddress: GUID: 75cb18e76ac9c480a807fe3eec6f6556 - Path: Assets/Scripts/NoteData.cs - Importer: PreviewImporter
Importing 'GUID: 75cb18e76ac9c480a807fe3eec6f6556 - Path: Assets/Scripts/NoteData.cs - Importer: PreviewImporter' with importer (PreviewImporter)
Imported 'GUID: 75cb18e76ac9c480a807fe3eec6f6556' -> (Import Result ID: 'ace2cac8e363410e10ecc259ff043cc6') in 0.000 seconds [static and dynamic dependencies]. Details - ImportResultOutputID=9f6af744735c98cf5a50d39e97eb395e DependenciesID=ce5f7525aa42993566524c57e1c38c09 StaticDependenciesID=5f5a742bbc3fda841f28fee8fb976735 
Number of updated asset objects reloaded before import = 0
Number of asset objects unloaded after import = 0
========================================================================
Received Import Request.
  Time of request: 2026-09-21T20:17:14.601847Z
  Time since last request: 0.003842458 seconds.
  importAddress: GUID: 75cb18e76ac9c480a807fe3eec6f6556 - Path: Assets/Scripts/NoteData.cs - Importer: PreviewImporter
Importing 'GUID: 75cb18e76ac9c480a807fe3eec6f6556 - Path: Assets/Scripts/NoteData.cs - Importer: PreviewImporter' with importer (PreviewImporter)
Imported 'GUID: 75cb18e76ac9c480a807fe3eec6f6556' -> (Import Result ID: 'ace2cac8e363410e10ecc259ff043cc6') in 0.000 seconds [static and dynamic dependencies]. Details - ImportResultOutputID=9f6af744735c98cf5a50d39e97eb395e DependenciesID=ce5f7525aa42993566524c57e1c38c09 StaticDependenciesID=5f5a742bbc3fda841f28fee8fb976735 
Number of updated asset objects reloaded before import = 0
Number of asset objects unloaded after import = 0
========================================================================
Received Import Request.
  Time of request: 2026-09-21T20:17:14.605913Z
  Time since last request: 0.003901167 seconds.
  importAddress: GUID: 75cb18e76ac9c480a807fe3eec6f6556 - Path: Assets/Scripts/NoteData.cs - Importer: PreviewImporter
Importing 'GUID: 75cb18e76ac9c480a807fe3eec6f6556 - Path: Assets/Scripts/NoteData.cs - Importer: PreviewImporter' with importer (PreviewImporter)
Imported 'GUID: 75cb18e76ac9c480a807fe3eec6f6556' -> (Import Result ID: 'ace2cac8e363410e10ecc259ff043cc6') in 0.000 seconds [static and dynamic dependencies]. Details - ImportResultOutputID=9f6af744735c98cf5a50d39e97eb395e DependenciesID=ce5f7525aa42993566524c57e1c38c09 StaticDependenciesID=5f5a742bbc3fda841f28fee8fb976735 
Number of updated asset objects reloaded before import = 0
Number of asset objects unloaded after import = 0
========================================================================
Received Import Request.
  Time of request: 2026-09-21T20:17:14.609886Z
  Time since last request: 0.003798166 seconds.
  importAddress: GUID: 75cb18e76ac9c480a807fe3eec6f6556 - Path: Assets/Scripts/NoteData.cs - Importer: PreviewImporter
Importing 'GUID: 75cb18e76ac9c480a807fe3eec6f6556 - Path: Assets/Scripts/NoteData.cs - Importer: PreviewImporter' with importer (PreviewImporter)
Imported 'GUID: 75cb18e76ac9c480a807fe3eec6f6556' -> (Import Result ID: 'ace2cac8e363410e10ecc259ff043cc6') in 0.000 seconds [static and dynamic dependencies]. Details - ImportResultOutputID=9f6af744735c98cf5a50d39e97eb395e DependenciesID=ce5f7525aa42993566524c57e1c38c09 StaticDependenciesID=5f5a742bbc3fda841f28fee8fb976735 
Number of updated asset objects reloaded before import = 0
Number of asset objects unloaded after import = 0
========================================================================
Received Import Request.
  Time of request: 2026-09-21T20:17:14.613877Z
  Time since last request: 0.003833375 seconds.
  importAddress: GUID: 75cb18e76ac9c480a807fe3eec6f6556 - Path: Assets/Scripts/NoteData.cs - Importer: PreviewImporter
Importing 'GUID: 75cb18e76ac9c480a807fe3eec6f6556 - Path: Assets/Scripts/NoteData.cs - Importer: PreviewImporter' with importer (PreviewImporter)
Imported 'GUID: 75cb18e76ac9c480a807fe3eec6f6556' -> (Import Result ID: 'ace2cac8e363410e10ecc259ff043cc6') in 0.000 seconds [static and dynamic dependencies]. Details - ImportResultOutputID=9f6af744735c98cf5a50d39e97eb395e DependenciesID=ce5f7525aa42993566524c57e1c38c09 StaticDependenciesID=5f5a742bbc3fda841f28fee8fb976735 
Number of updated asset objects reloaded before import = 0
Number of asset objects unloaded after import = 0
========================================================================
Received Import Request.
  Time of request: 2026-09-21T20:17:14.618163Z
  Time since last request: 0.004080333 seconds.
  importAddress: GUID: 75cb18e76ac9c480a807fe3eec6f6556 - Path: Assets/Scripts/NoteData.cs - Importer: PreviewImporter
Importing 'GUID: 75cb18e76ac9c480a807fe3eec6f6556 - Path: Assets/Scripts/NoteData.cs - Importer: PreviewImporter' with importer (PreviewImporter)
Imported 'GUID: 75cb18e76ac9c480a807fe3eec6f6556' -> (Import Result ID: 'ace2cac8e363410e10ecc259ff043cc6') in 0.000 seconds [static and dynamic dependencies]. Details - ImportResultOutputID=9f6af744735c98cf5a50d39e97eb395e DependenciesID=ce5f7525aa42993566524c57e1c38c09 StaticDependenciesID=5f5a742bbc3fda841f28fee8fb976735 
Number of updated asset objects reloaded before import = 0
Number of asset objects unloaded after import = 0
========================================================================
Received Import Request.
  Time of request: 2026-09-21T20:17:14.622064Z
  Time since last request: 0.003680208 seconds.
  importAddress: GUID: 75cb18e76ac9c480a807fe3eec6f6556 - Path: Assets/Scripts/NoteData.cs - Importer: PreviewImporter
Importing 'GUID: 75cb18e76ac9c480a807fe3eec6f6556 - Path: Assets/Scripts/NoteData.cs - Importer: PreviewImporter' with importer (PreviewImporter)
Imported 'GUID: 75cb18e76ac9c480a807fe3eec6f6556' -> (Import Result ID: 'ace2cac8e363410e10ecc259ff043cc6') in 0.000 seconds [static and dynamic dependencies]. Details - ImportResultOutputID=9f6af744735c98cf5a50d39e97eb395e DependenciesID=ce5f7525aa42993566524c57e1c38c09 StaticDependenciesID=5f5a742bbc3fda841f28fee8fb976735 
Number of updated asset objects reloaded before import = 0
Number of asset objects unloaded after import = 0
========================================================================
Received Import Request.
  Time of request: 2026-09-21T20:17:14.626134Z
  Time since last request: 0.003896791 seconds.
  importAddress: GUID: 75cb18e76ac9c480a807fe3eec6f6556 - Path: Assets/Scripts/NoteData.cs - Importer: PreviewImporter
Importing 'GUID: 75cb18e76ac9c480a807fe3eec6f6556 - Path: Assets/Scripts/NoteData.cs - Importer: PreviewImporter' with importer (PreviewImporter)
Imported 'GUID: 75cb18e76ac9c480a807fe3eec6f6556' -> (Import Result ID: 'ace2cac8e363410e10ecc259ff043cc6') in 0.000 seconds [static and dynamic dependencies]. Details - ImportResultOutputID=9f6af744735c98cf5a50d39e97eb395e DependenciesID=ce5f7525aa42993566524c57e1c38c09 StaticDependenciesID=5f5a742bbc3fda841f28fee8fb976735 
Number of updated asset objects reloaded before import = 0
Number of asset objects unloaded after import = 0
========================================================================
Received Import Request.
  Time of request: 2026-09-21T20:17:14.63031Z
  Time since last request: 0.003979 seconds.
  importAddress: GUID: 75cb18e76ac9c480a807fe3eec6f6556 - Path: Assets/Scripts/NoteData.cs - Importer: PreviewImporter
Importing 'GUID: 75cb18e76ac9c480a807fe3eec6f6556 - Path: Assets/Scripts/NoteData.cs - Importer: PreviewImporter' with importer (PreviewImporter)
Imported 'GUID: 75cb18e76ac9c480a807fe3eec6f6556' -> (Import Result ID: 'ace2cac8e363410e10ecc259ff043cc6') in 0.000 seconds [static and dynamic dependencies]. Details - ImportResultOutputID=9f6af744735c98cf5a50d39e97eb395e DependenciesID=ce5f7525aa42993566524c57e1c38c09 StaticDependenciesID=5f5a742bbc3fda841f28fee8fb976735 
Number of updated asset objects reloaded before import = 0
Number of asset objects unloaded after import = 0
========================================================================
Received Import Request.
  Time of request: 2026-09-21T20:17:14.634426Z
  Time since last request: 0.003884833 seconds.
  importAddress: GUID: 75cb18e76ac9c480a807fe3eec6f6556 - Path: Assets/Scripts/NoteData.cs - Importer: PreviewImporter
Importing 'GUID: 75cb18e76ac9c480a807fe3eec6f6556 - Path: Assets/Scripts/NoteData.cs - Importer: PreviewImporter' with importer (PreviewImporter)
Imported 'GUID: 75cb18e76ac9c480a807fe3eec6f6556' -> (Import Result ID: 'ace2cac8e363410e10ecc259ff043cc6') in 0.000 seconds [static and dynamic dependencies]. Details - ImportResultOutputID=9f6af744735c98cf5a50d39e97eb395e DependenciesID=ce5f7525aa42993566524c57e1c38c09 StaticDependenciesID=5f5a742bbc3fda841f28fee8fb976735 
Number of updated asset objects reloaded before import = 0
Number of asset objects unloaded after import = 0
========================================================================
Received Import Request.
  Time of request: 2026-09-21T20:17:14.638347Z
  Time since last request: 0.0036345 seconds.
  importAddress: GUID: 75cb18e76ac9c480a807fe3eec6f6556 - Path: Assets/Scripts/NoteData.cs - Importer: PreviewImporter
Importing 'GUID: 75cb18e76ac9c480a807fe3eec6f6556 - Path: Assets/Scripts/NoteData.cs - Importer: PreviewImporter' with importer (PreviewImporter)
Imported 'GUID: 75cb18e76ac9c480a807fe3eec6f6556' -> (Import Result ID: 'ace2cac8e363410e10ecc259ff043cc6') in 0.000 seconds [static and dynamic dependencies]. Details - ImportResultOutputID=9f6af744735c98cf5a50d39e97eb395e DependenciesID=ce5f7525aa42993566524c57e1c38c09 StaticDependenciesID=5f5a742bbc3fda841f28fee8fb976735 
Number of updated asset objects reloaded before import = 0
Number of asset objects unloaded after import = 0
========================================================================
Received Import Request.
  Time of request: 2026-09-21T20:17:14.642284Z
  Time since last request: 0.003737042 seconds.
  importAddress: GUID: 75cb18e76ac9c480a807fe3eec6f6556 - Path: Assets/Scripts/NoteData.cs - Importer: PreviewImporter
Importing 'GUID: 75cb18e76ac9c480a807fe3eec6f6556 - Path: Assets/Scripts/NoteData.cs - Importer: PreviewImporter' with importer (PreviewImporter)
Imported 'GUID: 75cb18e76ac9c480a807fe3eec6f6556' -> (Import Result ID: 'ace2cac8e363410e10ecc259ff043cc6') in 0.000 seconds [static and dynamic dependencies]. Details - ImportResultOutputID=9f6af744735c98cf5a50d39e97eb395e DependenciesID=ce5f7525aa42993566524c57e1c38c09 StaticDependenciesID=5f5a742bbc3fda841f28fee8fb976735 
Number of updated asset objects reloaded before import = 0
Number of asset objects unloaded after import = 0
========================================================================
Received Import Request.
  Time of request: 2026-09-21T20:17:14.646422Z
  Time since last request: 0.003962167 seconds.
  importAddress: GUID: 75cb18e76ac9c480a807fe3eec6f6556 - Path: Assets/Scripts/NoteData.cs - Importer: PreviewImporter
Importing 'GUID: 75cb18e76ac9c480a807fe3eec6f6556 - Path: Assets/Scripts/NoteData.cs - Importer: PreviewImporter' with importer (PreviewImporter)
Imported 'GUID: 75cb18e76ac9c480a807fe3eec6f6556' -> (Import Result ID: 'ace2cac8e363410e10ecc259ff043cc6') in 0.000 seconds [static and dynamic dependencies]. Details - ImportResultOutputID=9f6af744735c98cf5a50d39e97eb395e DependenciesID=ce5f7525aa42993566524c57e1c38c09 StaticDependenciesID=5f5a742bbc3fda841f28fee8fb976735 
Number of updated asset objects reloaded before import = 0
Number of asset objects unloaded after import = 0
========================================================================
Received Import Request.
  Time of request: 2026-09-21T20:17:14.650365Z
  Time since last request: 0.003758125 seconds.
  importAddress: GUID: 75cb18e76ac9c480a807fe3eec6f6556 - Path: Assets/Scripts/NoteData.cs - Importer: PreviewImporter
Importing 'GUID: 75cb18e76ac9c480a807fe3eec6f6556 - Path: Assets/Scripts/NoteData.cs - Importer: PreviewImporter' with importer (PreviewImporter)
Imported 'GUID: 75cb18e76ac9c480a807fe3eec6f6556' -> (Import Result ID: 'ace2cac8e363410e10ecc259ff043cc6') in 0.000 seconds [static and dynamic dependencies]. Details - ImportResultOutputID=9f6af744735c98cf5a50d39e97eb395e DependenciesID=ce5f7525aa42993566524c57e1c38c09 StaticDependenciesID=5f5a742bbc3fda841f28fee8fb976735 
Number of updated asset objects reloaded before import = 0
Number of asset objects unloaded after import = 0
========================================================================
Received Import Request.
  Time of request: 2026-09-21T20:17:14.654496Z
  Time since last request: 0.003971084 seconds.
  importAddress: GUID: 75cb18e76ac9c480a807fe3eec6f6556 - Path: Assets/Scripts/NoteData.cs - Importer: PreviewImporter
Importing 'GUID: 75cb18e76ac9c480a807fe3eec6f6556 - Path: Assets/Scripts/NoteData.cs - Importer: PreviewImporter' with importer (PreviewImporter)
Imported 'GUID: 75cb18e76ac9c480a807fe3eec6f6556' -> (Import Result ID: 'ace2cac8e363410e10ecc259ff043cc6') in 0.000 seconds [static and dynamic dependencies]. Details - ImportResultOutputID=9f6af744735c98cf5a50d39e97eb395e DependenciesID=ce5f7525aa42993566524c57e1c38c09 StaticDependenciesID=5f5a742bbc3fda841f28fee8fb976735 
Number of updated asset objects reloaded before import = 0
Number of asset objects unloaded after import = 0
========================================================================
Received Import Request.
  Time of request: 2026-09-21T20:17:14.658644Z
  Time since last request: 0.0039525 seconds.
  importAddress: GUID: 75cb18e76ac9c480a807fe3eec6f6556 - Path: Assets/Scripts/NoteData.cs - Importer: PreviewImporter
Importing 'GUID: 75cb18e76ac9c480a807fe3eec6f6556 - Path: Assets/Scripts/NoteData.cs - Importer: PreviewImporter' with importer (PreviewImporter)
Imported 'GUID: 75cb18e76ac9c480a807fe3eec6f6556' -> (Import Result ID: 'ace2cac8e363410e10ecc259ff043cc6') in 0.000 seconds [static and dynamic dependencies]. Details - ImportResultOutputID=9f6af744735c98cf5a50d39e97eb395e DependenciesID=ce5f7525aa42993566524c57e1c38c09 StaticDependenciesID=5f5a742bbc3fda841f28fee8fb976735 
Number of updated asset objects reloaded before import = 0
Number of asset objects unloaded after import = 0
========================================================================
Received Import Request.
  Time of request: 2026-09-21T20:17:14.662613Z
  Time since last request: 0.003763375 seconds.
  importAddress: GUID: 75cb18e76ac9c480a807fe3eec6f6556 - Path: Assets/Scripts/NoteData.cs - Importer: PreviewImporter
Importing 'GUID: 75cb18e76ac9c480a807fe3eec6f6556 - Path: Assets/Scripts/NoteData.cs - Importer: PreviewImporter' with importer (PreviewImporter)
Imported 'GUID: 75cb18e76ac9c480a807fe3eec6f6556' -> (Import Result ID: 'ace2cac8e363410e10ecc259ff043cc6') in 0.000 seconds [static and dynamic dependencies]. Details - ImportResultOutputID=9f6af744735c98cf5a50d39e97eb395e DependenciesID=ce5f7525aa42993566524c57e1c38c09 StaticDependenciesID=5f5a742bbc3fda841f28fee8fb976735 
Number of updated asset objects reloaded before import = 0
Number of asset objects unloaded after import = 0
========================================================================
Received Import Request.
  Time of request: 2026-09-21T20:17:14.666685Z
  Time since last request: 0.00389875 seconds.
  importAddress: GUID: 75cb18e76ac9c480a807fe3eec6f6556 - Path: Assets/Scripts/NoteData.cs - Importer: PreviewImporter
Importing 'GUID: 75cb18e76ac9c480a807fe3eec6f6556 - Path: Assets/Scripts/NoteData.cs - Importer: PreviewImporter' with importer (PreviewImporter)
Imported 'GUID: 75cb18e76ac9c480a807fe3eec6f6556' -> (Import Result ID: 'ace2cac8e363410e10ecc259ff043cc6') in 0.000 seconds [static and dynamic dependencies]. Details - ImportResultOutputID=9f6af744735c98cf5a50d39e97eb395e DependenciesID=ce5f7525aa42993566524c57e1c38c09 StaticDependenciesID=5f5a742bbc3fda841f28fee8fb976735 
Number of updated asset objects reloaded before import = 0
Number of asset objects unloaded after import = 0
========================================================================
Received Import Request.
  Time of request: 2026-09-21T20:17:14.670861Z
  Time since last request: 0.004010708 seconds.
  importAddress: GUID: 75cb18e76ac9c480a807fe3eec6f6556 - Path: Assets/Scripts/NoteData.cs - Importer: PreviewImporter
Importing 'GUID: 75cb18e76ac9c480a807fe3eec6f6556 - Path: Assets/Scripts/NoteData.cs - Importer: PreviewImporter' with importer (PreviewImporter)
Imported 'GUID: 75cb18e76ac9c480a807fe3eec6f6556' -> (Import Result ID: 'ace2cac8e363410e10ecc259ff043cc6') in 0.000 seconds [static and dynamic dependencies]. Details - ImportResultOutputID=9f6af744735c98cf5a50d39e97eb395e DependenciesID=ce5f7525aa42993566524c57e1c38c09 StaticDependenciesID=5f5a742bbc3fda841f28fee8fb976735 
Number of updated asset objects reloaded before import = 0
Number of asset objects unloaded after import = 0
========================================================================
Received Import Request.
  Time of request: 2026-09-21T20:17:14.674792Z
  Time since last request: 0.003750125 seconds.
  importAddress: GUID: 75cb18e76ac9c480a807fe3eec6f6556 - Path: Assets/Scripts/NoteData.cs - Importer: PreviewImporter
Importing 'GUID: 75cb18e76ac9c480a807fe3eec6f6556 - Path: Assets/Scripts/NoteData.cs - Importer: PreviewImporter' with importer (PreviewImporter)
Imported 'GUID: 75cb18e76ac9c480a807fe3eec6f6556' -> (Import Result ID: 'ace2cac8e363410e10ecc259ff043cc6') in 0.000 seconds [static and dynamic dependencies]. Details - ImportResultOutputID=9f6af744735c98cf5a50d39e97eb395e DependenciesID=ce5f7525aa42993566524c57e1c38c09 StaticDependenciesID=5f5a742bbc3fda841f28fee8fb976735 
Number of updated asset objects reloaded before import = 0
Number of asset objects unloaded after import = 0
========================================================================
Received Import Request.
  Time of request: 2026-09-21T20:17:14.678914Z
  Time since last request: 0.003919375 seconds.
  importAddress: GUID: 75cb18e76ac9c480a807fe3eec6f6556 - Path: Assets/Scripts/NoteData.cs - Importer: PreviewImporter
Importing 'GUID: 75cb18e76ac9c480a807fe3eec6f6556 - Path: Assets/Scripts/NoteData.cs - Importer: PreviewImporter' with importer (PreviewImporter)
Imported 'GUID: 75cb18e76ac9c480a807fe3eec6f6556' -> (Import Result ID: 'ace2cac8e363410e10ecc259ff043cc6') in 0.000 seconds [static and dynamic dependencies]. Details - ImportResultOutputID=9f6af744735c98cf5a50d39e97eb395e DependenciesID=ce5f7525aa42993566524c57e1c38c09 StaticDependenciesID=5f5a742bbc3fda841f28fee8fb976735 
Number of updated asset objects reloaded before import = 0
Number of asset objects unloaded after import = 0
========================================================================
Received Import Request.
  Time of request: 2026-09-21T20:17:14.683075Z
  Time since last request: 0.00398225 seconds.
  importAddress: GUID: 75cb18e76ac9c480a807fe3eec6f6556 - Path: Assets/Scripts/NoteData.cs - Importer: PreviewImporter
Importing 'GUID: 75cb18e76ac9c480a807fe3eec6f6556 - Path: Assets/Scripts/NoteData.cs - Importer: PreviewImporter' with importer (PreviewImporter)
Imported 'GUID: 75cb18e76ac9c480a807fe3eec6f6556' -> (Import Result ID: 'ace2cac8e363410e10ecc259ff043cc6') in 0.000 seconds [static and dynamic dependencies]. Details - ImportResultOutputID=9f6af744735c98cf5a50d39e97eb395e DependenciesID=ce5f7525aa42993566524c57e1c38c09 StaticDependenciesID=5f5a742bbc3fda841f28fee8fb976735 
Number of updated asset objects reloaded before import = 0
Number of asset objects unloaded after import = 0
========================================================================
Received Import Request.
  Time of request: 2026-09-21T20:17:14.687171Z
  Time since last request: 0.003932209 seconds.
  importAddress: GUID: 75cb18e76ac9c480a807fe3eec6f6556 - Path: Assets/Scripts/NoteData.cs - Importer: PreviewImporter
Importing 'GUID: 75cb18e76ac9c480a807fe3eec6f6556 - Path: Assets/Scripts/NoteData.cs - Importer: PreviewImporter' with importer (PreviewImporter)
Imported 'GUID: 75cb18e76ac9c480a807fe3eec6f6556' -> (Import Result ID: 'ace2cac8e363410e10ecc259ff043cc6') in 0.000 seconds [static and dynamic dependencies]. Details - ImportResultOutputID=9f6af744735c98cf5a50d39e97eb395e DependenciesID=ce5f7525aa42993566524c57e1c38c09 StaticDependenciesID=5f5a742bbc3fda841f28fee8fb976735 
Number of updated asset objects reloaded before import = 0
Number of asset objects unloaded after import = 0
========================================================================
Received Import Request.
  Time of request: 2026-09-21T20:17:14.691209Z
  Time since last request: 0.003837292 seconds.
  importAddress: GUID: 75cb18e76ac9c480a807fe3eec6f6556 - Path: Assets/Scripts/NoteData.cs - Importer: PreviewImporter
Importing 'GUID: 75cb18e76ac9c480a807fe3eec6f6556 - Path: Assets/Scripts/NoteData.cs - Importer: PreviewImporter' with importer (PreviewImporter)
Imported 'GUID: 75cb18e76ac9c480a807fe3eec6f6556' -> (Import Result ID: 'ace2cac8e363410e10ecc259ff043cc6') in 0.000 seconds [static and dynamic dependencies]. Details - ImportResultOutputID=9f6af744735c98cf5a50d39e97eb395e DependenciesID=ce5f7525aa42993566524c57e1c38c09 StaticDependenciesID=5f5a742bbc3fda841f28fee8fb976735 
Number of updated asset objects reloaded before import = 0
Number of asset objects unloaded after import = 0
========================================================================
Received Import Request.
  Time of request: 2026-09-21T20:17:14.695584Z
  Time since last request: 0.004163959 seconds.
  importAddress: GUID: 75cb18e76ac9c480a807fe3eec6f6556 - Path: Assets/Scripts/NoteData.cs - Importer: PreviewImporter
Importing 'GUID: 75cb18e76ac9c480a807fe3eec6f6556 - Path: Assets/Scripts/NoteData.cs - Importer: PreviewImporter' with importer (PreviewImporter)
Imported 'GUID: 75cb18e76ac9c480a807fe3eec6f6556' -> (Import Result ID: 'ace2cac8e363410e10ecc259ff043cc6') in 0.000 seconds [static and dynamic dependencies]. Details - ImportResultOutputID=9f6af744735c98cf5a50d39e97eb395e DependenciesID=ce5f7525aa42993566524c57e1c38c09 StaticDependenciesID=5f5a742bbc3fda841f28fee8fb976735 
Number of updated asset objects reloaded before import = 0
Number of asset objects unloaded after import = 0
========================================================================
Received Import Request.
  Time of request: 2026-09-21T20:17:14.699437Z
  Time since last request: 0.003613208 seconds.
  importAddress: GUID: 75cb18e76ac9c480a807fe3eec6f6556 - Path: Assets/Scripts/NoteData.cs - Importer: PreviewImporter
Importing 'GUID: 75cb18e76ac9c480a807fe3eec6f6556 - Path: Assets/Scripts/NoteData.cs - Importer: PreviewImporter' with importer (PreviewImporter)
Imported 'GUID: 75cb18e76ac9c480a807fe3eec6f6556' -> (Import Result ID: 'ace2cac8e363410e10ecc259ff043cc6') in 0.000 seconds [static and dynamic dependencies]. Details - ImportResultOutputID=9f6af744735c98cf5a50d39e97eb395e DependenciesID=ce5f7525aa42993566524c57e1c38c09 StaticDependenciesID=5f5a742bbc3fda841f28fee8fb976735 
Number of updated asset objects reloaded before import = 0
Number of asset objects unloaded after import = 0
========================================================================
Received Import Request.
  Time of request: 2026-09-21T20:17:14.703391Z
  Time since last request: 0.003705 seconds.
  importAddress: GUID: 75cb18e76ac9c480a807fe3eec6f6556 - Path: Assets/Scripts/NoteData.cs - Importer: PreviewImporter
Importing 'GUID: 75cb18e76ac9c480a807fe3eec6f6556 - Path: Assets/Scripts/NoteData.cs - Importer: PreviewImporter' with importer (PreviewImporter)
Imported 'GUID: 75cb18e76ac9c480a807fe3eec6f6556' -> (Import Result ID: 'ace2cac8e363410e10ecc259ff043cc6') in 0.000 seconds [static and dynamic dependencies]. Details - ImportResultOutputID=9f6af744735c98cf5a50d39e97eb395e DependenciesID=ce5f7525aa42993566524c57e1c38c09 StaticDependenciesID=5f5a742bbc3fda841f28fee8fb976735 
Number of updated asset objects reloaded before import = 0
Number of asset objects unloaded after import = 0
========================================================================
Received Import Request.
  Time of request: 2026-09-21T20:17:14.707579Z
  Time since last request: 0.003972541 seconds.
  importAddress: GUID: 75cb18e76ac9c480a807fe3eec6f6556 - Path: Assets/Scripts/NoteData.cs - Importer: PreviewImporter
Importing 'GUID: 75cb18e76ac9c480a807fe3eec6f6556 - Path: Assets/Scripts/NoteData.cs - Importer: PreviewImporter' with importer (PreviewImporter)
Imported 'GUID: 75cb18e76ac9c480a807fe3eec6f6556' -> (Import Result ID: 'ace2cac8e363410e10ecc259ff043cc6') in 0.000 seconds [static and dynamic dependencies]. Details - ImportResultOutputID=9f6af744735c98cf5a50d39e97eb395e DependenciesID=ce5f7525aa42993566524c57e1c38c09 StaticDependenciesID=5f5a742bbc3fda841f28fee8fb976735 
Number of updated asset objects reloaded before import = 0
Number of asset objects unloaded after import = 0
========================================================================
Received Import Request.
  Time of request: 2026-09-21T20:17:14.711554Z
  Time since last request: 0.003759875 seconds.
  importAddress: GUID: 75cb18e76ac9c480a807fe3eec6f6556 - Path: Assets/Scripts/NoteData.cs - Importer: PreviewImporter
Importing 'GUID: 75cb18e76ac9c480a807fe3eec6f6556 - Path: Assets/Scripts/NoteData.cs - Importer: PreviewImporter' with importer (PreviewImporter)
Imported 'GUID: 75cb18e76ac9c480a807fe3eec6f6556' -> (Import Result ID: 'ace2cac8e363410e10ecc259ff043cc6') in 0.000 seconds [static and dynamic dependencies]. Details - ImportResultOutputID=9f6af744735c98cf5a50d39e97eb395e DependenciesID=ce5f7525aa42993566524c57e1c38c09 StaticDependenciesID=5f5a742bbc3fda841f28fee8fb976735 
Number of updated asset objects reloaded before import = 0
Number of asset objects unloaded after import = 0
========================================================================
Received Import Request.
  Time of request: 2026-09-21T20:17:14.715753Z
  Time since last request: 0.003959166 seconds.
  importAddress: GUID: 75cb18e76ac9c480a807fe3eec6f6556 - Path: Assets/Scripts/NoteData.cs - Importer: PreviewImporter
Importing 'GUID: 75cb18e76ac9c480a807fe3eec6f6556 - Path: Assets/Scripts/NoteData.cs - Importer: PreviewImporter' with importer (PreviewImporter)
Imported 'GUID: 75cb18e76ac9c480a807fe3eec6f6556' -> (Import Result ID: 'ace2cac8e363410e10ecc259ff043cc6') in 0.000 seconds [static and dynamic dependencies]. Details - ImportResultOutputID=9f6af744735c98cf5a50d39e97eb395e DependenciesID=ce5f7525aa42993566524c57e1c38c09 StaticDependenciesID=5f5a742bbc3fda841f28fee8fb976735 
Number of updated asset objects reloaded before import = 0
Number of asset objects unloaded after import = 0
========================================================================
Received Import Request.
  Time of request: 2026-09-21T20:17:14.719793Z
  Time since last request: 0.003789 seconds.
  importAddress: GUID: 75cb18e76ac9c480a807fe3eec6f6556 - Path: Assets/Scripts/NoteData.cs - Importer: PreviewImporter
Importing 'GUID: 75cb18e76ac9c480a807fe3eec6f6556 - Path: Assets/Scripts/NoteData.cs - Importer: PreviewImporter' with importer (PreviewImporter)
Imported 'GUID: 75cb18e76ac9c480a807fe3eec6f6556' -> (Import Result ID: 'ace2cac8e363410e10ecc259ff043cc6') in 0.000 seconds [static and dynamic dependencies]. Details - ImportResultOutputID=9f6af744735c98cf5a50d39e97eb395e DependenciesID=ce5f7525aa42993566524c57e1c38c09 StaticDependenciesID=5f5a742bbc3fda841f28fee8fb976735 
Number of updated asset objects reloaded before import = 0
Number of asset objects unloaded after import = 0
========================================================================
Received Import Request.
  Time of request: 2026-09-21T20:17:14.723829Z
  Time since last request: 0.003741541 seconds.
  importAddress: GUID: 75cb18e76ac9c480a807fe3eec6f6556 - Path: Assets/Scripts/NoteData.cs - Importer: PreviewImporter
Importing 'GUID: 75cb18e76ac9c480a807fe3eec6f6556 - Path: Assets/Scripts/NoteData.cs - Importer: PreviewImporter' with importer (PreviewImporter)
Imported 'GUID: 75cb18e76ac9c480a807fe3eec6f6556' -> (Import Result ID: 'ace2cac8e363410e10ecc259ff043cc6') in 0.000 seconds [static and dynamic dependencies]. Details - ImportResultOutputID=9f6af744735c98cf5a50d39e97eb395e DependenciesID=ce5f7525aa42993566524c57e1c38c09 StaticDependenciesID=5f5a742bbc3fda841f28fee8fb976735 
Number of updated asset objects reloaded before import = 0
Number of asset objects unloaded after import = 0
========================================================================
Received Import Request.
  Time of request: 2026-09-21T20:17:14.728108Z
  Time since last request: 0.003044666 seconds.
  importAddress: GUID: 75cb18e76ac9c480a807fe3eec6f6556 - Path: Assets/Scripts/NoteData.cs - Importer: PreviewImporter
Importing 'GUID: 75cb18e76ac9c480a807fe3eec6f6556 - Path: Assets/Scripts/NoteData.cs - Importer: PreviewImporter' with importer (PreviewImporter)
Imported 'GUID: 75cb18e76ac9c480a807fe3eec6f6556' -> (Import Result ID: 'ace2cac8e363410e10ecc259ff043cc6') in 0.000 seconds [static and dynamic dependencies]. Details - ImportResultOutputID=9f6af744735c98cf5a50d39e97eb395e DependenciesID=ce5f7525aa42993566524c57e1c38c09 StaticDependenciesID=5f5a742bbc3fda841f28fee8fb976735 
Number of updated asset objects reloaded before import = 0
Number of asset objects unloaded after import = 0
========================================================================
Received Import Request.
  Time of request: 2026-09-21T20:17:14.732041Z
  Time since last request: 0.003651667 seconds.
  importAddress: GUID: 75cb18e76ac9c480a807fe3eec6f6556 - Path: Assets/Scripts/NoteData.cs - Importer: PreviewImporter
Importing 'GUID: 75cb18e76ac9c480a807fe3eec6f6556 - Path: Assets/Scripts/NoteData.cs - Importer: PreviewImporter' with importer (PreviewImporter)
Imported 'GUID: 75cb18e76ac9c480a807fe3eec6f6556' -> (Import Result ID: 'ace2cac8e363410e10ecc259ff043cc6') in 0.000 seconds [static and dynamic dependencies]. Details - ImportResultOutputID=9f6af744735c98cf5a50d39e97eb395e DependenciesID=ce5f7525aa42993566524c57e1c38c09 StaticDependenciesID=5f5a742bbc3fda841f28fee8fb976735 
Number of updated asset objects reloaded before import = 0
Number of asset objects unloaded after import = 0
========================================================================
Received Import Request.
  Time of request: 2026-09-21T20:17:14.735935Z
  Time since last request: 0.00362775 seconds.
  importAddress: GUID: 75cb18e76ac9c480a807fe3eec6f6556 - Path: Assets/Scripts/NoteData.cs - Importer: PreviewImporter
Importing 'GUID: 75cb18e76ac9c480a807fe3eec6f6556 - Path: Assets/Scripts/NoteData.cs - Importer: PreviewImporter' with importer (PreviewImporter)
Imported 'GUID: 75cb18e76ac9c480a807fe3eec6f6556' -> (Import Result ID: 'ace2cac8e363410e10ecc259ff043cc6') in 0.000 seconds [static and dynamic dependencies]. Details - ImportResultOutputID=9f6af744735c98cf5a50d39e97eb395e DependenciesID=ce5f7525aa42993566524c57e1c38c09 StaticDependenciesID=5f5a742bbc3fda841f28fee8fb976735 
Number of updated asset objects reloaded before import = 0
Number of asset objects unloaded after import = 0
========================================================================
Received Import Request.
  Time of request: 2026-09-21T20:17:14.740153Z
  Time since last request: 0.003977875 seconds.
  importAddress: GUID: 75cb18e76ac9c480a807fe3eec6f6556 - Path: Assets/Scripts/NoteData.cs - Importer: PreviewImporter
Importing 'GUID: 75cb18e76ac9c480a807fe3eec6f6556 - Path: Assets/Scripts/NoteData.cs - Importer: PreviewImporter' with importer (PreviewImporter)
Imported 'GUID: 75cb18e76ac9c480a807fe3eec6f6556' -> (Import Result ID: 'ace2cac8e363410e10ecc259ff043cc6') in 0.000 seconds [static and dynamic dependencies]. Details - ImportResultOutputID=9f6af744735c98cf5a50d39e97eb395e DependenciesID=ce5f7525aa42993566524c57e1c38c09 StaticDependenciesID=5f5a742bbc3fda841f28fee8fb976735 
Number of updated asset objects reloaded before import = 0
Number of asset objects unloaded after import = 0
========================================================================
Received Import Request.
  Time of request: 2026-09-21T20:17:14.744038Z
  Time since last request: 0.0036475 seconds.
  importAddress: GUID: 75cb18e76ac9c480a807fe3eec6f6556 - Path: Assets/Scripts/NoteData.cs - Importer: PreviewImporter
Importing 'GUID: 75cb18e76ac9c480a807fe3eec6f6556 - Path: Assets/Scripts/NoteData.cs - Importer: PreviewImporter' with importer (PreviewImporter)
Imported 'GUID: 75cb18e76ac9c480a807fe3eec6f6556' -> (Import Result ID: 'ace2cac8e363410e10ecc259ff043cc6') in 0.000 seconds [static and dynamic dependencies]. Details - ImportResultOutputID=9f6af744735c98cf5a50d39e97eb395e DependenciesID=ce5f7525aa42993566524c57e1c38c09 StaticDependenciesID=5f5a742bbc3fda841f28fee8fb976735 
Number of updated asset objects reloaded before import = 0
Number of asset objects unloaded after import = 0
========================================================================
Received Import Request.
  Time of request: 2026-09-21T20:17:14.748234Z
  Time since last request: 0.003969333 seconds.
  importAddress: GUID: 75cb18e76ac9c480a807fe3eec6f6556 - Path: Assets/Scripts/NoteData.cs - Importer: PreviewImporter
Importing 'GUID: 75cb18e76ac9c480a807fe3eec6f6556 - Path: Assets/Scripts/NoteData.cs - Importer: PreviewImporter' with importer (PreviewImporter)
Imported 'GUID: 75cb18e76ac9c480a807fe3eec6f6556' -> (Import Result ID: 'ace2cac8e363410e10ecc259ff043cc6') in 0.000 seconds [static and dynamic dependencies]. Details - ImportResultOutputID=9f6af744735c98cf5a50d39e97eb395e DependenciesID=ce5f7525aa42993566524c57e1c38c09 StaticDependenciesID=5f5a742bbc3fda841f28fee8fb976735 
Number of updated asset objects reloaded before import = 0
Number of asset objects unloaded after import = 0
========================================================================
Received Import Request.
  Time of request: 2026-09-21T20:17:14.763141Z
  Time since last request: 0.014674875 seconds.
  importAddress: GUID: 75cb18e76ac9c480a807fe3eec6f6556 - Path: Assets/Scripts/NoteData.cs - Importer: PreviewImporter
Importing 'GUID: 75cb18e76ac9c480a807fe3eec6f6556 - Path: Assets/Scripts/NoteData.cs - Importer: PreviewImporter' with importer (PreviewImporter)
Imported 'GUID: 75cb18e76ac9c480a807fe3eec6f6556' -> (Import Result ID: 'ace2cac8e363410e10ecc259ff043cc6') in 0.000 seconds [static and dynamic dependencies]. Details - ImportResultOutputID=9f6af744735c98cf5a50d39e97eb395e DependenciesID=ce5f7525aa42993566524c57e1c38c09 StaticDependenciesID=5f5a742bbc3fda841f28fee8fb976735 
Number of updated asset objects reloaded before import = 0
Number of asset objects unloaded after import = 0
========================================================================
Received Import Request.
  Time of request: 2026-09-21T20:17:14.767842Z
  Time since last request: 0.004412375 seconds.
  importAddress: GUID: 75cb18e76ac9c480a807fe3eec6f6556 - Path: Assets/Scripts/NoteData.cs - Importer: PreviewImporter
Importing 'GUID: 75cb18e76ac9c480a807fe3eec6f6556 - Path: Assets/Scripts/NoteData.cs - Importer: PreviewImporter' with importer (PreviewImporter)
Imported 'GUID: 75cb18e76ac9c480a807fe3eec6f6556' -> (Import Result ID: 'ace2cac8e363410e10ecc259ff043cc6') in 0.000 seconds [static and dynamic dependencies]. Details - ImportResultOutputID=9f6af744735c98cf5a50d39e97eb395e DependenciesID=ce5f7525aa42993566524c57e1c38c09 StaticDependenciesID=5f5a742bbc3fda841f28fee8fb976735 
Number of updated asset objects reloaded before import = 0
Number of asset objects unloaded after import = 0
========================================================================
Received Import Request.
  Time of request: 2026-09-21T20:17:14.773338Z
  Time since last request: 0.00526425 seconds.
  importAddress: GUID: 75cb18e76ac9c480a807fe3eec6f6556 - Path: Assets/Scripts/NoteData.cs - Importer: PreviewImporter
Importing 'GUID: 75cb18e76ac9c480a807fe3eec6f6556 - Path: Assets/Scripts/NoteData.cs - Importer: PreviewImporter' with importer (PreviewImporter)
Imported 'GUID: 75cb18e76ac9c480a807fe3eec6f6556' -> (Import Result ID: 'ace2cac8e363410e10ecc259ff043cc6') in 0.000 seconds [static and dynamic dependencies]. Details - ImportResultOutputID=9f6af744735c98cf5a50d39e97eb395e DependenciesID=ce5f7525aa42993566524c57e1c38c09 StaticDependenciesID=5f5a742bbc3fda841f28fee8fb976735 
Number of updated asset objects reloaded before import = 0
Number of asset objects unloaded after import = 0
========================================================================
Received Import Request.
  Time of request: 2026-09-21T20:17:14.777228Z
  Time since last request: 0.0035155 seconds.
  importAddress: GUID: 75cb18e76ac9c480a807fe3eec6f6556 - Path: Assets/Scripts/NoteData.cs - Importer: PreviewImporter
Importing 'GUID: 75cb18e76ac9c480a807fe3eec6f6556 - Path: Assets/Scripts/NoteData.cs - Importer: PreviewImporter' with importer (PreviewImporter)
Imported 'GUID: 75cb18e76ac9c480a807fe3eec6f6556' -> (Import Result ID: 'ace2cac8e363410e10ecc259ff043cc6') in 0.000 seconds [static and dynamic dependencies]. Details - ImportResultOutputID=9f6af744735c98cf5a50d39e97eb395e DependenciesID=ce5f7525aa42993566524c57e1c38c09 StaticDependenciesID=5f5a742bbc3fda841f28fee8fb976735 
Number of updated asset objects reloaded before import = 0
Number of asset objects unloaded after import = 0
========================================================================
Received Import Request.
  Time of request: 2026-09-21T20:17:14.781201Z
  Time since last request: 0.003790833 seconds.
  importAddress: GUID: 75cb18e76ac9c480a807fe3eec6f6556 - Path: Assets/Scripts/NoteData.cs - Importer: PreviewImporter
Importing 'GUID: 75cb18e76ac9c480a807fe3eec6f6556 - Path: Assets/Scripts/NoteData.cs - Importer: PreviewImporter' with importer (PreviewImporter)
Imported 'GUID: 75cb18e76ac9c480a807fe3eec6f6556' -> (Import Result ID: 'ace2cac8e363410e10ecc259ff043cc6') in 0.000 seconds [static and dynamic dependencies]. Details - ImportResultOutputID=9f6af744735c98cf5a50d39e97eb395e DependenciesID=ce5f7525aa42993566524c57e1c38c09 StaticDependenciesID=5f5a742bbc3fda841f28fee8fb976735 
Number of updated asset objects reloaded before import = 0
Number of asset objects unloaded after import = 0
========================================================================
Received Import Request.
  Time of request: 2026-09-21T20:17:14.785372Z
  Time since last request: 0.004006958 seconds.
  importAddress: GUID: 75cb18e76ac9c480a807fe3eec6f6556 - Path: Assets/Scripts/NoteData.cs - Importer: PreviewImporter
Importing 'GUID: 75cb18e76ac9c480a807fe3eec6f6556 - Path: Assets/Scripts/NoteData.cs - Importer: PreviewImporter' with importer (PreviewImporter)
Imported 'GUID: 75cb18e76ac9c480a807fe3eec6f6556' -> (Import Result ID: 'ace2cac8e363410e10ecc259ff043cc6') in 0.000 seconds [static and dynamic dependencies]. Details - ImportResultOutputID=9f6af744735c98cf5a50d39e97eb395e DependenciesID=ce5f7525aa42993566524c57e1c38c09 StaticDependenciesID=5f5a742bbc3fda841f28fee8fb976735 
Number of updated asset objects reloaded before import = 0
Number of asset objects unloaded after import = 0
========================================================================
Received Import Request.
  Time of request: 2026-09-21T20:17:14.789204Z
  Time since last request: 0.003673459 seconds.
  importAddress: GUID: 75cb18e76ac9c480a807fe3eec6f6556 - Path: Assets/Scripts/NoteData.cs - Importer: PreviewImporter
Importing 'GUID: 75cb18e76ac9c480a807fe3eec6f6556 - Path: Assets/Scripts/NoteData.cs - Importer: PreviewImporter' with importer (PreviewImporter)
Imported 'GUID: 75cb18e76ac9c480a807fe3eec6f6556' -> (Import Result ID: 'ace2cac8e363410e10ecc259ff043cc6') in 0.000 seconds [static and dynamic dependencies]. Details - ImportResultOutputID=9f6af744735c98cf5a50d39e97eb395e DependenciesID=ce5f7525aa42993566524c57e1c38c09 StaticDependenciesID=5f5a742bbc3fda841f28fee8fb976735 
Number of updated asset objects reloaded before import = 0
Number of asset objects unloaded after import = 0
========================================================================
Received Import Request.
  Time of request: 2026-09-21T20:17:14.79342Z
  Time since last request: 0.004040917 seconds.
  importAddress: GUID: 75cb18e76ac9c480a807fe3eec6f6556 - Path: Assets/Scripts/NoteData.cs - Importer: PreviewImporter
Importing 'GUID: 75cb18e76ac9c480a807fe3eec6f6556 - Path: Assets/Scripts/NoteData.cs - Importer: PreviewImporter' with importer (PreviewImporter)
Imported 'GUID: 75cb18e76ac9c480a807fe3eec6f6556' -> (Import Result ID: 'ace2cac8e363410e10ecc259ff043cc6') in 0.000 seconds [static and dynamic dependencies]. Details - ImportResultOutputID=9f6af744735c98cf5a50d39e97eb395e DependenciesID=ce5f7525aa42993566524c57e1c38c09 StaticDependenciesID=5f5a742bbc3fda841f28fee8fb976735 
Number of updated asset objects reloaded before import = 0
Number of asset objects unloaded after import = 0
========================================================================
Received Import Request.
  Time of request: 2026-09-21T20:17:14.797297Z
  Time since last request: 0.003694708 seconds.
  importAddress: GUID: 75cb18e76ac9c480a807fe3eec6f6556 - Path: Assets/Scripts/NoteData.cs - Importer: PreviewImporter
Importing 'GUID: 75cb18e76ac9c480a807fe3eec6f6556 - Path: Assets/Scripts/NoteData.cs - Importer: PreviewImporter' with importer (PreviewImporter)
Imported 'GUID: 75cb18e76ac9c480a807fe3eec6f6556' -> (Import Result ID: 'ace2cac8e363410e10ecc259ff043cc6') in 0.000 seconds [static and dynamic dependencies]. Details - ImportResultOutputID=9f6af744735c98cf5a50d39e97eb395e DependenciesID=ce5f7525aa42993566524c57e1c38c09 StaticDependenciesID=5f5a742bbc3fda841f28fee8fb976735 
Number of updated asset objects reloaded before import = 0
Number of asset objects unloaded after import = 0
========================================================================
Received Import Request.
  Time of request: 2026-09-21T20:17:14.801428Z
  Time since last request: 0.003961375 seconds.
  importAddress: GUID: 75cb18e76ac9c480a807fe3eec6f6556 - Path: Assets/Scripts/NoteData.cs - Importer: PreviewImporter
Importing 'GUID: 75cb18e76ac9c480a807fe3eec6f6556 - Path: Assets/Scripts/NoteData.cs - Importer: PreviewImporter' with importer (PreviewImporter)
Imported 'GUID: 75cb18e76ac9c480a807fe3eec6f6556' -> (Import Result ID: 'ace2cac8e363410e10ecc259ff043cc6') in 0.000 seconds [static and dynamic dependencies]. Details - ImportResultOutputID=9f6af744735c98cf5a50d39e97eb395e DependenciesID=ce5f7525aa42993566524c57e1c38c09 StaticDependenciesID=5f5a742bbc3fda841f28fee8fb976735 
Number of updated asset objects reloaded before import = 0
Number of asset objects unloaded after import = 0
========================================================================
Received Import Request.
  Time of request: 2026-09-21T20:17:14.807054Z
  Time since last request: 0.005464834 seconds.
  importAddress: GUID: 75cb18e76ac9c480a807fe3eec6f6556 - Path: Assets/Scripts/NoteData.cs - Importer: PreviewImporter
Importing 'GUID: 75cb18e76ac9c480a807fe3eec6f6556 - Path: Assets/Scripts/NoteData.cs - Importer: PreviewImporter' with importer (PreviewImporter)
Imported 'GUID: 75cb18e76ac9c480a807fe3eec6f6556' -> (Import Result ID: 'ace2cac8e363410e10ecc259ff043cc6') in 0.000 seconds [static and dynamic dependencies]. Details - ImportResultOutputID=9f6af744735c98cf5a50d39e97eb395e DependenciesID=ce5f7525aa42993566524c57e1c38c09 StaticDependenciesID=5f5a742bbc3fda841f28fee8fb976735 
Number of updated asset objects reloaded before import = 0
Number of asset objects unloaded after import = 0
========================================================================
Received Import Request.
  Time of request: 2026-09-21T20:17:14.810486Z
  Time since last request: 0.003257166 seconds.
  importAddress: GUID: 75cb18e76ac9c480a807fe3eec6f6556 - Path: Assets/Scripts/NoteData.cs - Importer: PreviewImporter
Importing 'GUID: 75cb18e76ac9c480a807fe3eec6f6556 - Path: Assets/Scripts/NoteData.cs - Importer: PreviewImporter' with importer (PreviewImporter)
Imported 'GUID: 75cb18e76ac9c480a807fe3eec6f6556' -> (Import Result ID: 'ace2cac8e363410e10ecc259ff043cc6') in 0.000 seconds [static and dynamic dependencies]. Details - ImportResultOutputID=9f6af744735c98cf5a50d39e97eb395e DependenciesID=ce5f7525aa42993566524c57e1c38c09 StaticDependenciesID=5f5a742bbc3fda841f28fee8fb976735 
Number of updated asset objects reloaded before import = 0
Number of asset objects unloaded after import = 0
========================================================================
Received Import Request.
  Time of request: 2026-09-21T20:17:14.814567Z
  Time since last request: 0.003900208 seconds.
  importAddress: GUID: 75cb18e76ac9c480a807fe3eec6f6556 - Path: Assets/Scripts/NoteData.cs - Importer: PreviewImporter
Importing 'GUID: 75cb18e76ac9c480a807fe3eec6f6556 - Path: Assets/Scripts/NoteData.cs - Importer: PreviewImporter' with importer (PreviewImporter)
Imported 'GUID: 75cb18e76ac9c480a807fe3eec6f6556' -> (Import Result ID: 'ace2cac8e363410e10ecc259ff043cc6') in 0.000 seconds [static and dynamic dependencies]. Details - ImportResultOutputID=9f6af744735c98cf5a50d39e97eb395e DependenciesID=ce5f7525aa42993566524c57e1c38c09 StaticDependenciesID=5f5a742bbc3fda841f28fee8fb976735 
Number of updated asset objects reloaded before import = 0
Number of asset objects unloaded after import = 0
========================================================================
Received Import Request.
  Time of request: 2026-09-21T20:17:14.818622Z
  Time since last request: 0.003890875 seconds.
  importAddress: GUID: 75cb18e76ac9c480a807fe3eec6f6556 - Path: Assets/Scripts/NoteData.cs - Importer: PreviewImporter
Importing 'GUID: 75cb18e76ac9c480a807fe3eec6f6556 - Path: Assets/Scripts/NoteData.cs - Importer: PreviewImporter' with importer (PreviewImporter)
Imported 'GUID: 75cb18e76ac9c480a807fe3eec6f6556' -> (Import Result ID: 'ace2cac8e363410e10ecc259ff043cc6') in 0.000 seconds [static and dynamic dependencies]. Details - ImportResultOutputID=9f6af744735c98cf5a50d39e97eb395e DependenciesID=ce5f7525aa42993566524c57e1c38c09 StaticDependenciesID=5f5a742bbc3fda841f28fee8fb976735 
Number of updated asset objects reloaded before import = 0
Number of asset objects unloaded after import = 0
========================================================================
Received Import Request.
  Time of request: 2026-09-21T20:17:14.822778Z
  Time since last request: 0.003999167 seconds.
  importAddress: GUID: 75cb18e76ac9c480a807fe3eec6f6556 - Path: Assets/Scripts/NoteData.cs - Importer: PreviewImporter
Importing 'GUID: 75cb18e76ac9c480a807fe3eec6f6556 - Path: Assets/Scripts/NoteData.cs - Importer: PreviewImporter' with importer (PreviewImporter)
Imported 'GUID: 75cb18e76ac9c480a807fe3eec6f6556' -> (Import Result ID: 'ace2cac8e363410e10ecc259ff043cc6') in 0.000 seconds [static and dynamic dependencies]. Details - ImportResultOutputID=9f6af744735c98cf5a50d39e97eb395e DependenciesID=ce5f7525aa42993566524c57e1c38c09 StaticDependenciesID=5f5a742bbc3fda841f28fee8fb976735 
Number of updated asset objects reloaded before import = 0
Number of asset objects unloaded after import = 0
========================================================================
Received Import Request.
  Time of request: 2026-09-21T20:17:14.827474Z
  Time since last request: 0.004547959 seconds.
  importAddress: GUID: 75cb18e76ac9c480a807fe3eec6f6556 - Path: Assets/Scripts/NoteData.cs - Importer: PreviewImporter
Importing 'GUID: 75cb18e76ac9c480a807fe3eec6f6556 - Path: Assets/Scripts/NoteData.cs - Importer: PreviewImporter' with importer (PreviewImporter)
Imported 'GUID: 75cb18e76ac9c480a807fe3eec6f6556' -> (Import Result ID: 'ace2cac8e363410e10ecc259ff043cc6') in 0.000 seconds [static and dynamic dependencies]. Details - ImportResultOutputID=9f6af744735c98cf5a50d39e97eb395e DependenciesID=ce5f7525aa42993566524c57e1c38c09 StaticDependenciesID=5f5a742bbc3fda841f28fee8fb976735 
Number of updated asset objects reloaded before import = 0
Number of asset objects unloaded after import = 0
========================================================================
Received Import Request.
  Time of request: 2026-09-21T20:17:14.832903Z
  Time since last request: 0.00524225 seconds.
  importAddress: GUID: 75cb18e76ac9c480a807fe3eec6f6556 - Path: Assets/Scripts/NoteData.cs - Importer: PreviewImporter
Importing 'GUID: 75cb18e76ac9c480a807fe3eec6f6556 - Path: Assets/Scripts/NoteData.cs - Importer: PreviewImporter' with importer (PreviewImporter)
Imported 'GUID: 75cb18e76ac9c480a807fe3eec6f6556' -> (Import Result ID: 'ace2cac8e363410e10ecc259ff043cc6') in 0.000 seconds [static and dynamic dependencies]. Details - ImportResultOutputID=9f6af744735c98cf5a50d39e97eb395e DependenciesID=ce5f7525aa42993566524c57e1c38c09 StaticDependenciesID=5f5a742bbc3fda841f28fee8fb976735 
Number of updated asset objects reloaded before import = 0
Number of asset objects unloaded after import = 0
========================================================================
Received Import Request.
  Time of request: 2026-09-21T20:17:14.836996Z
  Time since last request: 0.00393475 seconds.
  importAddress: GUID: 75cb18e76ac9c480a807fe3eec6f6556 - Path: Assets/Scripts/NoteData.cs - Importer: PreviewImporter
Importing 'GUID: 75cb18e76ac9c480a807fe3eec6f6556 - Path: Assets/Scripts/NoteData.cs - Importer: PreviewImporter' with importer (PreviewImporter)
Imported 'GUID: 75cb18e76ac9c480a807fe3eec6f6556' -> (Import Result ID: 'ace2cac8e363410e10ecc259ff043cc6') in 0.000 seconds [static and dynamic dependencies]. Details - ImportResultOutputID=9f6af744735c98cf5a50d39e97eb395e DependenciesID=ce5f7525aa42993566524c57e1c38c09 StaticDependenciesID=5f5a742bbc3fda841f28fee8fb976735 
Number of updated asset objects reloaded before import = 0
Number of asset objects unloaded after import = 0
========================================================================
Received Import Request.
  Time of request: 2026-09-21T20:17:14.840978Z
  Time since last request: 0.003785167 seconds.
  importAddress: GUID: 75cb18e76ac9c480a807fe3eec6f6556 - Path: Assets/Scripts/NoteData.cs - Importer: PreviewImporter
Importing 'GUID: 75cb18e76ac9c480a807fe3eec6f6556 - Path: Assets/Scripts/NoteData.cs - Importer: PreviewImporter' with importer (PreviewImporter)
Imported 'GUID: 75cb18e76ac9c480a807fe3eec6f6556' -> (Import Result ID: 'ace2cac8e363410e10ecc259ff043cc6') in 0.000 seconds [static and dynamic dependencies]. Details - ImportResultOutputID=9f6af744735c98cf5a50d39e97eb395e DependenciesID=ce5f7525aa42993566524c57e1c38c09 StaticDependenciesID=5f5a742bbc3fda841f28fee8fb976735 
Number of updated asset objects reloaded before import = 0
Number of asset objects unloaded after import = 0
========================================================================
Received Import Request.
  Time of request: 2026-09-21T20:17:14.844986Z
  Time since last request: 0.003830292 seconds.
  importAddress: GUID: 75cb18e76ac9c480a807fe3eec6f6556 - Path: Assets/Scripts/NoteData.cs - Importer: PreviewImporter
Importing 'GUID: 75cb18e76ac9c480a807fe3eec6f6556 - Path: Assets/Scripts/NoteData.cs - Importer: PreviewImporter' with importer (PreviewImporter)
Imported 'GUID: 75cb18e76ac9c480a807fe3eec6f6556' -> (Import Result ID: 'ace2cac8e363410e10ecc259ff043cc6') in 0.000 seconds [static and dynamic dependencies]. Details - ImportResultOutputID=9f6af744735c98cf5a50d39e97eb395e DependenciesID=ce5f7525aa42993566524c57e1c38c09 StaticDependenciesID=5f5a742bbc3fda841f28fee8fb976735 
Number of updated asset objects reloaded before import = 0
Number of asset objects unloaded after import = 0
========================================================================
Received Import Request.
  Time of request: 2026-09-21T20:17:14.849054Z
  Time since last request: 0.003899125 seconds.
  importAddress: GUID: 75cb18e76ac9c480a807fe3eec6f6556 - Path: Assets/Scripts/NoteData.cs - Importer: PreviewImporter
Importing 'GUID: 75cb18e76ac9c480a807fe3eec6f6556 - Path: Assets/Scripts/NoteData.cs - Importer: PreviewImporter' with importer (PreviewImporter)
Imported 'GUID: 75cb18e76ac9c480a807fe3eec6f6556' -> (Import Result ID: 'ace2cac8e363410e10ecc259ff043cc6') in 0.000 seconds [static and dynamic dependencies]. Details - ImportResultOutputID=9f6af744735c98cf5a50d39e97eb395e DependenciesID=ce5f7525aa42993566524c57e1c38c09 StaticDependenciesID=5f5a742bbc3fda841f28fee8fb976735 
Number of updated asset objects reloaded before import = 0
Number of asset objects unloaded after import = 0
========================================================================
Received Import Request.
  Time of request: 2026-09-21T20:17:14.853273Z
  Time since last request: 0.003968125 seconds.
  importAddress: GUID: 75cb18e76ac9c480a807fe3eec6f6556 - Path: Assets/Scripts/NoteData.cs - Importer: PreviewImporter
Importing 'GUID: 75cb18e76ac9c480a807fe3eec6f6556 - Path: Assets/Scripts/NoteData.cs - Importer: PreviewImporter' with importer (PreviewImporter)
Imported 'GUID: 75cb18e76ac9c480a807fe3eec6f6556' -> (Import Result ID: 'ace2cac8e363410e10ecc259ff043cc6') in 0.000 seconds [static and dynamic dependencies]. Details - ImportResultOutputID=9f6af744735c98cf5a50d39e97eb395e DependenciesID=ce5f7525aa42993566524c57e1c38c09 StaticDependenciesID=5f5a742bbc3fda841f28fee8fb976735 
Number of updated asset objects reloaded before import = 0
Number of asset objects unloaded after import = 0
========================================================================
Received Import Request.
  Time of request: 2026-09-21T20:17:14.857357Z
  Time since last request: 0.003794375 seconds.
  importAddress: GUID: 75cb18e76ac9c480a807fe3eec6f6556 - Path: Assets/Scripts/NoteData.cs - Importer: PreviewImporter
Importing 'GUID: 75cb18e76ac9c480a807fe3eec6f6556 - Path: Assets/Scripts/NoteData.cs - Importer: PreviewImporter' with importer (PreviewImporter)
Imported 'GUID: 75cb18e76ac9c480a807fe3eec6f6556' -> (Import Result ID: 'ace2cac8e363410e10ecc259ff043cc6') in 0.000 seconds [static and dynamic dependencies]. Details - ImportResultOutputID=9f6af744735c98cf5a50d39e97eb395e DependenciesID=ce5f7525aa42993566524c57e1c38c09 StaticDependenciesID=5f5a742bbc3fda841f28fee8fb976735 
Number of updated asset objects reloaded before import = 0
Number of asset objects unloaded after import = 0
========================================================================
Received Import Request.
  Time of request: 2026-09-21T20:17:14.861154Z
  Time since last request: 0.003609708 seconds.
  importAddress: GUID: 75cb18e76ac9c480a807fe3eec6f6556 - Path: Assets/Scripts/NoteData.cs - Importer: PreviewImporter
Importing 'GUID: 75cb18e76ac9c480a807fe3eec6f6556 - Path: Assets/Scripts/NoteData.cs - Importer: PreviewImporter' with importer (PreviewImporter)
Imported 'GUID: 75cb18e76ac9c480a807fe3eec6f6556' -> (Import Result ID: 'ace2cac8e363410e10ecc259ff043cc6') in 0.000 seconds [static and dynamic dependencies]. Details - ImportResultOutputID=9f6af744735c98cf5a50d39e97eb395e DependenciesID=ce5f7525aa42993566524c57e1c38c09 StaticDependenciesID=5f5a742bbc3fda841f28fee8fb976735 
Number of updated asset objects reloaded before import = 0
Number of asset objects unloaded after import = 0
========================================================================
Received Import Request.
  Time of request: 2026-09-21T20:17:14.865241Z
  Time since last request: 0.003919584 seconds.
  importAddress: GUID: 75cb18e76ac9c480a807fe3eec6f6556 - Path: Assets/Scripts/NoteData.cs - Importer: PreviewImporter
Importing 'GUID: 75cb18e76ac9c480a807fe3eec6f6556 - Path: Assets/Scripts/NoteData.cs - Importer: PreviewImporter' with importer (PreviewImporter)
Imported 'GUID: 75cb18e76ac9c480a807fe3eec6f6556' -> (Import Result ID: 'ace2cac8e363410e10ecc259ff043cc6') in 0.000 seconds [static and dynamic dependencies]. Details - ImportResultOutputID=9f6af744735c98cf5a50d39e97eb395e DependenciesID=ce5f7525aa42993566524c57e1c38c09 StaticDependenciesID=5f5a742bbc3fda841f28fee8fb976735 
Number of updated asset objects reloaded before import = 0
Number of asset objects unloaded after import = 0
========================================================================
Received Import Request.
  Time of request: 2026-09-21T20:17:14.869457Z
  Time since last request: 0.004039125 seconds.
  importAddress: GUID: 75cb18e76ac9c480a807fe3eec6f6556 - Path: Assets/Scripts/NoteData.cs - Importer: PreviewImporter
Importing 'GUID: 75cb18e76ac9c480a807fe3eec6f6556 - Path: Assets/Scripts/NoteData.cs - Importer: PreviewImporter' with importer (PreviewImporter)
Imported 'GUID: 75cb18e76ac9c480a807fe3eec6f6556' -> (Import Result ID: 'ace2cac8e363410e10ecc259ff043cc6') in 0.000 seconds [static and dynamic dependencies]. Details - ImportResultOutputID=9f6af744735c98cf5a50d39e97eb395e DependenciesID=ce5f7525aa42993566524c57e1c38c09 StaticDependenciesID=5f5a742bbc3fda841f28fee8fb976735 
Number of updated asset objects reloaded before import = 0
Number of asset objects unloaded after import = 0
========================================================================
Received Import Request.
  Time of request: 2026-09-21T20:17:14.873332Z
  Time since last request: 0.003343291 seconds.
  importAddress: GUID: 75cb18e76ac9c480a807fe3eec6f6556 - Path: Assets/Scripts/NoteData.cs - Importer: PreviewImporter
Importing 'GUID: 75cb18e76ac9c480a807fe3eec6f6556 - Path: Assets/Scripts/NoteData.cs - Importer: PreviewImporter' with importer (PreviewImporter)
Imported 'GUID: 75cb18e76ac9c480a807fe3eec6f6556' -> (Import Result ID: 'ace2cac8e363410e10ecc259ff043cc6') in 0.000 seconds [static and dynamic dependencies]. Details - ImportResultOutputID=9f6af744735c98cf5a50d39e97eb395e DependenciesID=ce5f7525aa42993566524c57e1c38c09 StaticDependenciesID=5f5a742bbc3fda841f28fee8fb976735 
Number of updated asset objects reloaded before import = 0
Number of asset objects unloaded after import = 0
========================================================================
Received Import Request.
  Time of request: 2026-09-21T20:17:14.877486Z
  Time since last request: 0.003960583 seconds.
  importAddress: GUID: 75cb18e76ac9c480a807fe3eec6f6556 - Path: Assets/Scripts/NoteData.cs - Importer: PreviewImporter
Importing 'GUID: 75cb18e76ac9c480a807fe3eec6f6556 - Path: Assets/Scripts/NoteData.cs - Importer: PreviewImporter' with importer (PreviewImporter)
Imported 'GUID: 75cb18e76ac9c480a807fe3eec6f6556' -> (Import Result ID: 'ace2cac8e363410e10ecc259ff043cc6') in 0.000 seconds [static and dynamic dependencies]. Details - ImportResultOutputID=9f6af744735c98cf5a50d39e97eb395e DependenciesID=ce5f7525aa42993566524c57e1c38c09 StaticDependenciesID=5f5a742bbc3fda841f28fee8fb976735 
Number of updated asset objects reloaded before import = 0
Number of asset objects unloaded after import = 0
========================================================================
Received Import Request.
  Time of request: 2026-09-21T20:17:14.881585Z
  Time since last request: 0.003896917 seconds.
  importAddress: GUID: 75cb18e76ac9c480a807fe3eec6f6556 - Path: Assets/Scripts/NoteData.cs - Importer: PreviewImporter
Importing 'GUID: 75cb18e76ac9c480a807fe3eec6f6556 - Path: Assets/Scripts/NoteData.cs - Importer: PreviewImporter' with importer (PreviewImporter)
Imported 'GUID: 75cb18e76ac9c480a807fe3eec6f6556' -> (Import Result ID: 'ace2cac8e363410e10ecc259ff043cc6') in 0.000 seconds [static and dynamic dependencies]. Details - ImportResultOutputID=9f6af744735c98cf5a50d39e97eb395e DependenciesID=ce5f7525aa42993566524c57e1c38c09 StaticDependenciesID=5f5a742bbc3fda841f28fee8fb976735 
Number of updated asset objects reloaded before import = 0
Number of asset objects unloaded after import = 0
========================================================================
Received Import Request.
  Time of request: 2026-09-21T20:17:14.885679Z
  Time since last request: 0.003908708 seconds.
  importAddress: GUID: 75cb18e76ac9c480a807fe3eec6f6556 - Path: Assets/Scripts/NoteData.cs - Importer: PreviewImporter
Importing 'GUID: 75cb18e76ac9c480a807fe3eec6f6556 - Path: Assets/Scripts/NoteData.cs - Importer: PreviewImporter' with importer (PreviewImporter)
Imported 'GUID: 75cb18e76ac9c480a807fe3eec6f6556' -> (Import Result ID: 'ace2cac8e363410e10ecc259ff043cc6') in 0.000 seconds [static and dynamic dependencies]. Details - ImportResultOutputID=9f6af744735c98cf5a50d39e97eb395e DependenciesID=ce5f7525aa42993566524c57e1c38c09 StaticDependenciesID=5f5a742bbc3fda841f28fee8fb976735 
Number of updated asset objects reloaded before import = 0
Number of asset objects unloaded after import = 0
========================================================================
Received Import Request.
  Time of request: 2026-09-21T20:17:14.889712Z
  Time since last request: 0.00386975 seconds.
  importAddress: GUID: 75cb18e76ac9c480a807fe3eec6f6556 - Path: Assets/Scripts/NoteData.cs - Importer: PreviewImporter
Importing 'GUID: 75cb18e76ac9c480a807fe3eec6f6556 - Path: Assets/Scripts/NoteData.cs - Importer: PreviewImporter' with importer (PreviewImporter)
Imported 'GUID: 75cb18e76ac9c480a807fe3eec6f6556' -> (Import Result ID: 'ace2cac8e363410e10ecc259ff043cc6') in 0.000 seconds [static and dynamic dependencies]. Details - ImportResultOutputID=9f6af744735c98cf5a50d39e97eb395e DependenciesID=ce5f7525aa42993566524c57e1c38c09 StaticDependenciesID=5f5a742bbc3fda841f28fee8fb976735 
Number of updated asset objects reloaded before import = 0
Number of asset objects unloaded after import = 0
========================================================================
Received Import Request.
  Time of request: 2026-09-21T20:17:14.893906Z
  Time since last request: 0.0040005 seconds.
  importAddress: GUID: 75cb18e76ac9c480a807fe3eec6f6556 - Path: Assets/Scripts/NoteData.cs - Importer: PreviewImporter
Importing 'GUID: 75cb18e76ac9c480a807fe3eec6f6556 - Path: Assets/Scripts/NoteData.cs - Importer: PreviewImporter' with importer (PreviewImporter)
Imported 'GUID: 75cb18e76ac9c480a807fe3eec6f6556' -> (Import Result ID: 'ace2cac8e363410e10ecc259ff043cc6') in 0.000 seconds [static and dynamic dependencies]. Details - ImportResultOutputID=9f6af744735c98cf5a50d39e97eb395e DependenciesID=ce5f7525aa42993566524c57e1c38c09 StaticDependenciesID=5f5a742bbc3fda841f28fee8fb976735 
Number of updated asset objects reloaded before import = 0
Number of asset objects unloaded after import = 0
========================================================================
Received Import Request.
  Time of request: 2026-09-21T20:17:14.897895Z
  Time since last request: 0.003793833 seconds.
  importAddress: GUID: 75cb18e76ac9c480a807fe3eec6f6556 - Path: Assets/Scripts/NoteData.cs - Importer: PreviewImporter
Importing 'GUID: 75cb18e76ac9c480a807fe3eec6f6556 - Path: Assets/Scripts/NoteData.cs - Importer: PreviewImporter' with importer (PreviewImporter)
Imported 'GUID: 75cb18e76ac9c480a807fe3eec6f6556' -> (Import Result ID: 'ace2cac8e363410e10ecc259ff043cc6') in 0.000 seconds [static and dynamic dependencies]. Details - ImportResultOutputID=9f6af744735c98cf5a50d39e97eb395e DependenciesID=ce5f7525aa42993566524c57e1c38c09 StaticDependenciesID=5f5a742bbc3fda841f28fee8fb976735 
Number of updated asset objects reloaded before import = 0
Number of asset objects unloaded after import = 0
========================================================================
Received Import Request.
  Time of request: 2026-09-21T20:17:14.901948Z
  Time since last request: 0.003878042 seconds.
  importAddress: GUID: 75cb18e76ac9c480a807fe3eec6f6556 - Path: Assets/Scripts/NoteData.cs - Importer: PreviewImporter
Importing 'GUID: 75cb18e76ac9c480a807fe3eec6f6556 - Path: Assets/Scripts/NoteData.cs - Importer: PreviewImporter' with importer (PreviewImporter)
Imported 'GUID: 75cb18e76ac9c480a807fe3eec6f6556' -> (Import Result ID: 'ace2cac8e363410e10ecc259ff043cc6') in 0.000 seconds [static and dynamic dependencies]. Details - ImportResultOutputID=9f6af744735c98cf5a50d39e97eb395e DependenciesID=ce5f7525aa42993566524c57e1c38c09 StaticDependenciesID=5f5a742bbc3fda841f28fee8fb976735 
Number of updated asset objects reloaded before import = 0
Number of asset objects unloaded after import = 0
========================================================================
Received Import Request.
  Time of request: 2026-09-21T20:17:14.913283Z
  Time since last request: 0.00984575 seconds.
  importAddress: GUID: 75cb18e76ac9c480a807fe3eec6f6556 - Path: Assets/Scripts/NoteData.cs - Importer: PreviewImporter
Importing 'GUID: 75cb18e76ac9c480a807fe3eec6f6556 - Path: Assets/Scripts/NoteData.cs - Importer: PreviewImporter' with importer (PreviewImporter)
Imported 'GUID: 75cb18e76ac9c480a807fe3eec6f6556' -> (Import Result ID: 'ace2cac8e363410e10ecc259ff043cc6') in 0.000 seconds [static and dynamic dependencies]. Details - ImportResultOutputID=9f6af744735c98cf5a50d39e97eb395e DependenciesID=ce5f7525aa42993566524c57e1c38c09 StaticDependenciesID=5f5a742bbc3fda841f28fee8fb976735 
Number of updated asset objects reloaded before import = 0
Number of asset objects unloaded after import = 0
========================================================================
Received Import Request.
  Time of request: 2026-09-21T20:17:14.916748Z
  Time since last request: 0.003194959 seconds.
  importAddress: GUID: 75cb18e76ac9c480a807fe3eec6f6556 - Path: Assets/Scripts/NoteData.cs - Importer: PreviewImporter
Importing 'GUID: 75cb18e76ac9c480a807fe3eec6f6556 - Path: Assets/Scripts/NoteData.cs - Importer: PreviewImporter' with importer (PreviewImporter)
Imported 'GUID: 75cb18e76ac9c480a807fe3eec6f6556' -> (Import Result ID: 'ace2cac8e363410e10ecc259ff043cc6') in 0.000 seconds [static and dynamic dependencies]. Details - ImportResultOutputID=9f6af744735c98cf5a50d39e97eb395e DependenciesID=ce5f7525aa42993566524c57e1c38c09 StaticDependenciesID=5f5a742bbc3fda841f28fee8fb976735 
Number of updated asset objects reloaded before import = 0
Number of asset objects unloaded after import = 0
========================================================================
Received Import Request.
  Time of request: 2026-09-21T20:17:14.920718Z
  Time since last request: 0.003757958 seconds.
  importAddress: GUID: 75cb18e76ac9c480a807fe3eec6f6556 - Path: Assets/Scripts/NoteData.cs - Importer: PreviewImporter
Importing 'GUID: 75cb18e76ac9c480a807fe3eec6f6556 - Path: Assets/Scripts/NoteData.cs - Importer: PreviewImporter' with importer (PreviewImporter)
Imported 'GUID: 75cb18e76ac9c480a807fe3eec6f6556' -> (Import Result ID: 'ace2cac8e363410e10ecc259ff043cc6') in 0.000 seconds [static and dynamic dependencies]. Details - ImportResultOutputID=9f6af744735c98cf5a50d39e97eb395e DependenciesID=ce5f7525aa42993566524c57e1c38c09 StaticDependenciesID=5f5a742bbc3fda841f28fee8fb976735 
Number of updated asset objects reloaded before import = 0
Number of asset objects unloaded after import = 0
========================================================================
Received Import Request.
  Time of request: 2026-09-21T20:17:14.92471Z
  Time since last request: 0.003794208 seconds.
  importAddress: GUID: 75cb18e76ac9c480a807fe3eec6f6556 - Path: Assets/Scripts/NoteData.cs - Importer: PreviewImporter
Importing 'GUID: 75cb18e76ac9c480a807fe3eec6f6556 - Path: Assets/Scripts/NoteData.cs - Importer: PreviewImporter' with importer (PreviewImporter)
Imported 'GUID: 75cb18e76ac9c480a807fe3eec6f6556' -> (Import Result ID: 'ace2cac8e363410e10ecc259ff043cc6') in 0.000 seconds [static and dynamic dependencies]. Details - ImportResultOutputID=9f6af744735c98cf5a50d39e97eb395e DependenciesID=ce5f7525aa42993566524c57e1c38c09 StaticDependenciesID=5f5a742bbc3fda841f28fee8fb976735 
Number of updated asset objects reloaded before import = 0
Number of asset objects unloaded after import = 0
========================================================================
Received Import Request.
  Time of request: 2026-09-21T20:17:14.928792Z
  Time since last request: 0.0039185 seconds.
  importAddress: GUID: 75cb18e76ac9c480a807fe3eec6f6556 - Path: Assets/Scripts/NoteData.cs - Importer: PreviewImporter
Importing 'GUID: 75cb18e76ac9c480a807fe3eec6f6556 - Path: Assets/Scripts/NoteData.cs - Importer: PreviewImporter' with importer (PreviewImporter)
Imported 'GUID: 75cb18e76ac9c480a807fe3eec6f6556' -> (Import Result ID: 'ace2cac8e363410e10ecc259ff043cc6') in 0.000 seconds [static and dynamic dependencies]. Details - ImportResultOutputID=9f6af744735c98cf5a50d39e97eb395e DependenciesID=ce5f7525aa42993566524c57e1c38c09 StaticDependenciesID=5f5a742bbc3fda841f28fee8fb976735 
Number of updated asset objects reloaded before import = 0
Number of asset objects unloaded after import = 0
========================================================================
Received Import Request.
  Time of request: 2026-09-21T20:17:14.932734Z
  Time since last request: 0.003764083 seconds.
  importAddress: GUID: 75cb18e76ac9c480a807fe3eec6f6556 - Path: Assets/Scripts/NoteData.cs - Importer: PreviewImporter
Importing 'GUID: 75cb18e76ac9c480a807fe3eec6f6556 - Path: Assets/Scripts/NoteData.cs - Importer: PreviewImporter' with importer (PreviewImporter)
Imported 'GUID: 75cb18e76ac9c480a807fe3eec6f6556' -> (Import Result ID: 'ace2cac8e363410e10ecc259ff043cc6') in 0.000 seconds [static and dynamic dependencies]. Details - ImportResultOutputID=9f6af744735c98cf5a50d39e97eb395e DependenciesID=ce5f7525aa42993566524c57e1c38c09 StaticDependenciesID=5f5a742bbc3fda841f28fee8fb976735 
Number of updated asset objects reloaded before import = 0
Number of asset objects unloaded after import = 0
========================================================================
Received Import Request.
  Time of request: 2026-09-21T20:17:14.936959Z
  Time since last request: 0.004075375 seconds.
  importAddress: GUID: 75cb18e76ac9c480a807fe3eec6f6556 - Path: Assets/Scripts/NoteData.cs - Importer: PreviewImporter
Importing 'GUID: 75cb18e76ac9c480a807fe3eec6f6556 - Path: Assets/Scripts/NoteData.cs - Importer: PreviewImporter' with importer (PreviewImporter)
Imported 'GUID: 75cb18e76ac9c480a807fe3eec6f6556' -> (Import Result ID: 'ace2cac8e363410e10ecc259ff043cc6') in 0.000 seconds [static and dynamic dependencies]. Details - ImportResultOutputID=9f6af744735c98cf5a50d39e97eb395e DependenciesID=ce5f7525aa42993566524c57e1c38c09 StaticDependenciesID=5f5a742bbc3fda841f28fee8fb976735 
Number of updated asset objects reloaded before import = 0
Number of asset objects unloaded after import = 0
========================================================================
Received Import Request.
  Time of request: 2026-09-21T20:17:14.940952Z
  Time since last request: 0.003820417 seconds.
  importAddress: GUID: 75cb18e76ac9c480a807fe3eec6f6556 - Path: Assets/Scripts/NoteData.cs - Importer: PreviewImporter
Importing 'GUID: 75cb18e76ac9c480a807fe3eec6f6556 - Path: Assets/Scripts/NoteData.cs - Importer: PreviewImporter' with importer (PreviewImporter)
Imported 'GUID: 75cb18e76ac9c480a807fe3eec6f6556' -> (Import Result ID: 'ace2cac8e363410e10ecc259ff043cc6') in 0.000 seconds [static and dynamic dependencies]. Details - ImportResultOutputID=9f6af744735c98cf5a50d39e97eb395e DependenciesID=ce5f7525aa42993566524c57e1c38c09 StaticDependenciesID=5f5a742bbc3fda841f28fee8fb976735 
Number of updated asset objects reloaded before import = 0
Number of asset objects unloaded after import = 0
========================================================================
Received Import Request.
  Time of request: 2026-09-21T20:17:14.945044Z
  Time since last request: 0.003923083 seconds.
  importAddress: GUID: 75cb18e76ac9c480a807fe3eec6f6556 - Path: Assets/Scripts/NoteData.cs - Importer: PreviewImporter
Importing 'GUID: 75cb18e76ac9c480a807fe3eec6f6556 - Path: Assets/Scripts/NoteData.cs - Importer: PreviewImporter' with importer (PreviewImporter)
Imported 'GUID: 75cb18e76ac9c480a807fe3eec6f6556' -> (Import Result ID: 'ace2cac8e363410e10ecc259ff043cc6') in 0.000 seconds [static and dynamic dependencies]. Details - ImportResultOutputID=9f6af744735c98cf5a50d39e97eb395e DependenciesID=ce5f7525aa42993566524c57e1c38c09 StaticDependenciesID=5f5a742bbc3fda841f28fee8fb976735 
Number of updated asset objects reloaded before import = 0
Number of asset objects unloaded after import = 0
========================================================================
Received Import Request.
  Time of request: 2026-09-21T20:17:14.949082Z
  Time since last request: 0.003882792 seconds.
  importAddress: GUID: 75cb18e76ac9c480a807fe3eec6f6556 - Path: Assets/Scripts/NoteData.cs - Importer: PreviewImporter
Importing 'GUID: 75cb18e76ac9c480a807fe3eec6f6556 - Path: Assets/Scripts/NoteData.cs - Importer: PreviewImporter' with importer (PreviewImporter)
Imported 'GUID: 75cb18e76ac9c480a807fe3eec6f6556' -> (Import Result ID: 'ace2cac8e363410e10ecc259ff043cc6') in 0.000 seconds [static and dynamic dependencies]. Details - ImportResultOutputID=9f6af744735c98cf5a50d39e97eb395e DependenciesID=ce5f7525aa42993566524c57e1c38c09 StaticDependenciesID=5f5a742bbc3fda841f28fee8fb976735 
Number of updated asset objects reloaded before import = 0
Number of asset objects unloaded after import = 0
========================================================================
Received Import Request.
  Time of request: 2026-09-21T20:17:14.953098Z
  Time since last request: 0.003856 seconds.
  importAddress: GUID: 75cb18e76ac9c480a807fe3eec6f6556 - Path: Assets/Scripts/NoteData.cs - Importer: PreviewImporter
Importing 'GUID: 75cb18e76ac9c480a807fe3eec6f6556 - Path: Assets/Scripts/NoteData.cs - Importer: PreviewImporter' with importer (PreviewImporter)
Imported 'GUID: 75cb18e76ac9c480a807fe3eec6f6556' -> (Import Result ID: 'ace2cac8e363410e10ecc259ff043cc6') in 0.000 seconds [static and dynamic dependencies]. Details - ImportResultOutputID=9f6af744735c98cf5a50d39e97eb395e DependenciesID=ce5f7525aa42993566524c57e1c38c09 StaticDependenciesID=5f5a742bbc3fda841f28fee8fb976735 
Number of updated asset objects reloaded before import = 0
Number of asset objects unloaded after import = 0
========================================================================
Received Import Request.
  Time of request: 2026-09-21T20:17:14.957228Z
  Time since last request: 0.003909209 seconds.
  importAddress: GUID: 75cb18e76ac9c480a807fe3eec6f6556 - Path: Assets/Scripts/NoteData.cs - Importer: PreviewImporter
Importing 'GUID: 75cb18e76ac9c480a807fe3eec6f6556 - Path: Assets/Scripts/NoteData.cs - Importer: PreviewImporter' with importer (PreviewImporter)
Imported 'GUID: 75cb18e76ac9c480a807fe3eec6f6556' -> (Import Result ID: 'ace2cac8e363410e10ecc259ff043cc6') in 0.000 seconds [static and dynamic dependencies]. Details - ImportResultOutputID=9f6af744735c98cf5a50d39e97eb395e DependenciesID=ce5f7525aa42993566524c57e1c38c09 StaticDependenciesID=5f5a742bbc3fda841f28fee8fb976735 
Number of updated asset objects reloaded before import = 0
Number of asset objects unloaded after import = 0
========================================================================
Received Import Request.
  Time of request: 2026-09-21T20:17:14.961342Z
  Time since last request: 0.003904708 seconds.
  importAddress: GUID: 75cb18e76ac9c480a807fe3eec6f6556 - Path: Assets/Scripts/NoteData.cs - Importer: PreviewImporter
Importing 'GUID: 75cb18e76ac9c480a807fe3eec6f6556 - Path: Assets/Scripts/NoteData.cs - Importer: PreviewImporter' with importer (PreviewImporter)
Imported 'GUID: 75cb18e76ac9c480a807fe3eec6f6556' -> (Import Result ID: 'ace2cac8e363410e10ecc259ff043cc6') in 0.000 seconds [static and dynamic dependencies]. Details - ImportResultOutputID=9f6af744735c98cf5a50d39e97eb395e DependenciesID=ce5f7525aa42993566524c57e1c38c09 StaticDependenciesID=5f5a742bbc3fda841f28fee8fb976735 
Number of updated asset objects reloaded before import = 0
Number of asset objects unloaded after import = 0
========================================================================
Received Import Request.
  Time of request: 2026-09-21T20:17:14.96527Z
  Time since last request: 0.003494625 seconds.
  importAddress: GUID: 75cb18e76ac9c480a807fe3eec6f6556 - Path: Assets/Scripts/NoteData.cs - Importer: PreviewImporter
Importing 'GUID: 75cb18e76ac9c480a807fe3eec6f6556 - Path: Assets/Scripts/NoteData.cs - Importer: PreviewImporter' with importer (PreviewImporter)
Imported 'GUID: 75cb18e76ac9c480a807fe3eec6f6556' -> (Import Result ID: 'ace2cac8e363410e10ecc259ff043cc6') in 0.000 seconds [static and dynamic dependencies]. Details - ImportResultOutputID=9f6af744735c98cf5a50d39e97eb395e DependenciesID=ce5f7525aa42993566524c57e1c38c09 StaticDependenciesID=5f5a742bbc3fda841f28fee8fb976735 
Number of updated asset objects reloaded before import = 0
Number of asset objects unloaded after import = 0
========================================================================
Received Import Request.
  Time of request: 2026-09-21T20:17:14.969335Z
  Time since last request: 0.003874625 seconds.
  importAddress: GUID: 75cb18e76ac9c480a807fe3eec6f6556 - Path: Assets/Scripts/NoteData.cs - Importer: PreviewImporter
Importing 'GUID: 75cb18e76ac9c480a807fe3eec6f6556 - Path: Assets/Scripts/NoteData.cs - Importer: PreviewImporter' with importer (PreviewImporter)
Imported 'GUID: 75cb18e76ac9c480a807fe3eec6f6556' -> (Import Result ID: 'ace2cac8e363410e10ecc259ff043cc6') in 0.000 seconds [static and dynamic dependencies]. Details - ImportResultOutputID=9f6af744735c98cf5a50d39e97eb395e DependenciesID=ce5f7525aa42993566524c57e1c38c09 StaticDependenciesID=5f5a742bbc3fda841f28fee8fb976735 
Number of updated asset objects reloaded before import = 0
Number of asset objects unloaded after import = 0
========================================================================
Received Import Request.
  Time of request: 2026-09-21T20:17:14.973537Z
  Time since last request: 0.003797583 seconds.
  importAddress: GUID: 75cb18e76ac9c480a807fe3eec6f6556 - Path: Assets/Scripts/NoteData.cs - Importer: PreviewImporter
Importing 'GUID: 75cb18e76ac9c480a807fe3eec6f6556 - Path: Assets/Scripts/NoteData.cs - Importer: PreviewImporter' with importer (PreviewImporter)
Imported 'GUID: 75cb18e76ac9c480a807fe3eec6f6556' -> (Import Result ID: 'ace2cac8e363410e10ecc259ff043cc6') in 0.000 seconds [static and dynamic dependencies]. Details - ImportResultOutputID=9f6af744735c98cf5a50d39e97eb395e DependenciesID=ce5f7525aa42993566524c57e1c38c09 StaticDependenciesID=5f5a742bbc3fda841f28fee8fb976735 
Number of updated asset objects reloaded before import = 0
Number of asset objects unloaded after import = 0
========================================================================
Received Import Request.
  Time of request: 2026-09-21T20:17:14.97741Z
  Time since last request: 0.003669833 seconds.
  importAddress: GUID: 75cb18e76ac9c480a807fe3eec6f6556 - Path: Assets/Scripts/NoteData.cs - Importer: PreviewImporter
Importing 'GUID: 75cb18e76ac9c480a807fe3eec6f6556 - Path: Assets/Scripts/NoteData.cs - Importer: PreviewImporter' with importer (PreviewImporter)
Imported 'GUID: 75cb18e76ac9c480a807fe3eec6f6556' -> (Import Result ID: 'ace2cac8e363410e10ecc259ff043cc6') in 0.000 seconds [static and dynamic dependencies]. Details - ImportResultOutputID=9f6af744735c98cf5a50d39e97eb395e DependenciesID=ce5f7525aa42993566524c57e1c38c09 StaticDependenciesID=5f5a742bbc3fda841f28fee8fb976735 
Number of updated asset objects reloaded before import = 0
Number of asset objects unloaded after import = 0
========================================================================
Received Import Request.
  Time of request: 2026-09-21T20:17:14.981513Z
  Time since last request: 0.003864583 seconds.
  importAddress: GUID: 75cb18e76ac9c480a807fe3eec6f6556 - Path: Assets/Scripts/NoteData.cs - Importer: PreviewImporter
Importing 'GUID: 75cb18e76ac9c480a807fe3eec6f6556 - Path: Assets/Scripts/NoteData.cs - Importer: PreviewImporter' with importer (PreviewImporter)
Imported 'GUID: 75cb18e76ac9c480a807fe3eec6f6556' -> (Import Result ID: 'ace2cac8e363410e10ecc259ff043cc6') in 0.000 seconds [static and dynamic dependencies]. Details - ImportResultOutputID=9f6af744735c98cf5a50d39e97eb395e DependenciesID=ce5f7525aa42993566524c57e1c38c09 StaticDependenciesID=5f5a742bbc3fda841f28fee8fb976735 
Number of updated asset objects reloaded before import = 0
Number of asset objects unloaded after import = 0
========================================================================
Received Import Request.
  Time of request: 2026-09-21T20:17:14.985669Z
  Time since last request: 0.003951459 seconds.
  importAddress: GUID: 75cb18e76ac9c480a807fe3eec6f6556 - Path: Assets/Scripts/NoteData.cs - Importer: PreviewImporter
Importing 'GUID: 75cb18e76ac9c480a807fe3eec6f6556 - Path: Assets/Scripts/NoteData.cs - Importer: PreviewImporter' with importer (PreviewImporter)
Imported 'GUID: 75cb18e76ac9c480a807fe3eec6f6556' -> (Import Result ID: 'ace2cac8e363410e10ecc259ff043cc6') in 0.000 seconds [static and dynamic dependencies]. Details - ImportResultOutputID=9f6af744735c98cf5a50d39e97eb395e DependenciesID=ce5f7525aa42993566524c57e1c38c09 StaticDependenciesID=5f5a742bbc3fda841f28fee8fb976735 
Number of updated asset objects reloaded before import = 0
Number of asset objects unloaded after import = 0
========================================================================
Received Import Request.
  Time of request: 2026-09-21T20:17:14.98967Z
  Time since last request: 0.003754125 seconds.
  importAddress: GUID: 75cb18e76ac9c480a807fe3eec6f6556 - Path: Assets/Scripts/NoteData.cs - Importer: PreviewImporter
Importing 'GUID: 75cb18e76ac9c480a807fe3eec6f6556 - Path: Assets/Scripts/NoteData.cs - Importer: PreviewImporter' with importer (PreviewImporter)
Imported 'GUID: 75cb18e76ac9c480a807fe3eec6f6556' -> (Import Result ID: 'ace2cac8e363410e10ecc259ff043cc6') in 0.000 seconds [static and dynamic dependencies]. Details - ImportResultOutputID=9f6af744735c98cf5a50d39e97eb395e DependenciesID=ce5f7525aa42993566524c57e1c38c09 StaticDependenciesID=5f5a742bbc3fda841f28fee8fb976735 
Number of updated asset objects reloaded before import = 0
Number of asset objects unloaded after import = 0
========================================================================
Received Import Request.
  Time of request: 2026-09-21T20:17:14.993732Z
  Time since last request: 0.003829583 seconds.
  importAddress: GUID: 75cb18e76ac9c480a807fe3eec6f6556 - Path: Assets/Scripts/NoteData.cs - Importer: PreviewImporter
Importing 'GUID: 75cb18e76ac9c480a807fe3eec6f6556 - Path: Assets/Scripts/NoteData.cs - Importer: PreviewImporter' with importer (PreviewImporter)
Imported 'GUID: 75cb18e76ac9c480a807fe3eec6f6556' -> (Import Result ID: 'ace2cac8e363410e10ecc259ff043cc6') in 0.000 seconds [static and dynamic dependencies]. Details - ImportResultOutputID=9f6af744735c98cf5a50d39e97eb395e DependenciesID=ce5f7525aa42993566524c57e1c38c09 StaticDependenciesID=5f5a742bbc3fda841f28fee8fb976735 
Number of updated asset objects reloaded before import = 0
Number of asset objects unloaded after import = 0
========================================================================
Received Import Request.
  Time of request: 2026-09-21T20:17:14.997739Z
  Time since last request: 0.003785625 seconds.
  importAddress: GUID: 75cb18e76ac9c480a807fe3eec6f6556 - Path: Assets/Scripts/NoteData.cs - Importer: PreviewImporter
Importing 'GUID: 75cb18e76ac9c480a807fe3eec6f6556 - Path: Assets/Scripts/NoteData.cs - Importer: PreviewImporter' with importer (PreviewImporter)
Imported 'GUID: 75cb18e76ac9c480a807fe3eec6f6556' -> (Import Result ID: 'ace2cac8e363410e10ecc259ff043cc6') in 0.000 seconds [static and dynamic dependencies]. Details - ImportResultOutputID=9f6af744735c98cf5a50d39e97eb395e DependenciesID=ce5f7525aa42993566524c57e1c38c09 StaticDependenciesID=5f5a742bbc3fda841f28fee8fb976735 
Number of updated asset objects reloaded before import = 0
Number of asset objects unloaded after import = 0
========================================================================
Received Import Request.
  Time of request: 2026-09-21T20:17:15.001705Z
  Time since last request: 0.003760958 seconds.
  importAddress: GUID: 75cb18e76ac9c480a807fe3eec6f6556 - Path: Assets/Scripts/NoteData.cs - Importer: PreviewImporter
Importing 'GUID: 75cb18e76ac9c480a807fe3eec6f6556 - Path: Assets/Scripts/NoteData.cs - Importer: PreviewImporter' with importer (PreviewImporter)
Imported 'GUID: 75cb18e76ac9c480a807fe3eec6f6556' -> (Import Result ID: 'ace2cac8e363410e10ecc259ff043cc6') in 0.000 seconds [static and dynamic dependencies]. Details - ImportResultOutputID=9f6af744735c98cf5a50d39e97eb395e DependenciesID=ce5f7525aa42993566524c57e1c38c09 StaticDependenciesID=5f5a742bbc3fda841f28fee8fb976735 
Number of updated asset objects reloaded before import = 0
Number of asset objects unloaded after import = 0
========================================================================
Received Import Request.
  Time of request: 2026-09-21T20:17:15.006168Z
  Time since last request: 0.004262708 seconds.
  importAddress: GUID: 75cb18e76ac9c480a807fe3eec6f6556 - Path: Assets/Scripts/NoteData.cs - Importer: ScriptedImporter/UnityEditor.QuickSearchModule:UnityEditor.Search:ASIAI0B
Importing 'GUID: 75cb18e76ac9c480a807fe3eec6f6556 - Path: Assets/Scripts/NoteData.cs - Importer: ScriptedImporter/UnityEditor.QuickSearchModule:UnityEditor.Search:ASIAI0B' with importer (ScriptedImporter : UnityEditor.QuickSearchModule:UnityEditor.Search:ASIAI0B)
Imported 'GUID: 75cb18e76ac9c480a807fe3eec6f6556' -> (Import Result ID: '4199476a36beb3653036772d868036a6') in 0.003 seconds [static and dynamic dependencies]. Details - ImportResultOutputID=3038a5f5fd7b6826f46c7ffc531f8a97 DependenciesID=1ec0bc52fb67dd6d7405af1618452b97 StaticDependenciesID=96959b2103db143dee57a6ed51825b33 
Number of updated asset objects reloaded before import = 0
Number of asset objects unloaded after import = 0
========================================================================
Received Import Request.
  Time of request: 2026-09-21T20:17:15.018604Z
  Time since last request: 0.009598709 seconds.
  importAddress: GUID: 75cb18e76ac9c480a807fe3eec6f6556 - Path: Assets/Scripts/NoteData.cs - Importer: PreviewImporter
Importing 'GUID: 75cb18e76ac9c480a807fe3eec6f6556 - Path: Assets/Scripts/NoteData.cs - Importer: PreviewImporter' with importer (PreviewImporter)
Imported 'GUID: 75cb18e76ac9c480a807fe3eec6f6556' -> (Import Result ID: 'ace2cac8e363410e10ecc259ff043cc6') in 0.000 seconds [static and dynamic dependencies]. Details - ImportResultOutputID=9f6af744735c98cf5a50d39e97eb395e DependenciesID=ce5f7525aa42993566524c57e1c38c09 StaticDependenciesID=5f5a742bbc3fda841f28fee8fb976735 
Number of updated asset objects reloaded before import = 0
Number of asset objects unloaded after import = 0
========================================================================
Received Import Request.
  Time of request: 2026-09-21T20:17:15.022719Z
  Time since last request: 0.003769208 seconds.
  importAddress: GUID: 75cb18e76ac9c480a807fe3eec6f6556 - Path: Assets/Scripts/NoteData.cs - Importer: PreviewImporter
Importing 'GUID: 75cb18e76ac9c480a807fe3eec6f6556 - Path: Assets/Scripts/NoteData.cs - Importer: PreviewImporter' with importer (PreviewImporter)
Imported 'GUID: 75cb18e76ac9c480a807fe3eec6f6556' -> (Import Result ID: 'ace2cac8e363410e10ecc259ff043cc6') in 0.001 seconds [static and dynamic dependencies]. Details - ImportResultOutputID=9f6af744735c98cf5a50d39e97eb395e DependenciesID=ce5f7525aa42993566524c57e1c38c09 StaticDependenciesID=5f5a742bbc3fda841f28fee8fb976735 
Number of updated asset objects reloaded before import = 0
Number of asset objects unloaded after import = 0
========================================================================
Received Import Request.
  Time of request: 2026-09-21T20:17:15.026888Z
  Time since last request: 0.003190292 seconds.
  importAddress: GUID: 75cb18e76ac9c480a807fe3eec6f6556 - Path: Assets/Scripts/NoteData.cs - Importer: PreviewImporter
Importing 'GUID: 75cb18e76ac9c480a807fe3eec6f6556 - Path: Assets/Scripts/NoteData.cs - Importer: PreviewImporter' with importer (PreviewImporter)
Imported 'GUID: 75cb18e76ac9c480a807fe3eec6f6556' -> (Import Result ID: 'ace2cac8e363410e10ecc259ff043cc6') in 0.000 seconds [static and dynamic dependencies]. Details - ImportResultOutputID=9f6af744735c98cf5a50d39e97eb395e DependenciesID=ce5f7525aa42993566524c57e1c38c09 StaticDependenciesID=5f5a742bbc3fda841f28fee8fb976735 
Number of updated asset objects reloaded before import = 0
Number of asset objects unloaded after import = 0
========================================================================
Received Import Request.
  Time of request: 2026-09-21T20:17:15.03097Z
  Time since last request: 0.003810416 seconds.
  importAddress: GUID: 75cb18e76ac9c480a807fe3eec6f6556 - Path: Assets/Scripts/NoteData.cs - Importer: PreviewImporter
Importing 'GUID: 75cb18e76ac9c480a807fe3eec6f6556 - Path: Assets/Scripts/NoteData.cs - Importer: PreviewImporter' with importer (PreviewImporter)
Imported 'GUID: 75cb18e76ac9c480a807fe3eec6f6556' -> (Import Result ID: 'ace2cac8e363410e10ecc259ff043cc6') in 0.000 seconds [static and dynamic dependencies]. Details - ImportResultOutputID=9f6af744735c98cf5a50d39e97eb395e DependenciesID=ce5f7525aa42993566524c57e1c38c09 StaticDependenciesID=5f5a742bbc3fda841f28fee8fb976735 
Number of updated asset objects reloaded before import = 0
Number of asset objects unloaded after import = 0
========================================================================
Received Import Request.
  Time of request: 2026-09-21T20:17:15.034937Z
  Time since last request: 0.003576708 seconds.
  importAddress: GUID: 75cb18e76ac9c480a807fe3eec6f6556 - Path: Assets/Scripts/NoteData.cs - Importer: PreviewImporter
Importing 'GUID: 75cb18e76ac9c480a807fe3eec6f6556 - Path: Assets/Scripts/NoteData.cs - Importer: PreviewImporter' with importer (PreviewImporter)
Imported 'GUID: 75cb18e76ac9c480a807fe3eec6f6556' -> (Import Result ID: 'ace2cac8e363410e10ecc259ff043cc6') in 0.000 seconds [static and dynamic dependencies]. Details - ImportResultOutputID=9f6af744735c98cf5a50d39e97eb395e DependenciesID=ce5f7525aa42993566524c57e1c38c09 StaticDependenciesID=5f5a742bbc3fda841f28fee8fb976735 
Number of updated asset objects reloaded before import = 0
Number of asset objects unloaded after import = 0
========================================================================
Received Import Request.
  Time of request: 2026-09-21T20:17:15.038994Z
  Time since last request: 0.003878459 seconds.
  importAddress: GUID: 75cb18e76ac9c480a807fe3eec6f6556 - Path: Assets/Scripts/NoteData.cs - Importer: PreviewImporter
Importing 'GUID: 75cb18e76ac9c480a807fe3eec6f6556 - Path: Assets/Scripts/NoteData.cs - Importer: PreviewImporter' with importer (PreviewImporter)
Imported 'GUID: 75cb18e76ac9c480a807fe3eec6f6556' -> (Import Result ID: 'ace2cac8e363410e10ecc259ff043cc6') in 0.000 seconds [static and dynamic dependencies]. Details - ImportResultOutputID=9f6af744735c98cf5a50d39e97eb395e DependenciesID=ce5f7525aa42993566524c57e1c38c09 StaticDependenciesID=5f5a742bbc3fda841f28fee8fb976735 
Number of updated asset objects reloaded before import = 0
Number of asset objects unloaded after import = 0
========================================================================
Received Import Request.
  Time of request: 2026-09-21T20:17:15.042919Z
  Time since last request: 0.003722 seconds.
  importAddress: GUID: 75cb18e76ac9c480a807fe3eec6f6556 - Path: Assets/Scripts/NoteData.cs - Importer: PreviewImporter
Importing 'GUID: 75cb18e76ac9c480a807fe3eec6f6556 - Path: Assets/Scripts/NoteData.cs - Importer: PreviewImporter' with importer (PreviewImporter)
Imported 'GUID: 75cb18e76ac9c480a807fe3eec6f6556' -> (Import Result ID: 'ace2cac8e363410e10ecc259ff043cc6') in 0.000 seconds [static and dynamic dependencies]. Details - ImportResultOutputID=9f6af744735c98cf5a50d39e97eb395e DependenciesID=ce5f7525aa42993566524c57e1c38c09 StaticDependenciesID=5f5a742bbc3fda841f28fee8fb976735 
Number of updated asset objects reloaded before import = 0
Number of asset objects unloaded after import = 0
========================================================================
Received Import Request.
  Time of request: 2026-09-21T20:17:15.046962Z
  Time since last request: 0.003845667 seconds.
  importAddress: GUID: 75cb18e76ac9c480a807fe3eec6f6556 - Path: Assets/Scripts/NoteData.cs - Importer: PreviewImporter
Importing 'GUID: 75cb18e76ac9c480a807fe3eec6f6556 - Path: Assets/Scripts/NoteData.cs - Importer: PreviewImporter' with importer (PreviewImporter)
Imported 'GUID: 75cb18e76ac9c480a807fe3eec6f6556' -> (Import Result ID: 'ace2cac8e363410e10ecc259ff043cc6') in 0.000 seconds [static and dynamic dependencies]. Details - ImportResultOutputID=9f6af744735c98cf5a50d39e97eb395e DependenciesID=ce5f7525aa42993566524c57e1c38c09 StaticDependenciesID=5f5a742bbc3fda841f28fee8fb976735 
Number of updated asset objects reloaded before import = 0
Number of asset objects unloaded after import = 0
========================================================================
Received Import Request.
  Time of request: 2026-09-21T20:17:15.051079Z
  Time since last request: 0.00394625 seconds.
  importAddress: GUID: 75cb18e76ac9c480a807fe3eec6f6556 - Path: Assets/Scripts/NoteData.cs - Importer: PreviewImporter
Importing 'GUID: 75cb18e76ac9c480a807fe3eec6f6556 - Path: Assets/Scripts/NoteData.cs - Importer: PreviewImporter' with importer (PreviewImporter)
Imported 'GUID: 75cb18e76ac9c480a807fe3eec6f6556' -> (Import Result ID: 'ace2cac8e363410e10ecc259ff043cc6') in 0.000 seconds [static and dynamic dependencies]. Details - ImportResultOutputID=9f6af744735c98cf5a50d39e97eb395e DependenciesID=ce5f7525aa42993566524c57e1c38c09 StaticDependenciesID=5f5a742bbc3fda841f28fee8fb976735 
Number of updated asset objects reloaded before import = 0
Number of asset objects unloaded after import = 0
========================================================================
Received Import Request.
  Time of request: 2026-09-21T20:17:15.05518Z
  Time since last request: 0.003896542 seconds.
  importAddress: GUID: 75cb18e76ac9c480a807fe3eec6f6556 - Path: Assets/Scripts/NoteData.cs - Importer: PreviewImporter
Importing 'GUID: 75cb18e76ac9c480a807fe3eec6f6556 - Path: Assets/Scripts/NoteData.cs - Importer: PreviewImporter' with importer (PreviewImporter)
Imported 'GUID: 75cb18e76ac9c480a807fe3eec6f6556' -> (Import Result ID: 'ace2cac8e363410e10ecc259ff043cc6') in 0.000 seconds [static and dynamic dependencies]. Details - ImportResultOutputID=9f6af744735c98cf5a50d39e97eb395e DependenciesID=ce5f7525aa42993566524c57e1c38c09 StaticDependenciesID=5f5a742bbc3fda841f28fee8fb976735 
Number of updated asset objects reloaded before import = 0
Number of asset objects unloaded after import = 0
========================================================================
Received Import Request.
  Time of request: 2026-09-21T20:17:15.059274Z
  Time since last request: 0.00390275 seconds.
  importAddress: GUID: 75cb18e76ac9c480a807fe3eec6f6556 - Path: Assets/Scripts/NoteData.cs - Importer: PreviewImporter
Importing 'GUID: 75cb18e76ac9c480a807fe3eec6f6556 - Path: Assets/Scripts/NoteData.cs - Importer: PreviewImporter' with importer (PreviewImporter)
Imported 'GUID: 75cb18e76ac9c480a807fe3eec6f6556' -> (Import Result ID: 'ace2cac8e363410e10ecc259ff043cc6') in 0.000 seconds [static and dynamic dependencies]. Details - ImportResultOutputID=9f6af744735c98cf5a50d39e97eb395e DependenciesID=ce5f7525aa42993566524c57e1c38c09 StaticDependenciesID=5f5a742bbc3fda841f28fee8fb976735 
Number of updated asset objects reloaded before import = 0
Number of asset objects unloaded after import = 0
========================================================================
Received Import Request.
  Time of request: 2026-09-21T20:17:15.063249Z
  Time since last request: 0.003803917 seconds.
  importAddress: GUID: 75cb18e76ac9c480a807fe3eec6f6556 - Path: Assets/Scripts/NoteData.cs - Importer: PreviewImporter
Importing 'GUID: 75cb18e76ac9c480a807fe3eec6f6556 - Path: Assets/Scripts/NoteData.cs - Importer: PreviewImporter' with importer (PreviewImporter)
Imported 'GUID: 75cb18e76ac9c480a807fe3eec6f6556' -> (Import Result ID: 'ace2cac8e363410e10ecc259ff043cc6') in 0.000 seconds [static and dynamic dependencies]. Details - ImportResultOutputID=9f6af744735c98cf5a50d39e97eb395e DependenciesID=ce5f7525aa42993566524c57e1c38c09 StaticDependenciesID=5f5a742bbc3fda841f28fee8fb976735 
Number of updated asset objects reloaded before import = 0
Number of asset objects unloaded after import = 0
========================================================================
Received Import Request.
  Time of request: 2026-09-21T20:17:15.0673Z
  Time since last request: 0.0038595 seconds.
  importAddress: GUID: 75cb18e76ac9c480a807fe3eec6f6556 - Path: Assets/Scripts/NoteData.cs - Importer: PreviewImporter
Importing 'GUID: 75cb18e76ac9c480a807fe3eec6f6556 - Path: Assets/Scripts/NoteData.cs - Importer: PreviewImporter' with importer (PreviewImporter)
Imported 'GUID: 75cb18e76ac9c480a807fe3eec6f6556' -> (Import Result ID: 'ace2cac8e363410e10ecc259ff043cc6') in 0.000 seconds [static and dynamic dependencies]. Details - ImportResultOutputID=9f6af744735c98cf5a50d39e97eb395e DependenciesID=ce5f7525aa42993566524c57e1c38c09 StaticDependenciesID=5f5a742bbc3fda841f28fee8fb976735 
Number of updated asset objects reloaded before import = 0
Number of asset objects unloaded after import = 0
========================================================================
Received Import Request.
  Time of request: 2026-09-21T20:17:15.071494Z
  Time since last request: 0.003999083 seconds.
  importAddress: GUID: 75cb18e76ac9c480a807fe3eec6f6556 - Path: Assets/Scripts/NoteData.cs - Importer: PreviewImporter
Importing 'GUID: 75cb18e76ac9c480a807fe3eec6f6556 - Path: Assets/Scripts/NoteData.cs - Importer: PreviewImporter' with importer (PreviewImporter)
Imported 'GUID: 75cb18e76ac9c480a807fe3eec6f6556' -> (Import Result ID: 'ace2cac8e363410e10ecc259ff043cc6') in 0.000 seconds [static and dynamic dependencies]. Details - ImportResultOutputID=9f6af744735c98cf5a50d39e97eb395e DependenciesID=ce5f7525aa42993566524c57e1c38c09 StaticDependenciesID=5f5a742bbc3fda841f28fee8fb976735 
Number of updated asset objects reloaded before import = 0
Number of asset objects unloaded after import = 0
========================================================================
Received Import Request.
  Time of request: 2026-09-21T20:17:15.075513Z
  Time since last request: 0.003811333 seconds.
  importAddress: GUID: 75cb18e76ac9c480a807fe3eec6f6556 - Path: Assets/Scripts/NoteData.cs - Importer: PreviewImporter
Importing 'GUID: 75cb18e76ac9c480a807fe3eec6f6556 - Path: Assets/Scripts/NoteData.cs - Importer: PreviewImporter' with importer (PreviewImporter)
Imported 'GUID: 75cb18e76ac9c480a807fe3eec6f6556' -> (Import Result ID: 'ace2cac8e363410e10ecc259ff043cc6') in 0.000 seconds [static and dynamic dependencies]. Details - ImportResultOutputID=9f6af744735c98cf5a50d39e97eb395e DependenciesID=ce5f7525aa42993566524c57e1c38c09 StaticDependenciesID=5f5a742bbc3fda841f28fee8fb976735 
Number of updated asset objects reloaded before import = 0
Number of asset objects unloaded after import = 0
========================================================================
Received Import Request.
  Time of request: 2026-09-21T20:17:15.079414Z
  Time since last request: 0.003663959 seconds.
  importAddress: GUID: 75cb18e76ac9c480a807fe3eec6f6556 - Path: Assets/Scripts/NoteData.cs - Importer: PreviewImporter
Importing 'GUID: 75cb18e76ac9c480a807fe3eec6f6556 - Path: Assets/Scripts/NoteData.cs - Importer: PreviewImporter' with importer (PreviewImporter)
Imported 'GUID: 75cb18e76ac9c480a807fe3eec6f6556' -> (Import Result ID: 'ace2cac8e363410e10ecc259ff043cc6') in 0.000 seconds [static and dynamic dependencies]. Details - ImportResultOutputID=9f6af744735c98cf5a50d39e97eb395e DependenciesID=ce5f7525aa42993566524c57e1c38c09 StaticDependenciesID=5f5a742bbc3fda841f28fee8fb976735 
Number of updated asset objects reloaded before import = 0
Number of asset objects unloaded after import = 0
========================================================================
Received Import Request.
  Time of request: 2026-09-21T20:17:15.08343Z
  Time since last request: 0.003791458 seconds.
  importAddress: GUID: 75cb18e76ac9c480a807fe3eec6f6556 - Path: Assets/Scripts/NoteData.cs - Importer: PreviewImporter
Importing 'GUID: 75cb18e76ac9c480a807fe3eec6f6556 - Path: Assets/Scripts/NoteData.cs - Importer: PreviewImporter' with importer (PreviewImporter)
Imported 'GUID: 75cb18e76ac9c480a807fe3eec6f6556' -> (Import Result ID: 'ace2cac8e363410e10ecc259ff043cc6') in 0.000 seconds [static and dynamic dependencies]. Details - ImportResultOutputID=9f6af744735c98cf5a50d39e97eb395e DependenciesID=ce5f7525aa42993566524c57e1c38c09 StaticDependenciesID=5f5a742bbc3fda841f28fee8fb976735 
Number of updated asset objects reloaded before import = 0
Number of asset objects unloaded after import = 0
========================================================================
Received Import Request.
  Time of request: 2026-09-21T20:17:15.087575Z
  Time since last request: 0.003956541 seconds.
  importAddress: GUID: 75cb18e76ac9c480a807fe3eec6f6556 - Path: Assets/Scripts/NoteData.cs - Importer: PreviewImporter
Importing 'GUID: 75cb18e76ac9c480a807fe3eec6f6556 - Path: Assets/Scripts/NoteData.cs - Importer: PreviewImporter' with importer (PreviewImporter)
Imported 'GUID: 75cb18e76ac9c480a807fe3eec6f6556' -> (Import Result ID: 'ace2cac8e363410e10ecc259ff043cc6') in 0.000 seconds [static and dynamic dependencies]. Details - ImportResultOutputID=9f6af744735c98cf5a50d39e97eb395e DependenciesID=ce5f7525aa42993566524c57e1c38c09 StaticDependenciesID=5f5a742bbc3fda841f28fee8fb976735 
Number of updated asset objects reloaded before import = 0
Number of asset objects unloaded after import = 0
========================================================================
Received Import Request.
  Time of request: 2026-09-21T20:17:15.091471Z
  Time since last request: 0.003725333 seconds.
  importAddress: GUID: 75cb18e76ac9c480a807fe3eec6f6556 - Path: Assets/Scripts/NoteData.cs - Importer: PreviewImporter
Importing 'GUID: 75cb18e76ac9c480a807fe3eec6f6556 - Path: Assets/Scripts/NoteData.cs - Importer: PreviewImporter' with importer (PreviewImporter)
Imported 'GUID: 75cb18e76ac9c480a807fe3eec6f6556' -> (Import Result ID: 'ace2cac8e363410e10ecc259ff043cc6') in 0.000 seconds [static and dynamic dependencies]. Details - ImportResultOutputID=9f6af744735c98cf5a50d39e97eb395e DependenciesID=ce5f7525aa42993566524c57e1c38c09 StaticDependenciesID=5f5a742bbc3fda841f28fee8fb976735 
Number of updated asset objects reloaded before import = 0
Number of asset objects unloaded after import = 0
========================================================================
Received Import Request.
  Time of request: 2026-09-21T20:17:15.095537Z
  Time since last request: 0.00389125 seconds.
  importAddress: GUID: 75cb18e76ac9c480a807fe3eec6f6556 - Path: Assets/Scripts/NoteData.cs - Importer: PreviewImporter
Importing 'GUID: 75cb18e76ac9c480a807fe3eec6f6556 - Path: Assets/Scripts/NoteData.cs - Importer: PreviewImporter' with importer (PreviewImporter)
Imported 'GUID: 75cb18e76ac9c480a807fe3eec6f6556' -> (Import Result ID: 'ace2cac8e363410e10ecc259ff043cc6') in 0.000 seconds [static and dynamic dependencies]. Details - ImportResultOutputID=9f6af744735c98cf5a50d39e97eb395e DependenciesID=ce5f7525aa42993566524c57e1c38c09 StaticDependenciesID=5f5a742bbc3fda841f28fee8fb976735 
Number of updated asset objects reloaded before import = 0
Number of asset objects unloaded after import = 0
========================================================================
Received Import Request.
  Time of request: 2026-09-21T20:17:15.099465Z
  Time since last request: 0.003749583 seconds.
  importAddress: GUID: 75cb18e76ac9c480a807fe3eec6f6556 - Path: Assets/Scripts/NoteData.cs - Importer: PreviewImporter
Importing 'GUID: 75cb18e76ac9c480a807fe3eec6f6556 - Path: Assets/Scripts/NoteData.cs - Importer: PreviewImporter' with importer (PreviewImporter)
Imported 'GUID: 75cb18e76ac9c480a807fe3eec6f6556' -> (Import Result ID: 'ace2cac8e363410e10ecc259ff043cc6') in 0.000 seconds [static and dynamic dependencies]. Details - ImportResultOutputID=9f6af744735c98cf5a50d39e97eb395e DependenciesID=ce5f7525aa42993566524c57e1c38c09 StaticDependenciesID=5f5a742bbc3fda841f28fee8fb976735 
Number of updated asset objects reloaded before import = 0
Number of asset objects unloaded after import = 0
========================================================================
Received Import Request.
  Time of request: 2026-09-21T20:17:15.103622Z
  Time since last request: 0.003784583 seconds.
  importAddress: GUID: 75cb18e76ac9c480a807fe3eec6f6556 - Path: Assets/Scripts/NoteData.cs - Importer: PreviewImporter
Importing 'GUID: 75cb18e76ac9c480a807fe3eec6f6556 - Path: Assets/Scripts/NoteData.cs - Importer: PreviewImporter' with importer (PreviewImporter)
Imported 'GUID: 75cb18e76ac9c480a807fe3eec6f6556' -> (Import Result ID: 'ace2cac8e363410e10ecc259ff043cc6') in 0.000 seconds [static and dynamic dependencies]. Details - ImportResultOutputID=9f6af744735c98cf5a50d39e97eb395e DependenciesID=ce5f7525aa42993566524c57e1c38c09 StaticDependenciesID=5f5a742bbc3fda841f28fee8fb976735 
Number of updated asset objects reloaded before import = 0
Number of asset objects unloaded after import = 0
========================================================================
Received Import Request.
  Time of request: 2026-09-21T20:17:15.107657Z
  Time since last request: 0.0038265 seconds.
  importAddress: GUID: 75cb18e76ac9c480a807fe3eec6f6556 - Path: Assets/Scripts/NoteData.cs - Importer: PreviewImporter
Importing 'GUID: 75cb18e76ac9c480a807fe3eec6f6556 - Path: Assets/Scripts/NoteData.cs - Importer: PreviewImporter' with importer (PreviewImporter)
Imported 'GUID: 75cb18e76ac9c480a807fe3eec6f6556' -> (Import Result ID: 'ace2cac8e363410e10ecc259ff043cc6') in 0.000 seconds [static and dynamic dependencies]. Details - ImportResultOutputID=9f6af744735c98cf5a50d39e97eb395e DependenciesID=ce5f7525aa42993566524c57e1c38c09 StaticDependenciesID=5f5a742bbc3fda841f28fee8fb976735 
Number of updated asset objects reloaded before import = 0
Number of asset objects unloaded after import = 0
========================================================================
Received Import Request.
  Time of request: 2026-09-21T20:17:15.111717Z
  Time since last request: 0.003890458 seconds.
  importAddress: GUID: 75cb18e76ac9c480a807fe3eec6f6556 - Path: Assets/Scripts/NoteData.cs - Importer: PreviewImporter
Importing 'GUID: 75cb18e76ac9c480a807fe3eec6f6556 - Path: Assets/Scripts/NoteData.cs - Importer: PreviewImporter' with importer (PreviewImporter)
Imported 'GUID: 75cb18e76ac9c480a807fe3eec6f6556' -> (Import Result ID: 'ace2cac8e363410e10ecc259ff043cc6') in 0.000 seconds [static and dynamic dependencies]. Details - ImportResultOutputID=9f6af744735c98cf5a50d39e97eb395e DependenciesID=ce5f7525aa42993566524c57e1c38c09 StaticDependenciesID=5f5a742bbc3fda841f28fee8fb976735 
Number of updated asset objects reloaded before import = 0
Number of asset objects unloaded after import = 0
========================================================================
Received Import Request.
  Time of request: 2026-09-21T20:17:15.11588Z
  Time since last request: 0.003991417 seconds.
  importAddress: GUID: 75cb18e76ac9c480a807fe3eec6f6556 - Path: Assets/Scripts/NoteData.cs - Importer: PreviewImporter
Importing 'GUID: 75cb18e76ac9c480a807fe3eec6f6556 - Path: Assets/Scripts/NoteData.cs - Importer: PreviewImporter' with importer (PreviewImporter)
Imported 'GUID: 75cb18e76ac9c480a807fe3eec6f6556' -> (Import Result ID: 'ace2cac8e363410e10ecc259ff043cc6') in 0.000 seconds [static and dynamic dependencies]. Details - ImportResultOutputID=9f6af744735c98cf5a50d39e97eb395e DependenciesID=ce5f7525aa42993566524c57e1c38c09 StaticDependenciesID=5f5a742bbc3fda841f28fee8fb976735 
Number of updated asset objects reloaded before import = 0
Number of asset objects unloaded after import = 0
========================================================================
Received Import Request.
  Time of request: 2026-09-21T20:17:15.119898Z
  Time since last request: 0.003832542 seconds.
  importAddress: GUID: 75cb18e76ac9c480a807fe3eec6f6556 - Path: Assets/Scripts/NoteData.cs - Importer: PreviewImporter
Importing 'GUID: 75cb18e76ac9c480a807fe3eec6f6556 - Path: Assets/Scripts/NoteData.cs - Importer: PreviewImporter' with importer (PreviewImporter)
Imported 'GUID: 75cb18e76ac9c480a807fe3eec6f6556' -> (Import Result ID: 'ace2cac8e363410e10ecc259ff043cc6') in 0.000 seconds [static and dynamic dependencies]. Details - ImportResultOutputID=9f6af744735c98cf5a50d39e97eb395e DependenciesID=ce5f7525aa42993566524c57e1c38c09 StaticDependenciesID=5f5a742bbc3fda841f28fee8fb976735 
Number of updated asset objects reloaded before import = 0
Number of asset objects unloaded after import = 0
========================================================================
Received Import Request.
  Time of request: 2026-09-21T20:17:15.124002Z
  Time since last request: 0.003907583 seconds.
  importAddress: GUID: 75cb18e76ac9c480a807fe3eec6f6556 - Path: Assets/Scripts/NoteData.cs - Importer: PreviewImporter
Importing 'GUID: 75cb18e76ac9c480a807fe3eec6f6556 - Path: Assets/Scripts/NoteData.cs - Importer: PreviewImporter' with importer (PreviewImporter)
Imported 'GUID: 75cb18e76ac9c480a807fe3eec6f6556' -> (Import Result ID: 'ace2cac8e363410e10ecc259ff043cc6') in 0.000 seconds [static and dynamic dependencies]. Details - ImportResultOutputID=9f6af744735c98cf5a50d39e97eb395e DependenciesID=ce5f7525aa42993566524c57e1c38c09 StaticDependenciesID=5f5a742bbc3fda841f28fee8fb976735 
Number of updated asset objects reloaded before import = 0
Number of asset objects unloaded after import = 0
========================================================================
Received Import Request.
  Time of request: 2026-09-21T20:17:15.127973Z
  Time since last request: 0.003773792 seconds.
  importAddress: GUID: 75cb18e76ac9c480a807fe3eec6f6556 - Path: Assets/Scripts/NoteData.cs - Importer: PreviewImporter
Importing 'GUID: 75cb18e76ac9c480a807fe3eec6f6556 - Path: Assets/Scripts/NoteData.cs - Importer: PreviewImporter' with importer (PreviewImporter)
Imported 'GUID: 75cb18e76ac9c480a807fe3eec6f6556' -> (Import Result ID: 'ace2cac8e363410e10ecc259ff043cc6') in 0.000 seconds [static and dynamic dependencies]. Details - ImportResultOutputID=9f6af744735c98cf5a50d39e97eb395e DependenciesID=ce5f7525aa42993566524c57e1c38c09 StaticDependenciesID=5f5a742bbc3fda841f28fee8fb976735 
Number of updated asset objects reloaded before import = 0
Number of asset objects unloaded after import = 0
========================================================================
Received Import Request.
  Time of request: 2026-09-21T20:17:15.132004Z
  Time since last request: 0.003880292 seconds.
  importAddress: GUID: 75cb18e76ac9c480a807fe3eec6f6556 - Path: Assets/Scripts/NoteData.cs - Importer: PreviewImporter
Importing 'GUID: 75cb18e76ac9c480a807fe3eec6f6556 - Path: Assets/Scripts/NoteData.cs - Importer: PreviewImporter' with importer (PreviewImporter)
Imported 'GUID: 75cb18e76ac9c480a807fe3eec6f6556' -> (Import Result ID: 'ace2cac8e363410e10ecc259ff043cc6') in 0.000 seconds [static and dynamic dependencies]. Details - ImportResultOutputID=9f6af744735c98cf5a50d39e97eb395e DependenciesID=ce5f7525aa42993566524c57e1c38c09 StaticDependenciesID=5f5a742bbc3fda841f28fee8fb976735 
Number of updated asset objects reloaded before import = 0
Number of asset objects unloaded after import = 0
========================================================================
Received Import Request.
  Time of request: 2026-09-21T20:17:15.136107Z
  Time since last request: 0.003936416 seconds.
  importAddress: GUID: 75cb18e76ac9c480a807fe3eec6f6556 - Path: Assets/Scripts/NoteData.cs - Importer: PreviewImporter
Importing 'GUID: 75cb18e76ac9c480a807fe3eec6f6556 - Path: Assets/Scripts/NoteData.cs - Importer: PreviewImporter' with importer (PreviewImporter)
Imported 'GUID: 75cb18e76ac9c480a807fe3eec6f6556' -> (Import Result ID: 'ace2cac8e363410e10ecc259ff043cc6') in 0.000 seconds [static and dynamic dependencies]. Details - ImportResultOutputID=9f6af744735c98cf5a50d39e97eb395e DependenciesID=ce5f7525aa42993566524c57e1c38c09 StaticDependenciesID=5f5a742bbc3fda841f28fee8fb976735 
Number of updated asset objects reloaded before import = 0
Number of asset objects unloaded after import = 0
========================================================================
Received Import Request.
  Time of request: 2026-09-21T20:17:15.140149Z
  Time since last request: 0.003880833 seconds.
  importAddress: GUID: 75cb18e76ac9c480a807fe3eec6f6556 - Path: Assets/Scripts/NoteData.cs - Importer: PreviewImporter
Importing 'GUID: 75cb18e76ac9c480a807fe3eec6f6556 - Path: Assets/Scripts/NoteData.cs - Importer: PreviewImporter' with importer (PreviewImporter)
Imported 'GUID: 75cb18e76ac9c480a807fe3eec6f6556' -> (Import Result ID: 'ace2cac8e363410e10ecc259ff043cc6') in 0.000 seconds [static and dynamic dependencies]. Details - ImportResultOutputID=9f6af744735c98cf5a50d39e97eb395e DependenciesID=ce5f7525aa42993566524c57e1c38c09 StaticDependenciesID=5f5a742bbc3fda841f28fee8fb976735 
Number of updated asset objects reloaded before import = 0
Number of asset objects unloaded after import = 0
========================================================================
Received Import Request.
  Time of request: 2026-09-21T20:17:15.14416Z
  Time since last request: 0.003862417 seconds.
  importAddress: GUID: 75cb18e76ac9c480a807fe3eec6f6556 - Path: Assets/Scripts/NoteData.cs - Importer: PreviewImporter
Importing 'GUID: 75cb18e76ac9c480a807fe3eec6f6556 - Path: Assets/Scripts/NoteData.cs - Importer: PreviewImporter' with importer (PreviewImporter)
Imported 'GUID: 75cb18e76ac9c480a807fe3eec6f6556' -> (Import Result ID: 'ace2cac8e363410e10ecc259ff043cc6') in 0.000 seconds [static and dynamic dependencies]. Details - ImportResultOutputID=9f6af744735c98cf5a50d39e97eb395e DependenciesID=ce5f7525aa42993566524c57e1c38c09 StaticDependenciesID=5f5a742bbc3fda841f28fee8fb976735 
Number of updated asset objects reloaded before import = 0
Number of asset objects unloaded after import = 0
========================================================================
Received Import Request.
  Time of request: 2026-09-21T20:17:15.148242Z
  Time since last request: 0.003946042 seconds.
  importAddress: GUID: 75cb18e76ac9c480a807fe3eec6f6556 - Path: Assets/Scripts/NoteData.cs - Importer: PreviewImporter
Importing 'GUID: 75cb18e76ac9c480a807fe3eec6f6556 - Path: Assets/Scripts/NoteData.cs - Importer: PreviewImporter' with importer (PreviewImporter)
Imported 'GUID: 75cb18e76ac9c480a807fe3eec6f6556' -> (Import Result ID: 'ace2cac8e363410e10ecc259ff043cc6') in 0.000 seconds [static and dynamic dependencies]. Details - ImportResultOutputID=9f6af744735c98cf5a50d39e97eb395e DependenciesID=ce5f7525aa42993566524c57e1c38c09 StaticDependenciesID=5f5a742bbc3fda841f28fee8fb976735 
Number of updated asset objects reloaded before import = 0
Number of asset objects unloaded after import = 0
========================================================================
Received Import Request.
  Time of request: 2026-09-21T20:17:15.152279Z
  Time since last request: 0.00387825 seconds.
  importAddress: GUID: 75cb18e76ac9c480a807fe3eec6f6556 - Path: Assets/Scripts/NoteData.cs - Importer: PreviewImporter
Importing 'GUID: 75cb18e76ac9c480a807fe3eec6f6556 - Path: Assets/Scripts/NoteData.cs - Importer: PreviewImporter' with importer (PreviewImporter)
Imported 'GUID: 75cb18e76ac9c480a807fe3eec6f6556' -> (Import Result ID: 'ace2cac8e363410e10ecc259ff043cc6') in 0.000 seconds [static and dynamic dependencies]. Details - ImportResultOutputID=9f6af744735c98cf5a50d39e97eb395e DependenciesID=ce5f7525aa42993566524c57e1c38c09 StaticDependenciesID=5f5a742bbc3fda841f28fee8fb976735 
Number of updated asset objects reloaded before import = 0
Number of asset objects unloaded after import = 0
========================================================================
Received Import Request.
  Time of request: 2026-09-21T20:17:15.156326Z
  Time since last request: 0.003901166 seconds.
  importAddress: GUID: 75cb18e76ac9c480a807fe3eec6f6556 - Path: Assets/Scripts/NoteData.cs - Importer: PreviewImporter
Importing 'GUID: 75cb18e76ac9c480a807fe3eec6f6556 - Path: Assets/Scripts/NoteData.cs - Importer: PreviewImporter' with importer (PreviewImporter)
Imported 'GUID: 75cb18e76ac9c480a807fe3eec6f6556' -> (Import Result ID: 'ace2cac8e363410e10ecc259ff043cc6') in 0.000 seconds [static and dynamic dependencies]. Details - ImportResultOutputID=9f6af744735c98cf5a50d39e97eb395e DependenciesID=ce5f7525aa42993566524c57e1c38c09 StaticDependenciesID=5f5a742bbc3fda841f28fee8fb976735 
Number of updated asset objects reloaded before import = 0
Number of asset objects unloaded after import = 0
========================================================================
Received Import Request.
  Time of request: 2026-09-21T20:17:15.160305Z
  Time since last request: 0.003845542 seconds.
  importAddress: GUID: 75cb18e76ac9c480a807fe3eec6f6556 - Path: Assets/Scripts/NoteData.cs - Importer: PreviewImporter
Importing 'GUID: 75cb18e76ac9c480a807fe3eec6f6556 - Path: Assets/Scripts/NoteData.cs - Importer: PreviewImporter' with importer (PreviewImporter)
Imported 'GUID: 75cb18e76ac9c480a807fe3eec6f6556' -> (Import Result ID: 'ace2cac8e363410e10ecc259ff043cc6') in 0.000 seconds [static and dynamic dependencies]. Details - ImportResultOutputID=9f6af744735c98cf5a50d39e97eb395e DependenciesID=ce5f7525aa42993566524c57e1c38c09 StaticDependenciesID=5f5a742bbc3fda841f28fee8fb976735 
Number of updated asset objects reloaded before import = 0
Number of asset objects unloaded after import = 0
========================================================================
Received Import Request.
  Time of request: 2026-09-21T20:17:15.164405Z
  Time since last request: 0.003946959 seconds.
  importAddress: GUID: 75cb18e76ac9c480a807fe3eec6f6556 - Path: Assets/Scripts/NoteData.cs - Importer: PreviewImporter
Importing 'GUID: 75cb18e76ac9c480a807fe3eec6f6556 - Path: Assets/Scripts/NoteData.cs - Importer: PreviewImporter' with importer (PreviewImporter)
Imported 'GUID: 75cb18e76ac9c480a807fe3eec6f6556' -> (Import Result ID: 'ace2cac8e363410e10ecc259ff043cc6') in 0.000 seconds [static and dynamic dependencies]. Details - ImportResultOutputID=9f6af744735c98cf5a50d39e97eb395e DependenciesID=ce5f7525aa42993566524c57e1c38c09 StaticDependenciesID=5f5a742bbc3fda841f28fee8fb976735 
Number of updated asset objects reloaded before import = 0
Number of asset objects unloaded after import = 0
========================================================================
Received Import Request.
  Time of request: 2026-09-21T20:17:15.168375Z
  Time since last request: 0.003808792 seconds.
  importAddress: GUID: 75cb18e76ac9c480a807fe3eec6f6556 - Path: Assets/Scripts/NoteData.cs - Importer: PreviewImporter
Importing 'GUID: 75cb18e76ac9c480a807fe3eec6f6556 - Path: Assets/Scripts/NoteData.cs - Importer: PreviewImporter' with importer (PreviewImporter)
Imported 'GUID: 75cb18e76ac9c480a807fe3eec6f6556' -> (Import Result ID: 'ace2cac8e363410e10ecc259ff043cc6') in 0.000 seconds [static and dynamic dependencies]. Details - ImportResultOutputID=9f6af744735c98cf5a50d39e97eb395e DependenciesID=ce5f7525aa42993566524c57e1c38c09 StaticDependenciesID=5f5a742bbc3fda841f28fee8fb976735 
Number of updated asset objects reloaded before import = 0
Number of asset objects unloaded after import = 0
========================================================================
Received Import Request.
  Time of request: 2026-09-21T20:17:15.172544Z
  Time since last request: 0.004020125 seconds.
  importAddress: GUID: 75cb18e76ac9c480a807fe3eec6f6556 - Path: Assets/Scripts/NoteData.cs - Importer: PreviewImporter
Importing 'GUID: 75cb18e76ac9c480a807fe3eec6f6556 - Path: Assets/Scripts/NoteData.cs - Importer: PreviewImporter' with importer (PreviewImporter)
Imported 'GUID: 75cb18e76ac9c480a807fe3eec6f6556' -> (Import Result ID: 'ace2cac8e363410e10ecc259ff043cc6') in 0.000 seconds [static and dynamic dependencies]. Details - ImportResultOutputID=9f6af744735c98cf5a50d39e97eb395e DependenciesID=ce5f7525aa42993566524c57e1c38c09 StaticDependenciesID=5f5a742bbc3fda841f28fee8fb976735 
Number of updated asset objects reloaded before import = 0
Number of asset objects unloaded after import = 0
========================================================================
Received Import Request.
  Time of request: 2026-09-21T20:17:15.176637Z
  Time since last request: 0.003945334 seconds.
  importAddress: GUID: 75cb18e76ac9c480a807fe3eec6f6556 - Path: Assets/Scripts/NoteData.cs - Importer: PreviewImporter
Importing 'GUID: 75cb18e76ac9c480a807fe3eec6f6556 - Path: Assets/Scripts/NoteData.cs - Importer: PreviewImporter' with importer (PreviewImporter)
Imported 'GUID: 75cb18e76ac9c480a807fe3eec6f6556' -> (Import Result ID: 'ace2cac8e363410e10ecc259ff043cc6') in 0.000 seconds [static and dynamic dependencies]. Details - ImportResultOutputID=9f6af744735c98cf5a50d39e97eb395e DependenciesID=ce5f7525aa42993566524c57e1c38c09 StaticDependenciesID=5f5a742bbc3fda841f28fee8fb976735 
Number of updated asset objects reloaded before import = 0
Number of asset objects unloaded after import = 0
========================================================================
Received Import Request.
  Time of request: 2026-09-21T20:17:15.180827Z
  Time since last request: 0.004027375 seconds.
  importAddress: GUID: 75cb18e76ac9c480a807fe3eec6f6556 - Path: Assets/Scripts/NoteData.cs - Importer: PreviewImporter
Importing 'GUID: 75cb18e76ac9c480a807fe3eec6f6556 - Path: Assets/Scripts/NoteData.cs - Importer: PreviewImporter' with importer (PreviewImporter)
Imported 'GUID: 75cb18e76ac9c480a807fe3eec6f6556' -> (Import Result ID: 'ace2cac8e363410e10ecc259ff043cc6') in 0.000 seconds [static and dynamic dependencies]. Details - ImportResultOutputID=9f6af744735c98cf5a50d39e97eb395e DependenciesID=ce5f7525aa42993566524c57e1c38c09 StaticDependenciesID=5f5a742bbc3fda841f28fee8fb976735 
Number of updated asset objects reloaded before import = 0
Number of asset objects unloaded after import = 0
========================================================================
Received Import Request.
  Time of request: 2026-09-21T20:17:15.184745Z
  Time since last request: 0.003771625 seconds.
  importAddress: GUID: 75cb18e76ac9c480a807fe3eec6f6556 - Path: Assets/Scripts/NoteData.cs - Importer: PreviewImporter
Importing 'GUID: 75cb18e76ac9c480a807fe3eec6f6556 - Path: Assets/Scripts/NoteData.cs - Importer: PreviewImporter' with importer (PreviewImporter)
Imported 'GUID: 75cb18e76ac9c480a807fe3eec6f6556' -> (Import Result ID: 'ace2cac8e363410e10ecc259ff043cc6') in 0.000 seconds [static and dynamic dependencies]. Details - ImportResultOutputID=9f6af744735c98cf5a50d39e97eb395e DependenciesID=ce5f7525aa42993566524c57e1c38c09 StaticDependenciesID=5f5a742bbc3fda841f28fee8fb976735 
Number of updated asset objects reloaded before import = 0
Number of asset objects unloaded after import = 0
========================================================================
Received Import Request.
  Time of request: 2026-09-21T20:17:15.188802Z
  Time since last request: 0.003915208 seconds.
  importAddress: GUID: 75cb18e76ac9c480a807fe3eec6f6556 - Path: Assets/Scripts/NoteData.cs - Importer: PreviewImporter
Importing 'GUID: 75cb18e76ac9c480a807fe3eec6f6556 - Path: Assets/Scripts/NoteData.cs - Importer: PreviewImporter' with importer (PreviewImporter)
Imported 'GUID: 75cb18e76ac9c480a807fe3eec6f6556' -> (Import Result ID: 'ace2cac8e363410e10ecc259ff043cc6') in 0.000 seconds [static and dynamic dependencies]. Details - ImportResultOutputID=9f6af744735c98cf5a50d39e97eb395e DependenciesID=ce5f7525aa42993566524c57e1c38c09 StaticDependenciesID=5f5a742bbc3fda841f28fee8fb976735 
Number of updated asset objects reloaded before import = 0
Number of asset objects unloaded after import = 0
========================================================================
Received Import Request.
  Time of request: 2026-09-21T20:17:15.192843Z
  Time since last request: 0.003878709 seconds.
  importAddress: GUID: 75cb18e76ac9c480a807fe3eec6f6556 - Path: Assets/Scripts/NoteData.cs - Importer: PreviewImporter
Importing 'GUID: 75cb18e76ac9c480a807fe3eec6f6556 - Path: Assets/Scripts/NoteData.cs - Importer: PreviewImporter' with importer (PreviewImporter)
Imported 'GUID: 75cb18e76ac9c480a807fe3eec6f6556' -> (Import Result ID: 'ace2cac8e363410e10ecc259ff043cc6') in 0.000 seconds [static and dynamic dependencies]. Details - ImportResultOutputID=9f6af744735c98cf5a50d39e97eb395e DependenciesID=ce5f7525aa42993566524c57e1c38c09 StaticDependenciesID=5f5a742bbc3fda841f28fee8fb976735 
Number of updated asset objects reloaded before import = 0
Number of asset objects unloaded after import = 0
========================================================================
Received Import Request.
  Time of request: 2026-09-21T20:17:15.196876Z
  Time since last request: 0.003879417 seconds.
  importAddress: GUID: 75cb18e76ac9c480a807fe3eec6f6556 - Path: Assets/Scripts/NoteData.cs - Importer: PreviewImporter
Importing 'GUID: 75cb18e76ac9c480a807fe3eec6f6556 - Path: Assets/Scripts/NoteData.cs - Importer: PreviewImporter' with importer (PreviewImporter)
Imported 'GUID: 75cb18e76ac9c480a807fe3eec6f6556' -> (Import Result ID: 'ace2cac8e363410e10ecc259ff043cc6') in 0.000 seconds [static and dynamic dependencies]. Details - ImportResultOutputID=9f6af744735c98cf5a50d39e97eb395e DependenciesID=ce5f7525aa42993566524c57e1c38c09 StaticDependenciesID=5f5a742bbc3fda841f28fee8fb976735 
Number of updated asset objects reloaded before import = 0
Number of asset objects unloaded after import = 0
========================================================================
Received Import Request.
  Time of request: 2026-09-21T20:17:15.201Z
  Time since last request: 0.003980542 seconds.
  importAddress: GUID: 75cb18e76ac9c480a807fe3eec6f6556 - Path: Assets/Scripts/NoteData.cs - Importer: PreviewImporter
Importing 'GUID: 75cb18e76ac9c480a807fe3eec6f6556 - Path: Assets/Scripts/NoteData.cs - Importer: PreviewImporter' with importer (PreviewImporter)
Imported 'GUID: 75cb18e76ac9c480a807fe3eec6f6556' -> (Import Result ID: 'ace2cac8e363410e10ecc259ff043cc6') in 0.000 seconds [static and dynamic dependencies]. Details - ImportResultOutputID=9f6af744735c98cf5a50d39e97eb395e DependenciesID=ce5f7525aa42993566524c57e1c38c09 StaticDependenciesID=5f5a742bbc3fda841f28fee8fb976735 
Number of updated asset objects reloaded before import = 0
Number of asset objects unloaded after import = 0
========================================================================
Received Import Request.
  Time of request: 2026-09-21T20:17:15.205007Z
  Time since last request: 0.003863 seconds.
  importAddress: GUID: 75cb18e76ac9c480a807fe3eec6f6556 - Path: Assets/Scripts/NoteData.cs - Importer: PreviewImporter
Importing 'GUID: 75cb18e76ac9c480a807fe3eec6f6556 - Path: Assets/Scripts/NoteData.cs - Importer: PreviewImporter' with importer (PreviewImporter)
Imported 'GUID: 75cb18e76ac9c480a807fe3eec6f6556' -> (Import Result ID: 'ace2cac8e363410e10ecc259ff043cc6') in 0.000 seconds [static and dynamic dependencies]. Details - ImportResultOutputID=9f6af744735c98cf5a50d39e97eb395e DependenciesID=ce5f7525aa42993566524c57e1c38c09 StaticDependenciesID=5f5a742bbc3fda841f28fee8fb976735 
Number of updated asset objects reloaded before import = 0
Number of asset objects unloaded after import = 0
========================================================================
Received Import Request.
  Time of request: 2026-09-21T20:17:15.209067Z
  Time since last request: 0.003908084 seconds.
  importAddress: GUID: 75cb18e76ac9c480a807fe3eec6f6556 - Path: Assets/Scripts/NoteData.cs - Importer: PreviewImporter
Importing 'GUID: 75cb18e76ac9c480a807fe3eec6f6556 - Path: Assets/Scripts/NoteData.cs - Importer: PreviewImporter' with importer (PreviewImporter)
Imported 'GUID: 75cb18e76ac9c480a807fe3eec6f6556' -> (Import Result ID: 'ace2cac8e363410e10ecc259ff043cc6') in 0.000 seconds [static and dynamic dependencies]. Details - ImportResultOutputID=9f6af744735c98cf5a50d39e97eb395e DependenciesID=ce5f7525aa42993566524c57e1c38c09 StaticDependenciesID=5f5a742bbc3fda841f28fee8fb976735 
Number of updated asset objects reloaded before import = 0
Number of asset objects unloaded after import = 0
========================================================================
Received Import Request.
  Time of request: 2026-09-21T20:17:15.213126Z
  Time since last request: 0.00392125 seconds.
  importAddress: GUID: 75cb18e76ac9c480a807fe3eec6f6556 - Path: Assets/Scripts/NoteData.cs - Importer: PreviewImporter
Importing 'GUID: 75cb18e76ac9c480a807fe3eec6f6556 - Path: Assets/Scripts/NoteData.cs - Importer: PreviewImporter' with importer (PreviewImporter)
Imported 'GUID: 75cb18e76ac9c480a807fe3eec6f6556' -> (Import Result ID: 'ace2cac8e363410e10ecc259ff043cc6') in 0.000 seconds [static and dynamic dependencies]. Details - ImportResultOutputID=9f6af744735c98cf5a50d39e97eb395e DependenciesID=ce5f7525aa42993566524c57e1c38c09 StaticDependenciesID=5f5a742bbc3fda841f28fee8fb976735 
Number of updated asset objects reloaded before import = 0
Number of asset objects unloaded after import = 0
========================================================================
Received Import Request.
  Time of request: 2026-09-21T20:17:15.217237Z
  Time since last request: 0.003970917 seconds.
  importAddress: GUID: 75cb18e76ac9c480a807fe3eec6f6556 - Path: Assets/Scripts/NoteData.cs - Importer: PreviewImporter
Importing 'GUID: 75cb18e76ac9c480a807fe3eec6f6556 - Path: Assets/Scripts/NoteData.cs - Importer: PreviewImporter' with importer (PreviewImporter)
Imported 'GUID: 75cb18e76ac9c480a807fe3eec6f6556' -> (Import Result ID: 'ace2cac8e363410e10ecc259ff043cc6') in 0.000 seconds [static and dynamic dependencies]. Details - ImportResultOutputID=9f6af744735c98cf5a50d39e97eb395e DependenciesID=ce5f7525aa42993566524c57e1c38c09 StaticDependenciesID=5f5a742bbc3fda841f28fee8fb976735 
Number of updated asset objects reloaded before import = 0
Number of asset objects unloaded after import = 0
========================================================================
Received Import Request.
  Time of request: 2026-09-21T20:17:15.22118Z
  Time since last request: 0.003800958 seconds.
  importAddress: GUID: 75cb18e76ac9c480a807fe3eec6f6556 - Path: Assets/Scripts/NoteData.cs - Importer: PreviewImporter
Importing 'GUID: 75cb18e76ac9c480a807fe3eec6f6556 - Path: Assets/Scripts/NoteData.cs - Importer: PreviewImporter' with importer (PreviewImporter)
Imported 'GUID: 75cb18e76ac9c480a807fe3eec6f6556' -> (Import Result ID: 'ace2cac8e363410e10ecc259ff043cc6') in 0.000 seconds [static and dynamic dependencies]. Details - ImportResultOutputID=9f6af744735c98cf5a50d39e97eb395e DependenciesID=ce5f7525aa42993566524c57e1c38c09 StaticDependenciesID=5f5a742bbc3fda841f28fee8fb976735 
Number of updated asset objects reloaded before import = 0
Number of asset objects unloaded after import = 0
========================================================================
Received Import Request.
  Time of request: 2026-09-21T20:17:15.225244Z
  Time since last request: 0.00393125 seconds.
  importAddress: GUID: 75cb18e76ac9c480a807fe3eec6f6556 - Path: Assets/Scripts/NoteData.cs - Importer: PreviewImporter
Importing 'GUID: 75cb18e76ac9c480a807fe3eec6f6556 - Path: Assets/Scripts/NoteData.cs - Importer: PreviewImporter' with importer (PreviewImporter)
Imported 'GUID: 75cb18e76ac9c480a807fe3eec6f6556' -> (Import Result ID: 'ace2cac8e363410e10ecc259ff043cc6') in 0.000 seconds [static and dynamic dependencies]. Details - ImportResultOutputID=9f6af744735c98cf5a50d39e97eb395e DependenciesID=ce5f7525aa42993566524c57e1c38c09 StaticDependenciesID=5f5a742bbc3fda841f28fee8fb976735 
Number of updated asset objects reloaded before import = 0
Number of asset objects unloaded after import = 0
========================================================================
Received Import Request.
  Time of request: 2026-09-21T20:17:15.239919Z
  Time since last request: 0.014514125 seconds.
  importAddress: GUID: 75cb18e76ac9c480a807fe3eec6f6556 - Path: Assets/Scripts/NoteData.cs - Importer: PreviewImporter
Importing 'GUID: 75cb18e76ac9c480a807fe3eec6f6556 - Path: Assets/Scripts/NoteData.cs - Importer: PreviewImporter' with importer (PreviewImporter)
Imported 'GUID: 75cb18e76ac9c480a807fe3eec6f6556' -> (Import Result ID: 'ace2cac8e363410e10ecc259ff043cc6') in 0.000 seconds [static and dynamic dependencies]. Details - ImportResultOutputID=9f6af744735c98cf5a50d39e97eb395e DependenciesID=ce5f7525aa42993566524c57e1c38c09 StaticDependenciesID=5f5a742bbc3fda841f28fee8fb976735 
Number of updated asset objects reloaded before import = 0
Number of asset objects unloaded after import = 0
========================================================================
Received Import Request.
  Time of request: 2026-09-21T20:17:15.243573Z
  Time since last request: 0.003384458 seconds.
  importAddress: GUID: 75cb18e76ac9c480a807fe3eec6f6556 - Path: Assets/Scripts/NoteData.cs - Importer: PreviewImporter
Importing 'GUID: 75cb18e76ac9c480a807fe3eec6f6556 - Path: Assets/Scripts/NoteData.cs - Importer: PreviewImporter' with importer (PreviewImporter)
Imported 'GUID: 75cb18e76ac9c480a807fe3eec6f6556' -> (Import Result ID: 'ace2cac8e363410e10ecc259ff043cc6') in 0.000 seconds [static and dynamic dependencies]. Details - ImportResultOutputID=9f6af744735c98cf5a50d39e97eb395e DependenciesID=ce5f7525aa42993566524c57e1c38c09 StaticDependenciesID=5f5a742bbc3fda841f28fee8fb976735 
Number of updated asset objects reloaded before import = 0
Number of asset objects unloaded after import = 0
========================================================================
Received Import Request.
  Time of request: 2026-09-21T20:17:15.247717Z
  Time since last request: 0.003917917 seconds.
  importAddress: GUID: 75cb18e76ac9c480a807fe3eec6f6556 - Path: Assets/Scripts/NoteData.cs - Importer: PreviewImporter
Importing 'GUID: 75cb18e76ac9c480a807fe3eec6f6556 - Path: Assets/Scripts/NoteData.cs - Importer: PreviewImporter' with importer (PreviewImporter)
Imported 'GUID: 75cb18e76ac9c480a807fe3eec6f6556' -> (Import Result ID: 'ace2cac8e363410e10ecc259ff043cc6') in 0.000 seconds [static and dynamic dependencies]. Details - ImportResultOutputID=9f6af744735c98cf5a50d39e97eb395e DependenciesID=ce5f7525aa42993566524c57e1c38c09 StaticDependenciesID=5f5a742bbc3fda841f28fee8fb976735 
Number of updated asset objects reloaded before import = 0
Number of asset objects unloaded after import = 0
========================================================================
Received Import Request.
  Time of request: 2026-09-21T20:17:15.251753Z
  Time since last request: 0.003854417 seconds.
  importAddress: GUID: 75cb18e76ac9c480a807fe3eec6f6556 - Path: Assets/Scripts/NoteData.cs - Importer: PreviewImporter
Importing 'GUID: 75cb18e76ac9c480a807fe3eec6f6556 - Path: Assets/Scripts/NoteData.cs - Importer: PreviewImporter' with importer (PreviewImporter)
Imported 'GUID: 75cb18e76ac9c480a807fe3eec6f6556' -> (Import Result ID: 'ace2cac8e363410e10ecc259ff043cc6') in 0.000 seconds [static and dynamic dependencies]. Details - ImportResultOutputID=9f6af744735c98cf5a50d39e97eb395e DependenciesID=ce5f7525aa42993566524c57e1c38c09 StaticDependenciesID=5f5a742bbc3fda841f28fee8fb976735 
Number of updated asset objects reloaded before import = 0
Number of asset objects unloaded after import = 0
========================================================================
Received Import Request.
  Time of request: 2026-09-21T20:17:15.255837Z
  Time since last request: 0.003622792 seconds.
  importAddress: GUID: 75cb18e76ac9c480a807fe3eec6f6556 - Path: Assets/Scripts/NoteData.cs - Importer: PreviewImporter
Importing 'GUID: 75cb18e76ac9c480a807fe3eec6f6556 - Path: Assets/Scripts/NoteData.cs - Importer: PreviewImporter' with importer (PreviewImporter)
Imported 'GUID: 75cb18e76ac9c480a807fe3eec6f6556' -> (Import Result ID: 'ace2cac8e363410e10ecc259ff043cc6') in 0.000 seconds [static and dynamic dependencies]. Details - ImportResultOutputID=9f6af744735c98cf5a50d39e97eb395e DependenciesID=ce5f7525aa42993566524c57e1c38c09 StaticDependenciesID=5f5a742bbc3fda841f28fee8fb976735 
Number of updated asset objects reloaded before import = 0
Number of asset objects unloaded after import = 0
========================================================================
Received Import Request.
  Time of request: 2026-09-21T20:17:15.25986Z
  Time since last request: 0.003833 seconds.
  importAddress: GUID: 75cb18e76ac9c480a807fe3eec6f6556 - Path: Assets/Scripts/NoteData.cs - Importer: PreviewImporter
Importing 'GUID: 75cb18e76ac9c480a807fe3eec6f6556 - Path: Assets/Scripts/NoteData.cs - Importer: PreviewImporter' with importer (PreviewImporter)
Imported 'GUID: 75cb18e76ac9c480a807fe3eec6f6556' -> (Import Result ID: 'ace2cac8e363410e10ecc259ff043cc6') in 0.000 seconds [static and dynamic dependencies]. Details - ImportResultOutputID=9f6af744735c98cf5a50d39e97eb395e DependenciesID=ce5f7525aa42993566524c57e1c38c09 StaticDependenciesID=5f5a742bbc3fda841f28fee8fb976735 
Number of updated asset objects reloaded before import = 0
Number of asset objects unloaded after import = 0
========================================================================
Received Import Request.
  Time of request: 2026-09-21T20:17:15.264142Z
  Time since last request: 0.004095125 seconds.
  importAddress: GUID: 75cb18e76ac9c480a807fe3eec6f6556 - Path: Assets/Scripts/NoteData.cs - Importer: PreviewImporter
Importing 'GUID: 75cb18e76ac9c480a807fe3eec6f6556 - Path: Assets/Scripts/NoteData.cs - Importer: PreviewImporter' with importer (PreviewImporter)
Imported 'GUID: 75cb18e76ac9c480a807fe3eec6f6556' -> (Import Result ID: 'ace2cac8e363410e10ecc259ff043cc6') in 0.000 seconds [static and dynamic dependencies]. Details - ImportResultOutputID=9f6af744735c98cf5a50d39e97eb395e DependenciesID=ce5f7525aa42993566524c57e1c38c09 StaticDependenciesID=5f5a742bbc3fda841f28fee8fb976735 
Number of updated asset objects reloaded before import = 0
Number of asset objects unloaded after import = 0
========================================================================
Received Import Request.
  Time of request: 2026-09-21T20:17:15.267982Z
  Time since last request: 0.003608458 seconds.
  importAddress: GUID: 75cb18e76ac9c480a807fe3eec6f6556 - Path: Assets/Scripts/NoteData.cs - Importer: PreviewImporter
Importing 'GUID: 75cb18e76ac9c480a807fe3eec6f6556 - Path: Assets/Scripts/NoteData.cs - Importer: PreviewImporter' with importer (PreviewImporter)
Imported 'GUID: 75cb18e76ac9c480a807fe3eec6f6556' -> (Import Result ID: 'ace2cac8e363410e10ecc259ff043cc6') in 0.000 seconds [static and dynamic dependencies]. Details - ImportResultOutputID=9f6af744735c98cf5a50d39e97eb395e DependenciesID=ce5f7525aa42993566524c57e1c38c09 StaticDependenciesID=5f5a742bbc3fda841f28fee8fb976735 
Number of updated asset objects reloaded before import = 0
Number of asset objects unloaded after import = 0
========================================================================
Received Import Request.
  Time of request: 2026-09-21T20:17:15.272051Z
  Time since last request: 0.00388275 seconds.
  importAddress: GUID: 75cb18e76ac9c480a807fe3eec6f6556 - Path: Assets/Scripts/NoteData.cs - Importer: PreviewImporter
Importing 'GUID: 75cb18e76ac9c480a807fe3eec6f6556 - Path: Assets/Scripts/NoteData.cs - Importer: PreviewImporter' with importer (PreviewImporter)
Imported 'GUID: 75cb18e76ac9c480a807fe3eec6f6556' -> (Import Result ID: 'ace2cac8e363410e10ecc259ff043cc6') in 0.000 seconds [static and dynamic dependencies]. Details - ImportResultOutputID=9f6af744735c98cf5a50d39e97eb395e DependenciesID=ce5f7525aa42993566524c57e1c38c09 StaticDependenciesID=5f5a742bbc3fda841f28fee8fb976735 
Number of updated asset objects reloaded before import = 0
Number of asset objects unloaded after import = 0
========================================================================
Received Import Request.
  Time of request: 2026-09-21T20:17:15.276201Z
  Time since last request: 0.003991333 seconds.
  importAddress: GUID: 75cb18e76ac9c480a807fe3eec6f6556 - Path: Assets/Scripts/NoteData.cs - Importer: PreviewImporter
Importing 'GUID: 75cb18e76ac9c480a807fe3eec6f6556 - Path: Assets/Scripts/NoteData.cs - Importer: PreviewImporter' with importer (PreviewImporter)
Imported 'GUID: 75cb18e76ac9c480a807fe3eec6f6556' -> (Import Result ID: 'ace2cac8e363410e10ecc259ff043cc6') in 0.000 seconds [static and dynamic dependencies]. Details - ImportResultOutputID=9f6af744735c98cf5a50d39e97eb395e DependenciesID=ce5f7525aa42993566524c57e1c38c09 StaticDependenciesID=5f5a742bbc3fda841f28fee8fb976735 
Number of updated asset objects reloaded before import = 0
Number of asset objects unloaded after import = 0
========================================================================
Received Import Request.
  Time of request: 2026-09-21T20:17:15.280262Z
  Time since last request: 0.003889 seconds.
  importAddress: GUID: 75cb18e76ac9c480a807fe3eec6f6556 - Path: Assets/Scripts/NoteData.cs - Importer: PreviewImporter
Importing 'GUID: 75cb18e76ac9c480a807fe3eec6f6556 - Path: Assets/Scripts/NoteData.cs - Importer: PreviewImporter' with importer (PreviewImporter)
Imported 'GUID: 75cb18e76ac9c480a807fe3eec6f6556' -> (Import Result ID: 'ace2cac8e363410e10ecc259ff043cc6') in 0.000 seconds [static and dynamic dependencies]. Details - ImportResultOutputID=9f6af744735c98cf5a50d39e97eb395e DependenciesID=ce5f7525aa42993566524c57e1c38c09 StaticDependenciesID=5f5a742bbc3fda841f28fee8fb976735 
Number of updated asset objects reloaded before import = 0
Number of asset objects unloaded after import = 0
========================================================================
Received Import Request.
  Time of request: 2026-09-21T20:17:15.28442Z
  Time since last request: 0.003967917 seconds.
  importAddress: GUID: 75cb18e76ac9c480a807fe3eec6f6556 - Path: Assets/Scripts/NoteData.cs - Importer: PreviewImporter
Importing 'GUID: 75cb18e76ac9c480a807fe3eec6f6556 - Path: Assets/Scripts/NoteData.cs - Importer: PreviewImporter' with importer (PreviewImporter)
Imported 'GUID: 75cb18e76ac9c480a807fe3eec6f6556' -> (Import Result ID: 'ace2cac8e363410e10ecc259ff043cc6') in 0.000 seconds [static and dynamic dependencies]. Details - ImportResultOutputID=9f6af744735c98cf5a50d39e97eb395e DependenciesID=ce5f7525aa42993566524c57e1c38c09 StaticDependenciesID=5f5a742bbc3fda841f28fee8fb976735 
Number of updated asset objects reloaded before import = 0
Number of asset objects unloaded after import = 0
========================================================================
Received Import Request.
  Time of request: 2026-09-21T20:17:15.288918Z
  Time since last request: 0.004196375 seconds.
  importAddress: GUID: 75cb18e76ac9c480a807fe3eec6f6556 - Path: Assets/Scripts/NoteData.cs - Importer: PreviewImporter
Importing 'GUID: 75cb18e76ac9c480a807fe3eec6f6556 - Path: Assets/Scripts/NoteData.cs - Importer: PreviewImporter' with importer (PreviewImporter)
Imported 'GUID: 75cb18e76ac9c480a807fe3eec6f6556' -> (Import Result ID: 'ace2cac8e363410e10ecc259ff043cc6') in 0.000 seconds [static and dynamic dependencies]. Details - ImportResultOutputID=9f6af744735c98cf5a50d39e97eb395e DependenciesID=ce5f7525aa42993566524c57e1c38c09 StaticDependenciesID=5f5a742bbc3fda841f28fee8fb976735 
Number of updated asset objects reloaded before import = 0
Number of asset objects unloaded after import = 0
========================================================================
Received Import Request.
  Time of request: 2026-09-21T20:17:15.296608Z
  Time since last request: 0.003174917 seconds.
  importAddress: GUID: 75cb18e76ac9c480a807fe3eec6f6556 - Path: Assets/Scripts/NoteData.cs - Importer: PreviewImporter
Importing 'GUID: 75cb18e76ac9c480a807fe3eec6f6556 - Path: Assets/Scripts/NoteData.cs - Importer: PreviewImporter' with importer (PreviewImporter)
Imported 'GUID: 75cb18e76ac9c480a807fe3eec6f6556' -> (Import Result ID: 'ace2cac8e363410e10ecc259ff043cc6') in 0.000 seconds [static and dynamic dependencies]. Details - ImportResultOutputID=9f6af744735c98cf5a50d39e97eb395e DependenciesID=ce5f7525aa42993566524c57e1c38c09 StaticDependenciesID=5f5a742bbc3fda841f28fee8fb976735 
Number of updated asset objects reloaded before import = 0
Number of asset objects unloaded after import = 0
========================================================================
Received Import Request.
  Time of request: 2026-09-21T20:17:15.300635Z
  Time since last request: 0.003826584 seconds.
  importAddress: GUID: 75cb18e76ac9c480a807fe3eec6f6556 - Path: Assets/Scripts/NoteData.cs - Importer: PreviewImporter
Importing 'GUID: 75cb18e76ac9c480a807fe3eec6f6556 - Path: Assets/Scripts/NoteData.cs - Importer: PreviewImporter' with importer (PreviewImporter)
Imported 'GUID: 75cb18e76ac9c480a807fe3eec6f6556' -> (Import Result ID: 'ace2cac8e363410e10ecc259ff043cc6') in 0.000 seconds [static and dynamic dependencies]. Details - ImportResultOutputID=9f6af744735c98cf5a50d39e97eb395e DependenciesID=ce5f7525aa42993566524c57e1c38c09 StaticDependenciesID=5f5a742bbc3fda841f28fee8fb976735 
Number of updated asset objects reloaded before import = 0
Number of asset objects unloaded after import = 0
========================================================================
Received Import Request.
  Time of request: 2026-09-21T20:17:15.310317Z
  Time since last request: 0.009450916 seconds.
  importAddress: GUID: 75cb18e76ac9c480a807fe3eec6f6556 - Path: Assets/Scripts/NoteData.cs - Importer: PreviewImporter
Importing 'GUID: 75cb18e76ac9c480a807fe3eec6f6556 - Path: Assets/Scripts/NoteData.cs - Importer: PreviewImporter' with importer (PreviewImporter)
Imported 'GUID: 75cb18e76ac9c480a807fe3eec6f6556' -> (Import Result ID: 'ace2cac8e363410e10ecc259ff043cc6') in 0.000 seconds [static and dynamic dependencies]. Details - ImportResultOutputID=9f6af744735c98cf5a50d39e97eb395e DependenciesID=ce5f7525aa42993566524c57e1c38c09 StaticDependenciesID=5f5a742bbc3fda841f28fee8fb976735 
Number of updated asset objects reloaded before import = 0
Number of asset objects unloaded after import = 0
========================================================================
Received Import Request.
  Time of request: 2026-09-21T20:17:15.314094Z
  Time since last request: 0.003445125 seconds.
  importAddress: GUID: 75cb18e76ac9c480a807fe3eec6f6556 - Path: Assets/Scripts/NoteData.cs - Importer: PreviewImporter
Importing 'GUID: 75cb18e76ac9c480a807fe3eec6f6556 - Path: Assets/Scripts/NoteData.cs - Importer: PreviewImporter' with importer (PreviewImporter)
Imported 'GUID: 75cb18e76ac9c480a807fe3eec6f6556' -> (Import Result ID: 'ace2cac8e363410e10ecc259ff043cc6') in 0.000 seconds [static and dynamic dependencies]. Details - ImportResultOutputID=9f6af744735c98cf5a50d39e97eb395e DependenciesID=ce5f7525aa42993566524c57e1c38c09 StaticDependenciesID=5f5a742bbc3fda841f28fee8fb976735 
Number of updated asset objects reloaded before import = 0
Number of asset objects unloaded after import = 0
========================================================================
Received Import Request.
  Time of request: 2026-09-21T20:17:15.317948Z
  Time since last request: 0.003596375 seconds.
  importAddress: GUID: 75cb18e76ac9c480a807fe3eec6f6556 - Path: Assets/Scripts/NoteData.cs - Importer: PreviewImporter
Importing 'GUID: 75cb18e76ac9c480a807fe3eec6f6556 - Path: Assets/Scripts/NoteData.cs - Importer: PreviewImporter' with importer (PreviewImporter)
Imported 'GUID: 75cb18e76ac9c480a807fe3eec6f6556' -> (Import Result ID: 'ace2cac8e363410e10ecc259ff043cc6') in 0.000 seconds [static and dynamic dependencies]. Details - ImportResultOutputID=9f6af744735c98cf5a50d39e97eb395e DependenciesID=ce5f7525aa42993566524c57e1c38c09 StaticDependenciesID=5f5a742bbc3fda841f28fee8fb976735 
Number of updated asset objects reloaded before import = 0
Number of asset objects unloaded after import = 0
========================================================================
Received Import Request.
  Time of request: 2026-09-21T20:17:15.321955Z
  Time since last request: 0.003755709 seconds.
  importAddress: GUID: 75cb18e76ac9c480a807fe3eec6f6556 - Path: Assets/Scripts/NoteData.cs - Importer: PreviewImporter
Importing 'GUID: 75cb18e76ac9c480a807fe3eec6f6556 - Path: Assets/Scripts/NoteData.cs - Importer: PreviewImporter' with importer (PreviewImporter)
Imported 'GUID: 75cb18e76ac9c480a807fe3eec6f6556' -> (Import Result ID: 'ace2cac8e363410e10ecc259ff043cc6') in 0.000 seconds [static and dynamic dependencies]. Details - ImportResultOutputID=9f6af744735c98cf5a50d39e97eb395e DependenciesID=ce5f7525aa42993566524c57e1c38c09 StaticDependenciesID=5f5a742bbc3fda841f28fee8fb976735 
Number of updated asset objects reloaded before import = 0
Number of asset objects unloaded after import = 0
========================================================================
Received Import Request.
  Time of request: 2026-09-21T20:17:15.326158Z
  Time since last request: 0.003917292 seconds.
  importAddress: GUID: 75cb18e76ac9c480a807fe3eec6f6556 - Path: Assets/Scripts/NoteData.cs - Importer: PreviewImporter
Importing 'GUID: 75cb18e76ac9c480a807fe3eec6f6556 - Path: Assets/Scripts/NoteData.cs - Importer: PreviewImporter' with importer (PreviewImporter)
Imported 'GUID: 75cb18e76ac9c480a807fe3eec6f6556' -> (Import Result ID: 'ace2cac8e363410e10ecc259ff043cc6') in 0.000 seconds [static and dynamic dependencies]. Details - ImportResultOutputID=9f6af744735c98cf5a50d39e97eb395e DependenciesID=ce5f7525aa42993566524c57e1c38c09 StaticDependenciesID=5f5a742bbc3fda841f28fee8fb976735 
Number of updated asset objects reloaded before import = 0
Number of asset objects unloaded after import = 0
========================================================================
Received Import Request.
  Time of request: 2026-09-21T20:17:15.329991Z
  Time since last request: 0.003568458 seconds.
  importAddress: GUID: 75cb18e76ac9c480a807fe3eec6f6556 - Path: Assets/Scripts/NoteData.cs - Importer: PreviewImporter
Importing 'GUID: 75cb18e76ac9c480a807fe3eec6f6556 - Path: Assets/Scripts/NoteData.cs - Importer: PreviewImporter' with importer (PreviewImporter)
Imported 'GUID: 75cb18e76ac9c480a807fe3eec6f6556' -> (Import Result ID: 'ace2cac8e363410e10ecc259ff043cc6') in 0.000 seconds [static and dynamic dependencies]. Details - ImportResultOutputID=9f6af744735c98cf5a50d39e97eb395e DependenciesID=ce5f7525aa42993566524c57e1c38c09 StaticDependenciesID=5f5a742bbc3fda841f28fee8fb976735 
Number of updated asset objects reloaded before import = 0
Number of asset objects unloaded after import = 0
========================================================================
Received Import Request.
  Time of request: 2026-09-21T20:17:15.334191Z
  Time since last request: 0.00396425 seconds.
  importAddress: GUID: 75cb18e76ac9c480a807fe3eec6f6556 - Path: Assets/Scripts/NoteData.cs - Importer: PreviewImporter
Importing 'GUID: 75cb18e76ac9c480a807fe3eec6f6556 - Path: Assets/Scripts/NoteData.cs - Importer: PreviewImporter' with importer (PreviewImporter)
Imported 'GUID: 75cb18e76ac9c480a807fe3eec6f6556' -> (Import Result ID: 'ace2cac8e363410e10ecc259ff043cc6') in 0.000 seconds [static and dynamic dependencies]. Details - ImportResultOutputID=9f6af744735c98cf5a50d39e97eb395e DependenciesID=ce5f7525aa42993566524c57e1c38c09 StaticDependenciesID=5f5a742bbc3fda841f28fee8fb976735 
Number of updated asset objects reloaded before import = 0
Number of asset objects unloaded after import = 0
========================================================================
Received Import Request.
  Time of request: 2026-09-21T20:17:15.338244Z
  Time since last request: 0.003825958 seconds.
  importAddress: GUID: 75cb18e76ac9c480a807fe3eec6f6556 - Path: Assets/Scripts/NoteData.cs - Importer: PreviewImporter
Importing 'GUID: 75cb18e76ac9c480a807fe3eec6f6556 - Path: Assets/Scripts/NoteData.cs - Importer: PreviewImporter' with importer (PreviewImporter)
Imported 'GUID: 75cb18e76ac9c480a807fe3eec6f6556' -> (Import Result ID: 'ace2cac8e363410e10ecc259ff043cc6') in 0.000 seconds [static and dynamic dependencies]. Details - ImportResultOutputID=9f6af744735c98cf5a50d39e97eb395e DependenciesID=ce5f7525aa42993566524c57e1c38c09 StaticDependenciesID=5f5a742bbc3fda841f28fee8fb976735 
Number of updated asset objects reloaded before import = 0
Number of asset objects unloaded after import = 0
========================================================================
Received Import Request.
  Time of request: 2026-09-21T20:17:15.342222Z
  Time since last request: 0.003719083 seconds.
  importAddress: GUID: 75cb18e76ac9c480a807fe3eec6f6556 - Path: Assets/Scripts/NoteData.cs - Importer: PreviewImporter
Importing 'GUID: 75cb18e76ac9c480a807fe3eec6f6556 - Path: Assets/Scripts/NoteData.cs - Importer: PreviewImporter' with importer (PreviewImporter)
Imported 'GUID: 75cb18e76ac9c480a807fe3eec6f6556' -> (Import Result ID: 'ace2cac8e363410e10ecc259ff043cc6') in 0.000 seconds [static and dynamic dependencies]. Details - ImportResultOutputID=9f6af744735c98cf5a50d39e97eb395e DependenciesID=ce5f7525aa42993566524c57e1c38c09 StaticDependenciesID=5f5a742bbc3fda841f28fee8fb976735 
Number of updated asset objects reloaded before import = 0
Number of asset objects unloaded after import = 0
========================================================================
Received Import Request.
  Time of request: 2026-09-21T20:17:15.346243Z
  Time since last request: 0.003808291 seconds.
  importAddress: GUID: 75cb18e76ac9c480a807fe3eec6f6556 - Path: Assets/Scripts/NoteData.cs - Importer: PreviewImporter
Importing 'GUID: 75cb18e76ac9c480a807fe3eec6f6556 - Path: Assets/Scripts/NoteData.cs - Importer: PreviewImporter' with importer (PreviewImporter)
Imported 'GUID: 75cb18e76ac9c480a807fe3eec6f6556' -> (Import Result ID: 'ace2cac8e363410e10ecc259ff043cc6') in 0.000 seconds [static and dynamic dependencies]. Details - ImportResultOutputID=9f6af744735c98cf5a50d39e97eb395e DependenciesID=ce5f7525aa42993566524c57e1c38c09 StaticDependenciesID=5f5a742bbc3fda841f28fee8fb976735 
Number of updated asset objects reloaded before import = 0
Number of asset objects unloaded after import = 0
========================================================================
Received Import Request.
  Time of request: 2026-09-21T20:17:15.350285Z
  Time since last request: 0.003804917 seconds.
  importAddress: GUID: 75cb18e76ac9c480a807fe3eec6f6556 - Path: Assets/Scripts/NoteData.cs - Importer: PreviewImporter
Importing 'GUID: 75cb18e76ac9c480a807fe3eec6f6556 - Path: Assets/Scripts/NoteData.cs - Importer: PreviewImporter' with importer (PreviewImporter)
Imported 'GUID: 75cb18e76ac9c480a807fe3eec6f6556' -> (Import Result ID: 'ace2cac8e363410e10ecc259ff043cc6') in 0.000 seconds [static and dynamic dependencies]. Details - ImportResultOutputID=9f6af744735c98cf5a50d39e97eb395e DependenciesID=ce5f7525aa42993566524c57e1c38c09 StaticDependenciesID=5f5a742bbc3fda841f28fee8fb976735 
Number of updated asset objects reloaded before import = 0
Number of asset objects unloaded after import = 0
========================================================================
Received Import Request.
  Time of request: 2026-09-21T20:17:15.354229Z
  Time since last request: 0.00372675 seconds.
  importAddress: GUID: 75cb18e76ac9c480a807fe3eec6f6556 - Path: Assets/Scripts/NoteData.cs - Importer: PreviewImporter
Importing 'GUID: 75cb18e76ac9c480a807fe3eec6f6556 - Path: Assets/Scripts/NoteData.cs - Importer: PreviewImporter' with importer (PreviewImporter)
Imported 'GUID: 75cb18e76ac9c480a807fe3eec6f6556' -> (Import Result ID: 'ace2cac8e363410e10ecc259ff043cc6') in 0.000 seconds [static and dynamic dependencies]. Details - ImportResultOutputID=9f6af744735c98cf5a50d39e97eb395e DependenciesID=ce5f7525aa42993566524c57e1c38c09 StaticDependenciesID=5f5a742bbc3fda841f28fee8fb976735 
Number of updated asset objects reloaded before import = 0
Number of asset objects unloaded after import = 0
========================================================================
Received Import Request.
  Time of request: 2026-09-21T20:17:15.358235Z
  Time since last request: 0.003761542 seconds.
  importAddress: GUID: 75cb18e76ac9c480a807fe3eec6f6556 - Path: Assets/Scripts/NoteData.cs - Importer: PreviewImporter
Importing 'GUID: 75cb18e76ac9c480a807fe3eec6f6556 - Path: Assets/Scripts/NoteData.cs - Importer: PreviewImporter' with importer (PreviewImporter)
Imported 'GUID: 75cb18e76ac9c480a807fe3eec6f6556' -> (Import Result ID: 'ace2cac8e363410e10ecc259ff043cc6') in 0.000 seconds [static and dynamic dependencies]. Details - ImportResultOutputID=9f6af744735c98cf5a50d39e97eb395e DependenciesID=ce5f7525aa42993566524c57e1c38c09 StaticDependenciesID=5f5a742bbc3fda841f28fee8fb976735 
Number of updated asset objects reloaded before import = 0
Number of asset objects unloaded after import = 0
========================================================================
Received Import Request.
  Time of request: 2026-09-21T20:17:15.362263Z
  Time since last request: 0.003840583 seconds.
  importAddress: GUID: 75cb18e76ac9c480a807fe3eec6f6556 - Path: Assets/Scripts/NoteData.cs - Importer: PreviewImporter
Importing 'GUID: 75cb18e76ac9c480a807fe3eec6f6556 - Path: Assets/Scripts/NoteData.cs - Importer: PreviewImporter' with importer (PreviewImporter)
Imported 'GUID: 75cb18e76ac9c480a807fe3eec6f6556' -> (Import Result ID: 'ace2cac8e363410e10ecc259ff043cc6') in 0.000 seconds [static and dynamic dependencies]. Details - ImportResultOutputID=9f6af744735c98cf5a50d39e97eb395e DependenciesID=ce5f7525aa42993566524c57e1c38c09 StaticDependenciesID=5f5a742bbc3fda841f28fee8fb976735 
Number of updated asset objects reloaded before import = 0
Number of asset objects unloaded after import = 0
========================================================================
Received Import Request.
  Time of request: 2026-09-21T20:17:15.366252Z
  Time since last request: 0.003808167 seconds.
  importAddress: GUID: 75cb18e76ac9c480a807fe3eec6f6556 - Path: Assets/Scripts/NoteData.cs - Importer: PreviewImporter
Importing 'GUID: 75cb18e76ac9c480a807fe3eec6f6556 - Path: Assets/Scripts/NoteData.cs - Importer: PreviewImporter' with importer (PreviewImporter)
Imported 'GUID: 75cb18e76ac9c480a807fe3eec6f6556' -> (Import Result ID: 'ace2cac8e363410e10ecc259ff043cc6') in 0.000 seconds [static and dynamic dependencies]. Details - ImportResultOutputID=9f6af744735c98cf5a50d39e97eb395e DependenciesID=ce5f7525aa42993566524c57e1c38c09 StaticDependenciesID=5f5a742bbc3fda841f28fee8fb976735 
Number of updated asset objects reloaded before import = 0
Number of asset objects unloaded after import = 0
========================================================================
Received Import Request.
  Time of request: 2026-09-21T20:17:15.370395Z
  Time since last request: 0.003977625 seconds.
  importAddress: GUID: 75cb18e76ac9c480a807fe3eec6f6556 - Path: Assets/Scripts/NoteData.cs - Importer: PreviewImporter
Importing 'GUID: 75cb18e76ac9c480a807fe3eec6f6556 - Path: Assets/Scripts/NoteData.cs - Importer: PreviewImporter' with importer (PreviewImporter)
Imported 'GUID: 75cb18e76ac9c480a807fe3eec6f6556' -> (Import Result ID: 'ace2cac8e363410e10ecc259ff043cc6') in 0.000 seconds [static and dynamic dependencies]. Details - ImportResultOutputID=9f6af744735c98cf5a50d39e97eb395e DependenciesID=ce5f7525aa42993566524c57e1c38c09 StaticDependenciesID=5f5a742bbc3fda841f28fee8fb976735 
Number of updated asset objects reloaded before import = 0
Number of asset objects unloaded after import = 0
========================================================================
Received Import Request.
  Time of request: 2026-09-21T20:17:15.374508Z
  Time since last request: 0.0039115 seconds.
  importAddress: GUID: 75cb18e76ac9c480a807fe3eec6f6556 - Path: Assets/Scripts/NoteData.cs - Importer: PreviewImporter
Importing 'GUID: 75cb18e76ac9c480a807fe3eec6f6556 - Path: Assets/Scripts/NoteData.cs - Importer: PreviewImporter' with importer (PreviewImporter)
Imported 'GUID: 75cb18e76ac9c480a807fe3eec6f6556' -> (Import Result ID: 'ace2cac8e363410e10ecc259ff043cc6') in 0.000 seconds [static and dynamic dependencies]. Details - ImportResultOutputID=9f6af744735c98cf5a50d39e97eb395e DependenciesID=ce5f7525aa42993566524c57e1c38c09 StaticDependenciesID=5f5a742bbc3fda841f28fee8fb976735 
Number of updated asset objects reloaded before import = 0
Number of asset objects unloaded after import = 0
========================================================================
Received Import Request.
  Time of request: 2026-09-21T20:17:15.378525Z
  Time since last request: 0.002620666 seconds.
  importAddress: GUID: 75cb18e76ac9c480a807fe3eec6f6556 - Path: Assets/Scripts/NoteData.cs - Importer: PreviewImporter
Importing 'GUID: 75cb18e76ac9c480a807fe3eec6f6556 - Path: Assets/Scripts/NoteData.cs - Importer: PreviewImporter' with importer (PreviewImporter)
Imported 'GUID: 75cb18e76ac9c480a807fe3eec6f6556' -> (Import Result ID: 'ace2cac8e363410e10ecc259ff043cc6') in 0.000 seconds [static and dynamic dependencies]. Details - ImportResultOutputID=9f6af744735c98cf5a50d39e97eb395e DependenciesID=ce5f7525aa42993566524c57e1c38c09 StaticDependenciesID=5f5a742bbc3fda841f28fee8fb976735 
Number of updated asset objects reloaded before import = 0
Number of asset objects unloaded after import = 0
========================================================================
Received Import Request.
  Time of request: 2026-09-21T20:17:15.38497Z
  Time since last request: 0.003392625 seconds.
  importAddress: GUID: 75cb18e76ac9c480a807fe3eec6f6556 - Path: Assets/Scripts/NoteData.cs - Importer: PreviewImporter
Importing 'GUID: 75cb18e76ac9c480a807fe3eec6f6556 - Path: Assets/Scripts/NoteData.cs - Importer: PreviewImporter' with importer (PreviewImporter)
Imported 'GUID: 75cb18e76ac9c480a807fe3eec6f6556' -> (Import Result ID: 'ace2cac8e363410e10ecc259ff043cc6') in 0.000 seconds [static and dynamic dependencies]. Details - ImportResultOutputID=9f6af744735c98cf5a50d39e97eb395e DependenciesID=ce5f7525aa42993566524c57e1c38c09 StaticDependenciesID=5f5a742bbc3fda841f28fee8fb976735 
Number of updated asset objects reloaded before import = 0
Number of asset objects unloaded after import = 0
========================================================================
Received Import Request.
  Time of request: 2026-09-21T20:17:15.390636Z
  Time since last request: 0.003635125 seconds.
  importAddress: GUID: 75cb18e76ac9c480a807fe3eec6f6556 - Path: Assets/Scripts/NoteData.cs - Importer: PreviewImporter
Importing 'GUID: 75cb18e76ac9c480a807fe3eec6f6556 - Path: Assets/Scripts/NoteData.cs - Importer: PreviewImporter' with importer (PreviewImporter)
Imported 'GUID: 75cb18e76ac9c480a807fe3eec6f6556' -> (Import Result ID: 'ace2cac8e363410e10ecc259ff043cc6') in 0.000 seconds [static and dynamic dependencies]. Details - ImportResultOutputID=9f6af744735c98cf5a50d39e97eb395e DependenciesID=ce5f7525aa42993566524c57e1c38c09 StaticDependenciesID=5f5a742bbc3fda841f28fee8fb976735 
Number of updated asset objects reloaded before import = 0
Number of asset objects unloaded after import = 0
========================================================================
Received Import Request.
  Time of request: 2026-09-21T20:17:15.394928Z
  Time since last request: 0.004050542 seconds.
  importAddress: GUID: 75cb18e76ac9c480a807fe3eec6f6556 - Path: Assets/Scripts/NoteData.cs - Importer: PreviewImporter
Importing 'GUID: 75cb18e76ac9c480a807fe3eec6f6556 - Path: Assets/Scripts/NoteData.cs - Importer: PreviewImporter' with importer (PreviewImporter)
Imported 'GUID: 75cb18e76ac9c480a807fe3eec6f6556' -> (Import Result ID: 'ace2cac8e363410e10ecc259ff043cc6') in 0.000 seconds [static and dynamic dependencies]. Details - ImportResultOutputID=9f6af744735c98cf5a50d39e97eb395e DependenciesID=ce5f7525aa42993566524c57e1c38c09 StaticDependenciesID=5f5a742bbc3fda841f28fee8fb976735 
Number of updated asset objects reloaded before import = 0
Number of asset objects unloaded after import = 0
========================================================================
Received Import Request.
  Time of request: 2026-09-21T20:17:15.398939Z
  Time since last request: 0.003759875 seconds.
  importAddress: GUID: 75cb18e76ac9c480a807fe3eec6f6556 - Path: Assets/Scripts/NoteData.cs - Importer: PreviewImporter
Importing 'GUID: 75cb18e76ac9c480a807fe3eec6f6556 - Path: Assets/Scripts/NoteData.cs - Importer: PreviewImporter' with importer (PreviewImporter)
Imported 'GUID: 75cb18e76ac9c480a807fe3eec6f6556' -> (Import Result ID: 'ace2cac8e363410e10ecc259ff043cc6') in 0.000 seconds [static and dynamic dependencies]. Details - ImportResultOutputID=9f6af744735c98cf5a50d39e97eb395e DependenciesID=ce5f7525aa42993566524c57e1c38c09 StaticDependenciesID=5f5a742bbc3fda841f28fee8fb976735 
Number of updated asset objects reloaded before import = 0
Number of asset objects unloaded after import = 0
========================================================================
Received Import Request.
  Time of request: 2026-09-21T20:17:15.402773Z
  Time since last request: 0.003599166 seconds.
  importAddress: GUID: 75cb18e76ac9c480a807fe3eec6f6556 - Path: Assets/Scripts/NoteData.cs - Importer: PreviewImporter
Importing 'GUID: 75cb18e76ac9c480a807fe3eec6f6556 - Path: Assets/Scripts/NoteData.cs - Importer: PreviewImporter' with importer (PreviewImporter)
Imported 'GUID: 75cb18e76ac9c480a807fe3eec6f6556' -> (Import Result ID: 'ace2cac8e363410e10ecc259ff043cc6') in 0.000 seconds [static and dynamic dependencies]. Details - ImportResultOutputID=9f6af744735c98cf5a50d39e97eb395e DependenciesID=ce5f7525aa42993566524c57e1c38c09 StaticDependenciesID=5f5a742bbc3fda841f28fee8fb976735 
Number of updated asset objects reloaded before import = 0
Number of asset objects unloaded after import = 0
========================================================================
Received Import Request.
  Time of request: 2026-09-21T20:17:15.406846Z
  Time since last request: 0.003861084 seconds.
  importAddress: GUID: 75cb18e76ac9c480a807fe3eec6f6556 - Path: Assets/Scripts/NoteData.cs - Importer: PreviewImporter
Importing 'GUID: 75cb18e76ac9c480a807fe3eec6f6556 - Path: Assets/Scripts/NoteData.cs - Importer: PreviewImporter' with importer (PreviewImporter)
Imported 'GUID: 75cb18e76ac9c480a807fe3eec6f6556' -> (Import Result ID: 'ace2cac8e363410e10ecc259ff043cc6') in 0.000 seconds [static and dynamic dependencies]. Details - ImportResultOutputID=9f6af744735c98cf5a50d39e97eb395e DependenciesID=ce5f7525aa42993566524c57e1c38c09 StaticDependenciesID=5f5a742bbc3fda841f28fee8fb976735 
Number of updated asset objects reloaded before import = 0
Number of asset objects unloaded after import = 0
========================================================================
Received Import Request.
  Time of request: 2026-09-21T20:17:15.410871Z
  Time since last request: 0.003828667 seconds.
  importAddress: GUID: 75cb18e76ac9c480a807fe3eec6f6556 - Path: Assets/Scripts/NoteData.cs - Importer: PreviewImporter
Importing 'GUID: 75cb18e76ac9c480a807fe3eec6f6556 - Path: Assets/Scripts/NoteData.cs - Importer: PreviewImporter' with importer (PreviewImporter)
Imported 'GUID: 75cb18e76ac9c480a807fe3eec6f6556' -> (Import Result ID: 'ace2cac8e363410e10ecc259ff043cc6') in 0.000 seconds [static and dynamic dependencies]. Details - ImportResultOutputID=9f6af744735c98cf5a50d39e97eb395e DependenciesID=ce5f7525aa42993566524c57e1c38c09 StaticDependenciesID=5f5a742bbc3fda841f28fee8fb976735 
Number of updated asset objects reloaded before import = 0
Number of asset objects unloaded after import = 0
========================================================================
Received Import Request.
  Time of request: 2026-09-21T20:17:15.414758Z
  Time since last request: 0.003726833 seconds.
  importAddress: GUID: 75cb18e76ac9c480a807fe3eec6f6556 - Path: Assets/Scripts/NoteData.cs - Importer: PreviewImporter
Importing 'GUID: 75cb18e76ac9c480a807fe3eec6f6556 - Path: Assets/Scripts/NoteData.cs - Importer: PreviewImporter' with importer (PreviewImporter)
Imported 'GUID: 75cb18e76ac9c480a807fe3eec6f6556' -> (Import Result ID: 'ace2cac8e363410e10ecc259ff043cc6') in 0.000 seconds [static and dynamic dependencies]. Details - ImportResultOutputID=9f6af744735c98cf5a50d39e97eb395e DependenciesID=ce5f7525aa42993566524c57e1c38c09 StaticDependenciesID=5f5a742bbc3fda841f28fee8fb976735 
Number of updated asset objects reloaded before import = 0
Number of asset objects unloaded after import = 0
========================================================================
Received Import Request.
  Time of request: 2026-09-21T20:17:15.418955Z
  Time since last request: 0.0040415 seconds.
  importAddress: GUID: 75cb18e76ac9c480a807fe3eec6f6556 - Path: Assets/Scripts/NoteData.cs - Importer: PreviewImporter
Importing 'GUID: 75cb18e76ac9c480a807fe3eec6f6556 - Path: Assets/Scripts/NoteData.cs - Importer: PreviewImporter' with importer (PreviewImporter)
Imported 'GUID: 75cb18e76ac9c480a807fe3eec6f6556' -> (Import Result ID: 'ace2cac8e363410e10ecc259ff043cc6') in 0.000 seconds [static and dynamic dependencies]. Details - ImportResultOutputID=9f6af744735c98cf5a50d39e97eb395e DependenciesID=ce5f7525aa42993566524c57e1c38c09 StaticDependenciesID=5f5a742bbc3fda841f28fee8fb976735 
Number of updated asset objects reloaded before import = 0
Number of asset objects unloaded after import = 0
========================================================================
Received Import Request.
  Time of request: 2026-09-21T20:17:15.422936Z
  Time since last request: 0.003835167 seconds.
  importAddress: GUID: 75cb18e76ac9c480a807fe3eec6f6556 - Path: Assets/Scripts/NoteData.cs - Importer: PreviewImporter
Importing 'GUID: 75cb18e76ac9c480a807fe3eec6f6556 - Path: Assets/Scripts/NoteData.cs - Importer: PreviewImporter' with importer (PreviewImporter)
Imported 'GUID: 75cb18e76ac9c480a807fe3eec6f6556' -> (Import Result ID: 'ace2cac8e363410e10ecc259ff043cc6') in 0.000 seconds [static and dynamic dependencies]. Details - ImportResultOutputID=9f6af744735c98cf5a50d39e97eb395e DependenciesID=ce5f7525aa42993566524c57e1c38c09 StaticDependenciesID=5f5a742bbc3fda841f28fee8fb976735 
Number of updated asset objects reloaded before import = 0
Number of asset objects unloaded after import = 0
========================================================================
Received Import Request.
  Time of request: 2026-09-21T20:17:15.426918Z
  Time since last request: 0.003835042 seconds.
  importAddress: GUID: 75cb18e76ac9c480a807fe3eec6f6556 - Path: Assets/Scripts/NoteData.cs - Importer: PreviewImporter
Importing 'GUID: 75cb18e76ac9c480a807fe3eec6f6556 - Path: Assets/Scripts/NoteData.cs - Importer: PreviewImporter' with importer (PreviewImporter)
Imported 'GUID: 75cb18e76ac9c480a807fe3eec6f6556' -> (Import Result ID: 'ace2cac8e363410e10ecc259ff043cc6') in 0.000 seconds [static and dynamic dependencies]. Details - ImportResultOutputID=9f6af744735c98cf5a50d39e97eb395e DependenciesID=ce5f7525aa42993566524c57e1c38c09 StaticDependenciesID=5f5a742bbc3fda841f28fee8fb976735 
Number of updated asset objects reloaded before import = 0
Number of asset objects unloaded after import = 0
========================================================================
Received Import Request.
  Time of request: 2026-09-21T20:17:15.430943Z
  Time since last request: 0.003812916 seconds.
  importAddress: GUID: 75cb18e76ac9c480a807fe3eec6f6556 - Path: Assets/Scripts/NoteData.cs - Importer: PreviewImporter
Importing 'GUID: 75cb18e76ac9c480a807fe3eec6f6556 - Path: Assets/Scripts/NoteData.cs - Importer: PreviewImporter' with importer (PreviewImporter)
Imported 'GUID: 75cb18e76ac9c480a807fe3eec6f6556' -> (Import Result ID: 'ace2cac8e363410e10ecc259ff043cc6') in 0.000 seconds [static and dynamic dependencies]. Details - ImportResultOutputID=9f6af744735c98cf5a50d39e97eb395e DependenciesID=ce5f7525aa42993566524c57e1c38c09 StaticDependenciesID=5f5a742bbc3fda841f28fee8fb976735 
Number of updated asset objects reloaded before import = 0
Number of asset objects unloaded after import = 0
========================================================================
Received Import Request.
  Time of request: 2026-09-21T20:17:15.435043Z
  Time since last request: 0.003948625 seconds.
  importAddress: GUID: 75cb18e76ac9c480a807fe3eec6f6556 - Path: Assets/Scripts/NoteData.cs - Importer: PreviewImporter
Importing 'GUID: 75cb18e76ac9c480a807fe3eec6f6556 - Path: Assets/Scripts/NoteData.cs - Importer: PreviewImporter' with importer (PreviewImporter)
Imported 'GUID: 75cb18e76ac9c480a807fe3eec6f6556' -> (Import Result ID: 'ace2cac8e363410e10ecc259ff043cc6') in 0.000 seconds [static and dynamic dependencies]. Details - ImportResultOutputID=9f6af744735c98cf5a50d39e97eb395e DependenciesID=ce5f7525aa42993566524c57e1c38c09 StaticDependenciesID=5f5a742bbc3fda841f28fee8fb976735 
Number of updated asset objects reloaded before import = 0
Number of asset objects unloaded after import = 0
========================================================================
Received Import Request.
  Time of request: 2026-09-21T20:17:15.439106Z
  Time since last request: 0.003922417 seconds.
  importAddress: GUID: 75cb18e76ac9c480a807fe3eec6f6556 - Path: Assets/Scripts/NoteData.cs - Importer: PreviewImporter
Importing 'GUID: 75cb18e76ac9c480a807fe3eec6f6556 - Path: Assets/Scripts/NoteData.cs - Importer: PreviewImporter' with importer (PreviewImporter)
Imported 'GUID: 75cb18e76ac9c480a807fe3eec6f6556' -> (Import Result ID: 'ace2cac8e363410e10ecc259ff043cc6') in 0.000 seconds [static and dynamic dependencies]. Details - ImportResultOutputID=9f6af744735c98cf5a50d39e97eb395e DependenciesID=ce5f7525aa42993566524c57e1c38c09 StaticDependenciesID=5f5a742bbc3fda841f28fee8fb976735 
Number of updated asset objects reloaded before import = 0
Number of asset objects unloaded after import = 0
========================================================================
Received Import Request.
  Time of request: 2026-09-21T20:17:15.443085Z
  Time since last request: 0.003819375 seconds.
  importAddress: GUID: 75cb18e76ac9c480a807fe3eec6f6556 - Path: Assets/Scripts/NoteData.cs - Importer: PreviewImporter
Importing 'GUID: 75cb18e76ac9c480a807fe3eec6f6556 - Path: Assets/Scripts/NoteData.cs - Importer: PreviewImporter' with importer (PreviewImporter)
Imported 'GUID: 75cb18e76ac9c480a807fe3eec6f6556' -> (Import Result ID: 'ace2cac8e363410e10ecc259ff043cc6') in 0.000 seconds [static and dynamic dependencies]. Details - ImportResultOutputID=9f6af744735c98cf5a50d39e97eb395e DependenciesID=ce5f7525aa42993566524c57e1c38c09 StaticDependenciesID=5f5a742bbc3fda841f28fee8fb976735 
Number of updated asset objects reloaded before import = 0
Number of asset objects unloaded after import = 0
========================================================================
Received Import Request.
  Time of request: 2026-09-21T20:17:15.44709Z
  Time since last request: 0.003844083 seconds.
  importAddress: GUID: 75cb18e76ac9c480a807fe3eec6f6556 - Path: Assets/Scripts/NoteData.cs - Importer: PreviewImporter
Importing 'GUID: 75cb18e76ac9c480a807fe3eec6f6556 - Path: Assets/Scripts/NoteData.cs - Importer: PreviewImporter' with importer (PreviewImporter)
Imported 'GUID: 75cb18e76ac9c480a807fe3eec6f6556' -> (Import Result ID: 'ace2cac8e363410e10ecc259ff043cc6') in 0.000 seconds [static and dynamic dependencies]. Details - ImportResultOutputID=9f6af744735c98cf5a50d39e97eb395e DependenciesID=ce5f7525aa42993566524c57e1c38c09 StaticDependenciesID=5f5a742bbc3fda841f28fee8fb976735 
Number of updated asset objects reloaded before import = 0
Number of asset objects unloaded after import = 0
========================================================================
Received Import Request.
  Time of request: 2026-09-21T20:17:15.451109Z
  Time since last request: 0.003875292 seconds.
  importAddress: GUID: 75cb18e76ac9c480a807fe3eec6f6556 - Path: Assets/Scripts/NoteData.cs - Importer: PreviewImporter
Importing 'GUID: 75cb18e76ac9c480a807fe3eec6f6556 - Path: Assets/Scripts/NoteData.cs - Importer: PreviewImporter' with importer (PreviewImporter)
Imported 'GUID: 75cb18e76ac9c480a807fe3eec6f6556' -> (Import Result ID: 'ace2cac8e363410e10ecc259ff043cc6') in 0.000 seconds [static and dynamic dependencies]. Details - ImportResultOutputID=9f6af744735c98cf5a50d39e97eb395e DependenciesID=ce5f7525aa42993566524c57e1c38c09 StaticDependenciesID=5f5a742bbc3fda841f28fee8fb976735 
Number of updated asset objects reloaded before import = 0
Number of asset objects unloaded after import = 0
========================================================================
Received Import Request.
  Time of request: 2026-09-21T20:17:15.455249Z
  Time since last request: 0.004000833 seconds.
  importAddress: GUID: 75cb18e76ac9c480a807fe3eec6f6556 - Path: Assets/Scripts/NoteData.cs - Importer: PreviewImporter
Importing 'GUID: 75cb18e76ac9c480a807fe3eec6f6556 - Path: Assets/Scripts/NoteData.cs - Importer: PreviewImporter' with importer (PreviewImporter)
Imported 'GUID: 75cb18e76ac9c480a807fe3eec6f6556' -> (Import Result ID: 'ace2cac8e363410e10ecc259ff043cc6') in 0.000 seconds [static and dynamic dependencies]. Details - ImportResultOutputID=9f6af744735c98cf5a50d39e97eb395e DependenciesID=ce5f7525aa42993566524c57e1c38c09 StaticDependenciesID=5f5a742bbc3fda841f28fee8fb976735 
Number of updated asset objects reloaded before import = 0
Number of asset objects unloaded after import = 0
========================================================================
Received Import Request.
  Time of request: 2026-09-21T20:17:15.459247Z
  Time since last request: 0.003845833 seconds.
  importAddress: GUID: 75cb18e76ac9c480a807fe3eec6f6556 - Path: Assets/Scripts/NoteData.cs - Importer: PreviewImporter
Importing 'GUID: 75cb18e76ac9c480a807fe3eec6f6556 - Path: Assets/Scripts/NoteData.cs - Importer: PreviewImporter' with importer (PreviewImporter)
Imported 'GUID: 75cb18e76ac9c480a807fe3eec6f6556' -> (Import Result ID: 'ace2cac8e363410e10ecc259ff043cc6') in 0.000 seconds [static and dynamic dependencies]. Details - ImportResultOutputID=9f6af744735c98cf5a50d39e97eb395e DependenciesID=ce5f7525aa42993566524c57e1c38c09 StaticDependenciesID=5f5a742bbc3fda841f28fee8fb976735 
Number of updated asset objects reloaded before import = 0
Number of asset objects unloaded after import = 0
========================================================================
Received Prepare
AcceleratorClientConnectionCallback - disconnected - :0
Begin MonoManager ReloadAssembly
[Licensing::Client] Successfully resolved entitlement details
Thread 0x16b34b000 may have been prematurely finalized
Native extension for OSXStandalone target not found
[Package Manager] Failed to launch server process. Reason: Unity was launched with the -noUpm command-line argument
[Package Manager] Unable to send message (not connected to server process).
[Package Manager] Cannot connect to Unity Package Manager local server
ScheduleIndexationOnStartup MainProcess:False IndexOnStartup:True
Mono: successfully reloaded assembly
- Finished resetting the current domain, in  0.279 seconds
Domain Reload Profiling: 536ms
	BeginReloadAssembly (135ms)
		DisableScriptedObjects (7ms)
		CreateAndSetChildDomain (36ms)
	RebuildCommonClasses (6ms)
	RebuildNativeTypeToScriptingClass (13ms)
	initialDomainReloadingComplete (36ms)
	LoadAllAssembliesAndSetupDomain (66ms)
		LoadAssemblies (48ms)
		AnalyzeDomain (10ms)
			TypeCache.Refresh (5ms)
			BuildScriptInfoCaches (4ms)
	FinalizeReload (280ms)
		SetupLoadedEditorAssemblies (0ms)
			BeforeProcessingInitializeOnLoad (58ms)
			ProcessInitializeOnLoadAttributes (51ms)
			ProcessInitializeOnLoadMethodAttributes (70ms)
Unloading 0 Unused Serialized files (Serialized files now loaded: 0)
Unloading 64 unused Assets / (1.0 KB). Loaded Objects now: 672.
Memory consumption went from 78.0 MB to 78.0 MB.
Total: 3.818833 ms (FindLiveObjects: 0.024625 ms CreateObjectMapping: 0.008500 ms MarkObjects: 3.762708 ms  DeleteObjects: 0.022458 ms)

Prepare: number of updated asset objects reloaded= 0
========================================================================
Received Import Request.
  Time of request: 2026-09-21T20:17:17.525641Z
  Time since last request: 2.066168083 seconds.
  importAddress: GUID: 75cb18e76ac9c480a807fe3eec6f6556 - Path: Assets/Scripts/NoteData.cs - Importer: PreviewImporter
Importing 'GUID: 75cb18e76ac9c480a807fe3eec6f6556 - Path: Assets/Scripts/NoteData.cs - Importer: PreviewImporter' with importer (PreviewImporter)
Imported 'GUID: 75cb18e76ac9c480a807fe3eec6f6556' -> (Import Result ID: 'f5ac64ab607d26e6ef92e19cf6311133') in 0.000 seconds [static and dynamic dependencies]. Details - ImportResultOutputID=9f6af744735c98cf5a50d39e97eb395e DependenciesID=a94de47a30b9b382e18a8ce73d9d7e6e StaticDependenciesID=5f5a742bbc3fda841f28fee8fb976735 
Number of updated asset objects reloaded before import = 0
Number of asset objects unloaded after import = 0
========================================================================
Received Prepare
AcceleratorClientConnectionCallback - disconnected - :0
Unloading 0 Unused Serialized files (Serialized files now loaded: 0)
Unloading 64 unused Assets / (1.0 KB). Loaded Objects now: 672.
Memory consumption went from 72.3 MB to 72.3 MB.
Total: 38.635333 ms (FindLiveObjects: 0.443709 ms CreateObjectMapping: 0.034834 ms MarkObjects: 37.995750 ms  DeleteObjects: 0.157375 ms)

Prepare: number of updated asset objects reloaded= 0
========================================================================
Received Import Request.
  Time of request: 2026-09-21T20:17:32.896043Z
  Time since last request: 15.369038708 seconds.
  importAddress: GUID: 80acbb79262c341b98d5349f65a26c14 - Path: Assets/Scripts/Rythmgamemanager.cs - Importer: PreviewImporter
Importing 'GUID: 80acbb79262c341b98d5349f65a26c14 - Path: Assets/Scripts/Rythmgamemanager.cs - Importer: PreviewImporter' with importer (PreviewImporter)
Imported 'GUID: 80acbb79262c341b98d5349f65a26c14' -> (Import Result ID: 'ea0148a728e05941c0bebc5ef1121e8e') in 0.087 seconds [static and dynamic dependencies]. Details - ImportResultOutputID=f5588b77d1d5f6f667979e6d1e3582f9 DependenciesID=f5fee1f47d71fcec79d969cbc27926d6 StaticDependenciesID=3e6675d23497db7f0f3392e784c32c40 
Number of updated asset objects reloaded before import = 0
Number of asset objects unloaded after import = 0
========================================================================
Received Import Request.
  Time of request: 2026-09-21T20:18:30.32341Z
  Time since last request: 57.339766375 seconds.
  importAddress: GUID: 80acbb79262c341b98d5349f65a26c14 - Path: Assets/Scripts/Rythmgamemanager.cs - Importer: ScriptedImporter/UnityEditor.QuickSearchModule:UnityEditor.Search:ASIAI0B
Importing 'GUID: 80acbb79262c341b98d5349f65a26c14 - Path: Assets/Scripts/Rythmgamemanager.cs - Importer: ScriptedImporter/UnityEditor.QuickSearchModule:UnityEditor.Search:ASIAI0B' with importer (ScriptedImporter : UnityEditor.QuickSearchModule:UnityEditor.Search:ASIAI0B)
Imported 'GUID: 80acbb79262c341b98d5349f65a26c14' -> (Import Result ID: '4acfce7aaf5548c66c3b4fb8c10e2dbd') in 0.103 seconds [static and dynamic dependencies]. Details - ImportResultOutputID=9cdbc9ebeead4f78f3c978ca788e9a88 DependenciesID=55b9f1607f155044e6d426ea3c59c9f9 StaticDependenciesID=cecc205c26fcb155c3802ca95f4ac6bc 
Number of updated asset objects reloaded before import = 0
Number of asset objects unloaded after import = 0
========================================================================
Received Prepare
AcceleratorClientConnectionCallback - disconnected - :0
Unloading 0 Unused Serialized files (Serialized files now loaded: 0)
Unloading 65 unused Assets / (1.0 KB). Loaded Objects now: 673.
Memory consumption went from 72.5 MB to 72.5 MB.
Total: 5.949541 ms (FindLiveObjects: 0.046709 ms CreateObjectMapping: 0.008917 ms MarkObjects: 5.723042 ms  DeleteObjects: 0.170583 ms)

Prepare: number of updated asset objects reloaded= 0
========================================================================
Received Import Request.
  Time of request: 2026-09-21T20:18:33.399359Z
  Time since last request: 2.9698865 seconds.
  importAddress: GUID: 7c442f11bd2db4562b74601d61833021 - Path: Assets/Scripts/BeatMap.cs - Importer: PreviewImporter
Importing 'GUID: 7c442f11bd2db4562b74601d61833021 - Path: Assets/Scripts/BeatMap.cs - Importer: PreviewImporter' with importer (PreviewImporter)
Imported 'GUID: 7c442f11bd2db4562b74601d61833021' -> (Import Result ID: 'f899ecaa1846fcd34dc123091604e08a') in 0.000 seconds [static and dynamic dependencies]. Details - ImportResultOutputID=2afa493bb0dd3f662c80190347ce0021 DependenciesID=0c44f70c1ca758b3615878f051e93beb StaticDependenciesID=46bd360c22a607c69ca8a92066be253a 
Number of updated asset objects reloaded before import = 0
Number of asset objects unloaded after import = 0
========================================================================
Received Import Request.
  Time of request: 2026-09-21T20:18:34.082258Z
  Time since last request: 0.682440208 seconds.
  importAddress: GUID: 7c442f11bd2db4562b74601d61833021 - Path: Assets/Scripts/BeatMap.cs - Importer: ScriptedImporter/UnityEditor.QuickSearchModule:UnityEditor.Search:ASIAI0B
Importing 'GUID: 7c442f11bd2db4562b74601d61833021 - Path: Assets/Scripts/BeatMap.cs - Importer: ScriptedImporter/UnityEditor.QuickSearchModule:UnityEditor.Search:ASIAI0B' with importer (ScriptedImporter : UnityEditor.QuickSearchModule:UnityEditor.Search:ASIAI0B)
Imported 'GUID: 7c442f11bd2db4562b74601d61833021' -> (Import Result ID: '50e0f3809073ede3ec799632f7bf9557') in 0.002 seconds [static and dynamic dependencies]. Details - ImportResultOutputID=a9ab04941cc84f3570404ee319b6dd4c DependenciesID=23a342395e1829b7a5750cc78721497a StaticDependenciesID=9c50b4f05e994a20e241ac1ea07adba8 
Number of updated asset objects reloaded before import = 0
Number of asset objects unloaded after import = 0
========================================================================
Received Prepare
AcceleratorClientConnectionCallback - disconnected - :0
Unloading 0 Unused Serialized files (Serialized files now loaded: 0)
Unloading 65 unused Assets / (1.0 KB). Loaded Objects now: 673.
Memory consumption went from 72.4 MB to 72.4 MB.
Total: 15.606666 ms (FindLiveObjects: 0.391625 ms CreateObjectMapping: 0.018500 ms MarkObjects: 15.161959 ms  DeleteObjects: 0.034375 ms)

Prepare: number of updated asset objects reloaded= 0
========================================================================
Received Import Request.
  Time of request: 2026-09-21T20:18:50.729344Z
  Time since last request: 16.644830292 seconds.
  importAddress: GUID: 7c442f11bd2db4562b74601d61833021 - Path: Assets/Scripts/BeatMap.cs - Importer: PreviewImporter
Importing 'GUID: 7c442f11bd2db4562b74601d61833021 - Path: Assets/Scripts/BeatMap.cs - Importer: PreviewImporter' with importer (PreviewImporter)
Imported 'GUID: 7c442f11bd2db4562b74601d61833021' -> (Import Result ID: '382a378c3dd07ba999e02878bb3047d2') in 0.011 seconds [static and dynamic dependencies]. Details - ImportResultOutputID=2afa493bb0dd3f662c80190347ce0021 DependenciesID=e46cfec01fad1901a2dd34410c7ec70e StaticDependenciesID=83716f626a4af534dd93d5ef059d872d 
Number of updated asset objects reloaded before import = 0
Number of asset objects unloaded after import = 0
========================================================================
Received Import Request.
  Time of request: 2026-09-21T20:18:51.655488Z
  Time since last request: 0.914977958 seconds.
  importAddress: GUID: 7c442f11bd2db4562b74601d61833021 - Path: Assets/Scripts/BeatMap.cs - Importer: ScriptedImporter/UnityEditor.QuickSearchModule:UnityEditor.Search:ASIAI0B
Importing 'GUID: 7c442f11bd2db4562b74601d61833021 - Path: Assets/Scripts/BeatMap.cs - Importer: ScriptedImporter/UnityEditor.QuickSearchModule:UnityEditor.Search:ASIAI0B' with importer (ScriptedImporter : UnityEditor.QuickSearchModule:UnityEditor.Search:ASIAI0B)
Imported 'GUID: 7c442f11bd2db4562b74601d61833021' -> (Import Result ID: 'e75f1198a36a2eba2b3fb5a3a6648870') in 0.007 seconds [static and dynamic dependencies]. Details - ImportResultOutputID=f1936c73196750377a4a727ca37c2fa3 DependenciesID=8a7de2f61aa226cc8f9fb511a26eb593 StaticDependenciesID=e7d0e6825033d8a5cb0bf8a7e0edfc7b 
Number of updated asset objects reloaded before import = 0
Number of asset objects unloaded after import = 0
========================================================================
Received Prepare
AcceleratorClientConnectionCallback - disconnected - :0
Unloading 0 Unused Serialized files (Serialized files now loaded: 0)
Unloading 66 unused Assets / (1.0 KB). Loaded Objects now: 674.
Memory consumption went from 72.3 MB to 72.3 MB.
Total: 11.637875 ms (FindLiveObjects: 0.144209 ms CreateObjectMapping: 0.017250 ms MarkObjects: 11.436958 ms  DeleteObjects: 0.039250 ms)

Prepare: number of updated asset objects reloaded= 0
========================================================================
Received Import Request.
  Time of request: 2026-09-21T20:19:01.895176Z
  Time since last request: 10.232498833 seconds.
  importAddress: GUID: 6f7d5a7f0e15045ea86ed9592194c72f - Path: Assets/Scripts/NoteSpawner.cs - Importer: PreviewImporter
Importing 'GUID: 6f7d5a7f0e15045ea86ed9592194c72f - Path: Assets/Scripts/NoteSpawner.cs - Importer: PreviewImporter' with importer (PreviewImporter)
Imported 'GUID: 6f7d5a7f0e15045ea86ed9592194c72f' -> (Import Result ID: '11fd3c88c9a67a70a21f64562af6172f') in 0.002 seconds [static and dynamic dependencies]. Details - ImportResultOutputID=262600a1987e3e4796ff2c4d0d4d1417 DependenciesID=ec4ccae48a2d2ee78d96b0d37bd844a0 StaticDependenciesID=4195e1001408d51706d699b3c91bb4e0 
Number of updated asset objects reloaded before import = 0
Number of asset objects unloaded after import = 0
========================================================================
Received Import Request.
  Time of request: 2026-09-21T20:19:02.857283Z
  Time since last request: 0.959428291 seconds.
  importAddress: GUID: 6f7d5a7f0e15045ea86ed9592194c72f - Path: Assets/Scripts/NoteSpawner.cs - Importer: ScriptedImporter/UnityEditor.QuickSearchModule:UnityEditor.Search:ASIAI0B
Importing 'GUID: 6f7d5a7f0e15045ea86ed9592194c72f - Path: Assets/Scripts/NoteSpawner.cs - Importer: ScriptedImporter/UnityEditor.QuickSearchModule:UnityEditor.Search:ASIAI0B' with importer (ScriptedImporter : UnityEditor.QuickSearchModule:UnityEditor.Search:ASIAI0B)
Imported 'GUID: 6f7d5a7f0e15045ea86ed9592194c72f' -> (Import Result ID: '5aa865f61afd19bcc2e4bcd58952ba32') in 0.002 seconds [static and dynamic dependencies]. Details - ImportResultOutputID=363f3ef86846e27aaa6af4e1705dc367 DependenciesID=cf08e2e653d9cb246021124b07a71fb5 StaticDependenciesID=f3122f77aa79cdf7294a4c00880c7341 
Number of updated asset objects reloaded before import = 0
Number of asset objects unloaded after import = 0
========================================================================
Received Prepare
AcceleratorClientConnectionCallback - disconnected - :0
Unloading 0 Unused Serialized files (Serialized files now loaded: 0)
Unloading 66 unused Assets / (1.0 KB). Loaded Objects now: 674.
Memory consumption went from 72.3 MB to 72.3 MB.
Total: 8.485959 ms (FindLiveObjects: 0.102208 ms CreateObjectMapping: 0.016084 ms MarkObjects: 8.342041 ms  DeleteObjects: 0.025417 ms)

Prepare: number of updated asset objects reloaded= 0
========================================================================
Received Import Request.
  Time of request: 2026-09-21T20:19:09.697383Z
  Time since last request: 6.837912375 seconds.
  importAddress: GUID: 6f7d5a7f0e15045ea86ed9592194c72f - Path: Assets/Scripts/NoteSpawner.cs - Importer: PreviewImporter
Importing 'GUID: 6f7d5a7f0e15045ea86ed9592194c72f - Path: Assets/Scripts/NoteSpawner.cs - Importer: PreviewImporter' with importer (PreviewImporter)
Imported 'GUID: 6f7d5a7f0e15045ea86ed9592194c72f' -> (Import Result ID: '1f30f0eda4dee4604f08f6021798672b') in 0.000 seconds [static and dynamic dependencies]. Details - ImportResultOutputID=262600a1987e3e4796ff2c4d0d4d1417 DependenciesID=914f07f05914f03c811ac183171b973a StaticDependenciesID=add473c81a8554085821ba46b9d3536f 
Number of updated asset objects reloaded before import = 0
Number of asset objects unloaded after import = 0
========================================================================
Received Import Request.
  Time of request: 2026-09-21T20:19:10.665691Z
  Time since last request: 0.967682875 seconds.
  importAddress: GUID: 6f7d5a7f0e15045ea86ed9592194c72f - Path: Assets/Scripts/NoteSpawner.cs - Importer: ScriptedImporter/UnityEditor.QuickSearchModule:UnityEditor.Search:ASIAI0B
Importing 'GUID: 6f7d5a7f0e15045ea86ed9592194c72f - Path: Assets/Scripts/NoteSpawner.cs - Importer: ScriptedImporter/UnityEditor.QuickSearchModule:UnityEditor.Search:ASIAI0B' with importer (ScriptedImporter : UnityEditor.QuickSearchModule:UnityEditor.Search:ASIAI0B)
Imported 'GUID: 6f7d5a7f0e15045ea86ed9592194c72f' -> (Import Result ID: '7c6d6e7218c990f1a50dc08be43aeda2') in 0.003 seconds [static and dynamic dependencies]. Details - ImportResultOutputID=a5500d27450eea1c82e2cd46c8ceb801 DependenciesID=94ec5854cf00aad7de6ccb1cbb497f3b StaticDependenciesID=0fe7a6bc1f5e0d877905fa73c43ca851 
Number of updated asset objects reloaded before import = 0
Number of asset objects unloaded after import = 0
========================================================================
Received Prepare
AcceleratorClientConnectionCallback - disconnected - :0
Unloading 0 Unused Serialized files (Serialized files now loaded: 0)
Unloading 67 unused Assets / (1.0 KB). Loaded Objects now: 675.
Memory consumption went from 72.3 MB to 72.3 MB.
Total: 9.216209 ms (FindLiveObjects: 0.122875 ms CreateObjectMapping: 0.016250 ms MarkObjects: 9.045000 ms  DeleteObjects: 0.031667 ms)

Prepare: number of updated asset objects reloaded= 0
========================================================================
Received Import Request.
  Time of request: 2026-09-21T20:19:22.428951Z
  Time since last request: 11.760475 seconds.
  importAddress: GUID: f77f983c0c0024faaa186cb13be58cca - Path: Assets/Scripts/NoteController.cs - Importer: PreviewImporter
Importing 'GUID: f77f983c0c0024faaa186cb13be58cca - Path: Assets/Scripts/NoteController.cs - Importer: PreviewImporter' with importer (PreviewImporter)
Imported 'GUID: f77f983c0c0024faaa186cb13be58cca' -> (Import Result ID: '64a6ae7d26a998e8e828965b238efd7d') in 0.002 seconds [static and dynamic dependencies]. Details - ImportResultOutputID=e787eb3ba8c27317394ecbcff1c7e20a DependenciesID=db8d4721a19d76ffc5381d09514c2e89 StaticDependenciesID=5755d64e2280be39983ea3eafeebaada 
Number of updated asset objects reloaded before import = 0
Number of asset objects unloaded after import = 0
========================================================================
Received Import Request.
  Time of request: 2026-09-21T20:19:23.397417Z
  Time since last request: 0.965326916 seconds.
  importAddress: GUID: f77f983c0c0024faaa186cb13be58cca - Path: Assets/Scripts/NoteController.cs - Importer: ScriptedImporter/UnityEditor.QuickSearchModule:UnityEditor.Search:ASIAI0B
Importing 'GUID: f77f983c0c0024faaa186cb13be58cca - Path: Assets/Scripts/NoteController.cs - Importer: ScriptedImporter/UnityEditor.QuickSearchModule:UnityEditor.Search:ASIAI0B' with importer (ScriptedImporter : UnityEditor.QuickSearchModule:UnityEditor.Search:ASIAI0B)
Imported 'GUID: f77f983c0c0024faaa186cb13be58cca' -> (Import Result ID: 'b5aa41d2a43b9c3a4b686186e2ce7ee5') in 0.002 seconds [static and dynamic dependencies]. Details - ImportResultOutputID=fb0bf87373586f131f3dd3a69ffc792d DependenciesID=efa0bc3d3398f591bcf50b035ed94663 StaticDependenciesID=9e914c6dc6af797425bd315de1c20d8d 
Number of updated asset objects reloaded before import = 0
Number of asset objects unloaded after import = 0
========================================================================
Received Prepare
AcceleratorClientConnectionCallback - disconnected - :0
Begin MonoManager ReloadAssembly
[Licensing::Client] Successfully resolved entitlement details
Thread 0x16b34b000 may have been prematurely finalized
Native extension for OSXStandalone target not found
[Package Manager] Failed to launch server process. Reason: Unity was launched with the -noUpm command-line argument
[Package Manager] Unable to send message (not connected to server process).
[Package Manager] Cannot connect to Unity Package Manager local server
ScheduleIndexationOnStartup MainProcess:False IndexOnStartup:True
Mono: successfully reloaded assembly
- Finished resetting the current domain, in  0.272 seconds
Domain Reload Profiling: 546ms
	BeginReloadAssembly (163ms)
		DisableScriptedObjects (14ms)
		CreateAndSetChildDomain (39ms)
	RebuildCommonClasses (7ms)
	RebuildNativeTypeToScriptingClass (14ms)
	initialDomainReloadingComplete (20ms)
	LoadAllAssembliesAndSetupDomain (70ms)
		LoadAssemblies (60ms)
		AnalyzeDomain (11ms)
			TypeCache.Refresh (6ms)
			BuildScriptInfoCaches (4ms)
	FinalizeReload (273ms)
		SetupLoadedEditorAssemblies (0ms)
			BeforeProcessingInitializeOnLoad (61ms)
			ProcessInitializeOnLoadAttributes (59ms)
			ProcessInitializeOnLoadMethodAttributes (50ms)
Unloading 0 Unused Serialized files (Serialized files now loaded: 0)
Unloading 67 unused Assets / (1.0 KB). Loaded Objects now: 675.
Memory consumption went from 78.4 MB to 78.4 MB.
Total: 3.935875 ms (FindLiveObjects: 0.023083 ms CreateObjectMapping: 0.009209 ms MarkObjects: 3.881416 ms  DeleteObjects: 0.021834 ms)

Prepare: number of updated asset objects reloaded= 0
========================================================================
Received Import Request.
  Time of request: 2026-09-21T20:19:42.774975Z
  Time since last request: 19.375698583 seconds.
  importAddress: GUID: f77f983c0c0024faaa186cb13be58cca - Path: Assets/Scripts/NoteController.cs - Importer: ScriptedImporter/UnityEditor.QuickSearchModule:UnityEditor.Search:ASIAI0B
Importing 'GUID: f77f983c0c0024faaa186cb13be58cca - Path: Assets/Scripts/NoteController.cs - Importer: ScriptedImporter/UnityEditor.QuickSearchModule:UnityEditor.Search:ASIAI0B' with importer (ScriptedImporter : UnityEditor.QuickSearchModule:UnityEditor.Search:ASIAI0B)
Imported 'GUID: f77f983c0c0024faaa186cb13be58cca' -> (Import Result ID: '858c8261edc8e6acecfe1265c226e966') in 0.055 seconds [static and dynamic dependencies]. Details - ImportResultOutputID=3911cbd603a18dab01509eb95c0147b4 DependenciesID=3d87e8ea8d60299157774f655c91767c StaticDependenciesID=40863b4f5dee1f0174f65736a000af1f 
Number of updated asset objects reloaded before import = 0
Number of asset objects unloaded after import = 0
========================================================================
Received Prepare
AcceleratorClientConnectionCallback - disconnected - :0
Unloading 0 Unused Serialized files (Serialized files now loaded: 0)
Unloading 68 unused Assets / (1.0 KB). Loaded Objects now: 676.
Memory consumption went from 72.4 MB to 72.4 MB.
Total: 4.975166 ms (FindLiveObjects: 0.041166 ms CreateObjectMapping: 0.008833 ms MarkObjects: 4.906542 ms  DeleteObjects: 0.018375 ms)

Prepare: number of updated asset objects reloaded= 0
========================================================================
Received Import Request.
  Time of request: 2026-09-21T20:19:48.646116Z
  Time since last request: 5.805874167 seconds.
  importAddress: GUID: b3ae5a5a375c3472f8640c64727001ac - Path: Assets/Scripts/InputHandler.cs - Importer: PreviewImporter
Importing 'GUID: b3ae5a5a375c3472f8640c64727001ac - Path: Assets/Scripts/InputHandler.cs - Importer: PreviewImporter' with importer (PreviewImporter)
Imported 'GUID: b3ae5a5a375c3472f8640c64727001ac' -> (Import Result ID: '241d750cbb0ca0a0da75d2a796350980') in 0.000 seconds [static and dynamic dependencies]. Details - ImportResultOutputID=5bcd1024fefcd9e64bd36a52825f41a9 DependenciesID=541c050a01f57a998883c8ed52f8d6f3 StaticDependenciesID=f17588eed90e6dba17ccff071c043d31 
Number of updated asset objects reloaded before import = 0
Number of asset objects unloaded after import = 0
========================================================================
Received Prepare
AcceleratorClientConnectionCallback - disconnected - :0
Begin MonoManager ReloadAssembly
Thread 0x16b34b000 may have been prematurely finalized
Native extension for OSXStandalone target not found
[Package Manager] Failed to launch server process. Reason: Unity was launched with the -noUpm command-line argument
[Package Manager] Unable to send message (not connected to server process).
[Package Manager] Cannot connect to Unity Package Manager local server
ScheduleIndexationOnStartup MainProcess:False IndexOnStartup:True
Mono: successfully reloaded assembly
- Finished resetting the current domain, in  0.257 seconds
Domain Reload Profiling: 476ms
	BeginReloadAssembly (114ms)
		DisableScriptedObjects (4ms)
		CreateAndSetChildDomain (28ms)
	RebuildCommonClasses (7ms)
	RebuildNativeTypeToScriptingClass (13ms)
	initialDomainReloadingComplete (19ms)
	LoadAllAssembliesAndSetupDomain (64ms)
		LoadAssemblies (44ms)
		AnalyzeDomain (10ms)
			TypeCache.Refresh (5ms)
			BuildScriptInfoCaches (4ms)
	FinalizeReload (258ms)
		SetupLoadedEditorAssemblies (0ms)
			BeforeProcessingInitializeOnLoad (61ms)
			ProcessInitializeOnLoadAttributes (47ms)
			ProcessInitializeOnLoadMethodAttributes (54ms)
Unloading 0 Unused Serialized files (Serialized files now loaded: 0)
Unloading 68 unused Assets / (1.0 KB). Loaded Objects now: 676.
Memory consumption went from 78.1 MB to 78.1 MB.
Total: 3.839166 ms (FindLiveObjects: 0.041334 ms CreateObjectMapping: 0.009917 ms MarkObjects: 3.769167 ms  DeleteObjects: 0.018375 ms)

Prepare: number of updated asset objects reloaded= 0
========================================================================
Received Import Request.
  Time of request: 2026-09-21T20:19:51.422222Z
  Time since last request: 2.775629542 seconds.
  importAddress: GUID: b3ae5a5a375c3472f8640c64727001ac - Path: Assets/Scripts/InputHandler.cs - Importer: PreviewImporter
Importing 'GUID: b3ae5a5a375c3472f8640c64727001ac - Path: Assets/Scripts/InputHandler.cs - Importer: PreviewImporter' with importer (PreviewImporter)
Imported 'GUID: b3ae5a5a375c3472f8640c64727001ac' -> (Import Result ID: '27764229cb4578d1580eed757dfb4258') in 0.001 seconds [static and dynamic dependencies]. Details - ImportResultOutputID=5bcd1024fefcd9e64bd36a52825f41a9 DependenciesID=a4b72469e4f1b25d1caa5e8a4c0929d2 StaticDependenciesID=f17588eed90e6dba17ccff071c043d31 
Number of updated asset objects reloaded before import = 0
Number of asset objects unloaded after import = 0
========================================================================
Received Prepare
AcceleratorClientConnectionCallback - disconnected - :0
Unloading 0 Unused Serialized files (Serialized files now loaded: 0)
Unloading 68 unused Assets / (1.0 KB). Loaded Objects now: 676.
Memory consumption went from 72.3 MB to 72.3 MB.
Total: 21.824917 ms (FindLiveObjects: 0.117000 ms CreateObjectMapping: 0.014542 ms MarkObjects: 21.632583 ms  DeleteObjects: 0.060417 ms)

Prepare: number of updated asset objects reloaded= 0
========================================================================
Received Import Request.
  Time of request: 2026-09-21T20:20:03.268048Z
  Time since last request: 11.844730958 seconds.
  importAddress: GUID: b3ae5a5a375c3472f8640c64727001ac - Path: Assets/Scripts/InputHandler.cs - Importer: PreviewImporter
Importing 'GUID: b3ae5a5a375c3472f8640c64727001ac - Path: Assets/Scripts/InputHandler.cs - Importer: PreviewImporter' with importer (PreviewImporter)
Imported 'GUID: b3ae5a5a375c3472f8640c64727001ac' -> (Import Result ID: '1258245852bac74287095f4ad5737492') in 0.008 seconds [static and dynamic dependencies]. Details - ImportResultOutputID=5bcd1024fefcd9e64bd36a52825f41a9 DependenciesID=d9bc5cd0a15eeb5be6e310064cf973dd StaticDependenciesID=3f5e232199c848c39089f7b668df61b0 
Number of updated asset objects reloaded before import = 0
Number of asset objects unloaded after import = 0
========================================================================
Received Import Request.
  Time of request: 2026-09-21T20:20:10.07301Z
  Time since last request: 6.796065125 seconds.
  importAddress: GUID: b3ae5a5a375c3472f8640c64727001ac - Path: Assets/Scripts/InputHandler.cs - Importer: ScriptedImporter/UnityEditor.QuickSearchModule:UnityEditor.Search:ASIAI0B
Importing 'GUID: b3ae5a5a375c3472f8640c64727001ac - Path: Assets/Scripts/InputHandler.cs - Importer: ScriptedImporter/UnityEditor.QuickSearchModule:UnityEditor.Search:ASIAI0B' with importer (ScriptedImporter : UnityEditor.QuickSearchModule:UnityEditor.Search:ASIAI0B)
Imported 'GUID: b3ae5a5a375c3472f8640c64727001ac' -> (Import Result ID: 'a96ae2a8614771781e58115d627229e8') in 0.153 seconds [static and dynamic dependencies]. Details - ImportResultOutputID=7e51e0ee73d678c2da07d80f57ae9d44 DependenciesID=3d9337329d41859add7ba437b952047b StaticDependenciesID=cf5cc50d9d9e22dac1a91f52781086d1 
Number of updated asset objects reloaded before import = 0
Number of asset objects unloaded after import = 0
========================================================================
Received Prepare
AcceleratorClientConnectionCallback - disconnected - :0
Unloading 0 Unused Serialized files (Serialized files now loaded: 0)
Unloading 69 unused Assets / (1.0 KB). Loaded Objects now: 677.
Memory consumption went from 72.6 MB to 72.5 MB.
Total: 21.978792 ms (FindLiveObjects: 0.095875 ms CreateObjectMapping: 0.014500 ms MarkObjects: 21.832125 ms  DeleteObjects: 0.035959 ms)

Prepare: number of updated asset objects reloaded= 0
========================================================================
Received Import Request.
  Time of request: 2026-09-21T20:20:22.38559Z
  Time since last request: 12.157225458 seconds.
  importAddress: GUID: 6594935dd17ef4420b511f73b7b7b7d2 - Path: Assets/Scripts/FencePainter.cs - Importer: PreviewImporter
Importing 'GUID: 6594935dd17ef4420b511f73b7b7b7d2 - Path: Assets/Scripts/FencePainter.cs - Importer: PreviewImporter' with importer (PreviewImporter)
Imported 'GUID: 6594935dd17ef4420b511f73b7b7b7d2' -> (Import Result ID: '3966d4ea08c84080dc884ac47158fdb3') in 0.001 seconds [static and dynamic dependencies]. Details - ImportResultOutputID=2d27a5467724fe7b33afadae308852af DependenciesID=22ff9b234aab624b7c50b0c0484145c5 StaticDependenciesID=eb211d7454035ccfa5a91ddf6cafe931 
Number of updated asset objects reloaded before import = 0
Number of asset objects unloaded after import = 0
========================================================================
Received Import Request.
  Time of request: 2026-09-21T20:20:23.347676Z
  Time since last request: 0.960464542 seconds.
  importAddress: GUID: 6594935dd17ef4420b511f73b7b7b7d2 - Path: Assets/Scripts/FencePainter.cs - Importer: ScriptedImporter/UnityEditor.QuickSearchModule:UnityEditor.Search:ASIAI0B
Importing 'GUID: 6594935dd17ef4420b511f73b7b7b7d2 - Path: Assets/Scripts/FencePainter.cs - Importer: ScriptedImporter/UnityEditor.QuickSearchModule:UnityEditor.Search:ASIAI0B' with importer (ScriptedImporter : UnityEditor.QuickSearchModule:UnityEditor.Search:ASIAI0B)
Imported 'GUID: 6594935dd17ef4420b511f73b7b7b7d2' -> (Import Result ID: '5c7f0e02f480e4d1c9cc6e9f2dac148f') in 0.002 seconds [static and dynamic dependencies]. Details - ImportResultOutputID=98d70a0672ac7d57ffc933963eabaf85 DependenciesID=d9730a626a28d3828ea492b5acbd337a StaticDependenciesID=8ca710a48d4a86b81036b2649c8d8331 
Number of updated asset objects reloaded before import = 0
Number of asset objects unloaded after import = 0
========================================================================
Received Prepare
AcceleratorClientConnectionCallback - disconnected - :0
Unloading 0 Unused Serialized files (Serialized files now loaded: 0)
Unloading 69 unused Assets / (1.0 KB). Loaded Objects now: 677.
Memory consumption went from 72.4 MB to 72.4 MB.
Total: 9.866750 ms (FindLiveObjects: 0.368625 ms CreateObjectMapping: 0.021709 ms MarkObjects: 9.442083 ms  DeleteObjects: 0.034083 ms)

Prepare: number of updated asset objects reloaded= 0
========================================================================
Received Import Request.
  Time of request: 2026-09-21T20:20:32.439891Z
  Time since last request: 9.089990083 seconds.
  importAddress: GUID: 6594935dd17ef4420b511f73b7b7b7d2 - Path: Assets/Scripts/FencePainter.cs - Importer: PreviewImporter
Importing 'GUID: 6594935dd17ef4420b511f73b7b7b7d2 - Path: Assets/Scripts/FencePainter.cs - Importer: PreviewImporter' with importer (PreviewImporter)
Imported 'GUID: 6594935dd17ef4420b511f73b7b7b7d2' -> (Import Result ID: 'ff1865d28dec158ca35ca0dbcd16041c') in 0.011 seconds [static and dynamic dependencies]. Details - ImportResultOutputID=2d27a5467724fe7b33afadae308852af DependenciesID=adb4ab938045bbac97b6cf72c64d56bb StaticDependenciesID=ffd3e4a5d19da1c33c8074f8ba1e41bd 
Number of updated asset objects reloaded before import = 0
Number of asset objects unloaded after import = 0
========================================================================
Received Import Request.
  Time of request: 2026-09-21T20:20:37.044876Z
  Time since last request: 4.592705417 seconds.
  importAddress: GUID: 6594935dd17ef4420b511f73b7b7b7d2 - Path: Assets/Scripts/FencePainter.cs - Importer: ScriptedImporter/UnityEditor.QuickSearchModule:UnityEditor.Search:ASIAI0B
Importing 'GUID: 6594935dd17ef4420b511f73b7b7b7d2 - Path: Assets/Scripts/FencePainter.cs - Importer: ScriptedImporter/UnityEditor.QuickSearchModule:UnityEditor.Search:ASIAI0B' with importer (ScriptedImporter : UnityEditor.QuickSearchModule:UnityEditor.Search:ASIAI0B)
Imported 'GUID: 6594935dd17ef4420b511f73b7b7b7d2' -> (Import Result ID: 'f5a22f3b2b9f74e2f19336af6a87f285') in 0.007 seconds [static and dynamic dependencies]. Details - ImportResultOutputID=20c4a4b774d069c4231c92c8bfa6ca34 DependenciesID=e61465aa07ffff42f67da78c5cbac495 StaticDependenciesID=59e1c840e07ddc14f47daee888deed80 
Number of updated asset objects reloaded before import = 0
Number of asset objects unloaded after import = 0
========================================================================
Received Prepare
AcceleratorClientConnectionCallback - disconnected - :0
Unloading 0 Unused Serialized files (Serialized files now loaded: 0)
Unloading 70 unused Assets / (1.0 KB). Loaded Objects now: 678.
Memory consumption went from 72.4 MB to 72.4 MB.
Total: 18.010000 ms (FindLiveObjects: 0.126291 ms CreateObjectMapping: 0.017500 ms MarkObjects: 17.825542 ms  DeleteObjects: 0.040375 ms)

Prepare: number of updated asset objects reloaded= 0
========================================================================
Received Import Request.
  Time of request: 2026-09-21T20:20:41.164168Z
  Time since last request: 4.111930916 seconds.
  importAddress: GUID: d9a4c926cd88a40daaf0125cbaa4dfa6 - Path: Assets/Scripts/Painttarget.cs - Importer: PreviewImporter
Importing 'GUID: d9a4c926cd88a40daaf0125cbaa4dfa6 - Path: Assets/Scripts/Painttarget.cs - Importer: PreviewImporter' with importer (PreviewImporter)
Imported 'GUID: d9a4c926cd88a40daaf0125cbaa4dfa6' -> (Import Result ID: '2a8759a61c91ebcd81fe78534ec2f574') in 0.001 seconds [static and dynamic dependencies]. Details - ImportResultOutputID=9f852bed3daebc0094efc19fb28b21b9 DependenciesID=e5b23f73c1eae69c767f255c7173f041 StaticDependenciesID=96080e1213599396ffaf97e452b20734 
Number of updated asset objects reloaded before import = 0
Number of asset objects unloaded after import = 0
========================================================================
Received Import Request.
  Time of request: 2026-09-21T20:20:42.124007Z
  Time since last request: 0.95909025 seconds.
  importAddress: GUID: d9a4c926cd88a40daaf0125cbaa4dfa6 - Path: Assets/Scripts/Painttarget.cs - Importer: ScriptedImporter/UnityEditor.QuickSearchModule:UnityEditor.Search:ASIAI0B
Importing 'GUID: d9a4c926cd88a40daaf0125cbaa4dfa6 - Path: Assets/Scripts/Painttarget.cs - Importer: ScriptedImporter/UnityEditor.QuickSearchModule:UnityEditor.Search:ASIAI0B' with importer (ScriptedImporter : UnityEditor.QuickSearchModule:UnityEditor.Search:ASIAI0B)
Imported 'GUID: d9a4c926cd88a40daaf0125cbaa4dfa6' -> (Import Result ID: '938c6e0f121ecb86d7dec59cd4847db4') in 0.003 seconds [static and dynamic dependencies]. Details - ImportResultOutputID=c0416e306732c7fea9bdf0c2adc2dc8e DependenciesID=18720ca0f98c6999bffd268bff9c0678 StaticDependenciesID=ecdd30cdb425cf15db32a0ee29317096 
Number of updated asset objects reloaded before import = 0
Number of asset objects unloaded after import = 0
========================================================================
Received Prepare
AcceleratorClientConnectionCallback - disconnected - :0
Unloading 0 Unused Serialized files (Serialized files now loaded: 0)
Unloading 70 unused Assets / (1.0 KB). Loaded Objects now: 678.
Memory consumption went from 72.4 MB to 72.4 MB.
Total: 8.813166 ms (FindLiveObjects: 0.124208 ms CreateObjectMapping: 0.016792 ms MarkObjects: 8.645166 ms  DeleteObjects: 0.026625 ms)

Prepare: number of updated asset objects reloaded= 0
========================================================================
Received Import Request.
  Time of request: 2026-09-21T20:21:00.845917Z
  Time since last request: 18.718768333 seconds.
  importAddress: GUID: d9a4c926cd88a40daaf0125cbaa4dfa6 - Path: Assets/Scripts/Painttarget.cs - Importer: PreviewImporter
Importing 'GUID: d9a4c926cd88a40daaf0125cbaa4dfa6 - Path: Assets/Scripts/Painttarget.cs - Importer: PreviewImporter' with importer (PreviewImporter)
Imported 'GUID: d9a4c926cd88a40daaf0125cbaa4dfa6' -> (Import Result ID: 'e2f52132bf10ad48b69930d01e60e791') in 0.007 seconds [static and dynamic dependencies]. Details - ImportResultOutputID=9f852bed3daebc0094efc19fb28b21b9 DependenciesID=f47312f393bd5c3567031e5814082f70 StaticDependenciesID=b676f707c10eef1295c241c51e371707 
Number of updated asset objects reloaded before import = 0
Number of asset objects unloaded after import = 0
========================================================================
Received Import Request.
  Time of request: 2026-09-21T20:21:01.785315Z
  Time since last request: 0.931943334 seconds.
  importAddress: GUID: d9a4c926cd88a40daaf0125cbaa4dfa6 - Path: Assets/Scripts/Painttarget.cs - Importer: ScriptedImporter/UnityEditor.QuickSearchModule:UnityEditor.Search:ASIAI0B
Importing 'GUID: d9a4c926cd88a40daaf0125cbaa4dfa6 - Path: Assets/Scripts/Painttarget.cs - Importer: ScriptedImporter/UnityEditor.QuickSearchModule:UnityEditor.Search:ASIAI0B' with importer (ScriptedImporter : UnityEditor.QuickSearchModule:UnityEditor.Search:ASIAI0B)
Imported 'GUID: d9a4c926cd88a40daaf0125cbaa4dfa6' -> (Import Result ID: 'bcda95993f7c6b55a93183c26ad2d6b3') in 0.005 seconds [static and dynamic dependencies]. Details - ImportResultOutputID=117d379d9b1f4e5be0e8dde71d3563e8 DependenciesID=4cedb30b7c184016dfe3c7ab6c3dd796 StaticDependenciesID=37980789dab131ab172cef95f3029d2d 
Number of updated asset objects reloaded before import = 0
Number of asset objects unloaded after import = 0
========================================================================
Received Prepare
AcceleratorClientConnectionCallback - disconnected - :0
Unloading 0 Unused Serialized files (Serialized files now loaded: 0)
Unloading 71 unused Assets / (1.0 KB). Loaded Objects now: 679.
Memory consumption went from 72.4 MB to 72.4 MB.
Total: 12.283959 ms (FindLiveObjects: 0.147208 ms CreateObjectMapping: 0.022250 ms MarkObjects: 12.089500 ms  DeleteObjects: 0.024875 ms)

Prepare: number of updated asset objects reloaded= 0
========================================================================
Received Import Request.
  Time of request: 2026-09-21T20:21:09.040256Z
  Time since last request: 7.250058375 seconds.
  importAddress: GUID: 6a5696bbb96e640f89a11638e7807e55 - Path: Assets/Scripts/Paintbrush.cs - Importer: PreviewImporter
Importing 'GUID: 6a5696bbb96e640f89a11638e7807e55 - Path: Assets/Scripts/Paintbrush.cs - Importer: PreviewImporter' with importer (PreviewImporter)
Imported 'GUID: 6a5696bbb96e640f89a11638e7807e55' -> (Import Result ID: '2e80b44ec1ba009a7752e0692b2034eb') in 0.000 seconds [static and dynamic dependencies]. Details - ImportResultOutputID=45ae1ac937e396d5d30670d3704e56f5 DependenciesID=3208f2476c4bf82673136e0a55892543 StaticDependenciesID=2aa10bfefe71ef58099a4db518d6cb85 
Number of updated asset objects reloaded before import = 0
Number of asset objects unloaded after import = 0
========================================================================
Received Import Request.
  Time of request: 2026-09-21T20:21:10.016599Z
  Time since last request: 0.975703125 seconds.
  importAddress: GUID: 6a5696bbb96e640f89a11638e7807e55 - Path: Assets/Scripts/Paintbrush.cs - Importer: ScriptedImporter/UnityEditor.QuickSearchModule:UnityEditor.Search:ASIAI0B
Importing 'GUID: 6a5696bbb96e640f89a11638e7807e55 - Path: Assets/Scripts/Paintbrush.cs - Importer: ScriptedImporter/UnityEditor.QuickSearchModule:UnityEditor.Search:ASIAI0B' with importer (ScriptedImporter : UnityEditor.QuickSearchModule:UnityEditor.Search:ASIAI0B)
Imported 'GUID: 6a5696bbb96e640f89a11638e7807e55' -> (Import Result ID: 'c32dafe762ca0d2bcc5bb8e4418411f9') in 0.002 seconds [static and dynamic dependencies]. Details - ImportResultOutputID=e9647f16b241f5b8e1ca9bb4278dcf4b DependenciesID=f2b8d138d4250d57df3aed23784a4e2f StaticDependenciesID=9e50f2e1d1b68604c5810625a3982182 
Number of updated asset objects reloaded before import = 0
Number of asset objects unloaded after import = 0
========================================================================
Received Prepare
AcceleratorClientConnectionCallback - disconnected - :0
Unloading 0 Unused Serialized files (Serialized files now loaded: 0)
Unloading 71 unused Assets / (1.0 KB). Loaded Objects now: 679.
Memory consumption went from 72.4 MB to 72.4 MB.
Total: 8.637166 ms (FindLiveObjects: 0.126791 ms CreateObjectMapping: 0.017417 ms MarkObjects: 8.467292 ms  DeleteObjects: 0.025500 ms)

Prepare: number of updated asset objects reloaded= 0
========================================================================
Received Import Request.
  Time of request: 2026-09-21T20:21:17.782293Z
  Time since last request: 7.763339833 seconds.
  importAddress: GUID: 6a5696bbb96e640f89a11638e7807e55 - Path: Assets/Scripts/Paintbrush.cs - Importer: PreviewImporter
Importing 'GUID: 6a5696bbb96e640f89a11638e7807e55 - Path: Assets/Scripts/Paintbrush.cs - Importer: PreviewImporter' with importer (PreviewImporter)
Imported 'GUID: 6a5696bbb96e640f89a11638e7807e55' -> (Import Result ID: '9104b75577b2629ec5644b7bd399eb0d') in 0.008 seconds [static and dynamic dependencies]. Details - ImportResultOutputID=45ae1ac937e396d5d30670d3704e56f5 DependenciesID=8e4697be5891968033d26bf7d2eecb4d StaticDependenciesID=f03c99bd2867cd8cac88141cb6720b55 
Number of updated asset objects reloaded before import = 0
Number of asset objects unloaded after import = 0
========================================================================
Received Import Request.
  Time of request: 2026-09-21T20:21:18.731398Z
  Time since last request: 0.940002333 seconds.
  importAddress: GUID: 6a5696bbb96e640f89a11638e7807e55 - Path: Assets/Scripts/Paintbrush.cs - Importer: ScriptedImporter/UnityEditor.QuickSearchModule:UnityEditor.Search:ASIAI0B
Importing 'GUID: 6a5696bbb96e640f89a11638e7807e55 - Path: Assets/Scripts/Paintbrush.cs - Importer: ScriptedImporter/UnityEditor.QuickSearchModule:UnityEditor.Search:ASIAI0B' with importer (ScriptedImporter : UnityEditor.QuickSearchModule:UnityEditor.Search:ASIAI0B)
Imported 'GUID: 6a5696bbb96e640f89a11638e7807e55' -> (Import Result ID: 'df03e516b8a7c8f104224ed1362bb734') in 0.004 seconds [static and dynamic dependencies]. Details - ImportResultOutputID=9bcd4fe04c061bde39c46960da4a85eb DependenciesID=fb66ed18509674ebadaa11ed661f75a5 StaticDependenciesID=d0e51336dd75ae280c35a4314eb01fa8 
Number of updated asset objects reloaded before import = 0
Number of asset objects unloaded after import = 0
========================================================================
Received Prepare
AcceleratorClientConnectionCallback - disconnected - :0
Unloading 0 Unused Serialized files (Serialized files now loaded: 0)
Unloading 72 unused Assets / (1.0 KB). Loaded Objects now: 680.
Memory consumption went from 72.4 MB to 72.4 MB.
Total: 16.658083 ms (FindLiveObjects: 0.228041 ms CreateObjectMapping: 0.048292 ms MarkObjects: 16.340541 ms  DeleteObjects: 0.040959 ms)

Prepare: number of updated asset objects reloaded= 0
========================================================================
Received Import Request.
  Time of request: 2026-09-21T20:21:30.78402Z
  Time since last request: 12.048563708 seconds.
  importAddress: GUID: ff4f7b2d77e8742dd97c1255699e2394 - Path: Assets/Scripts/ScoreUI.cs - Importer: PreviewImporter
Importing 'GUID: ff4f7b2d77e8742dd97c1255699e2394 - Path: Assets/Scripts/ScoreUI.cs - Importer: PreviewImporter' with importer (PreviewImporter)
Imported 'GUID: ff4f7b2d77e8742dd97c1255699e2394' -> (Import Result ID: '862c74430febe7d042f644f860b33772') in 0.003 seconds [static and dynamic dependencies]. Details - ImportResultOutputID=fb32fccbfee5ea5572083b40d4ac0747 DependenciesID=f316853e00447316e5e9f277b6d4b229 StaticDependenciesID=608d61f6f82b5e9db137f157b9a0bbd3 
Number of updated asset objects reloaded before import = 0
Number of asset objects unloaded after import = 0
========================================================================
Received Import Request.
  Time of request: 2026-09-21T20:21:31.756694Z
  Time since last request: 0.969070791 seconds.
  importAddress: GUID: ff4f7b2d77e8742dd97c1255699e2394 - Path: Assets/Scripts/ScoreUI.cs - Importer: ScriptedImporter/UnityEditor.QuickSearchModule:UnityEditor.Search:ASIAI0B
Importing 'GUID: ff4f7b2d77e8742dd97c1255699e2394 - Path: Assets/Scripts/ScoreUI.cs - Importer: ScriptedImporter/UnityEditor.QuickSearchModule:UnityEditor.Search:ASIAI0B' with importer (ScriptedImporter : UnityEditor.QuickSearchModule:UnityEditor.Search:ASIAI0B)
Imported 'GUID: ff4f7b2d77e8742dd97c1255699e2394' -> (Import Result ID: 'eb9d6ffbabe08ec0fccc90eb76e23c27') in 0.002 seconds [static and dynamic dependencies]. Details - ImportResultOutputID=7ea888b76b776a2b45ef4ee4dae90863 DependenciesID=a36de91d35da269d0a8a8b29db4625a6 StaticDependenciesID=aff5305921d801f2c3c6cf33ebcf905b 
Number of updated asset objects reloaded before import = 0
Number of asset objects unloaded after import = 0
========================================================================
Received Prepare
AcceleratorClientConnectionCallback - disconnected - :0
Unloading 0 Unused Serialized files (Serialized files now loaded: 0)
Unloading 72 unused Assets / (1.0 KB). Loaded Objects now: 680.
Memory consumption went from 72.4 MB to 72.4 MB.
Total: 9.935083 ms (FindLiveObjects: 0.132209 ms CreateObjectMapping: 0.015333 ms MarkObjects: 9.740042 ms  DeleteObjects: 0.047333 ms)

Prepare: number of updated asset objects reloaded= 0
========================================================================
Received Import Request.
  Time of request: 2026-09-21T20:21:41.028006Z
  Time since last request: 9.269339833 seconds.
  importAddress: GUID: ff4f7b2d77e8742dd97c1255699e2394 - Path: Assets/Scripts/ScoreUI.cs - Importer: PreviewImporter
Importing 'GUID: ff4f7b2d77e8742dd97c1255699e2394 - Path: Assets/Scripts/ScoreUI.cs - Importer: PreviewImporter' with importer (PreviewImporter)
Imported 'GUID: ff4f7b2d77e8742dd97c1255699e2394' -> (Import Result ID: 'f743ef5beef95f703c4f68bb26a421bb') in 0.010 seconds [static and dynamic dependencies]. Details - ImportResultOutputID=fb32fccbfee5ea5572083b40d4ac0747 DependenciesID=666ee13ec35fd7e958364fffab030864 StaticDependenciesID=f3fd10db29a79a674aef27694a6f2a2b 
Number of updated asset objects reloaded before import = 0
Number of asset objects unloaded after import = 0
========================================================================
Received Import Request.
  Time of request: 2026-09-21T20:21:41.954664Z
  Time since last request: 0.916259416 seconds.
  importAddress: GUID: ff4f7b2d77e8742dd97c1255699e2394 - Path: Assets/Scripts/ScoreUI.cs - Importer: ScriptedImporter/UnityEditor.QuickSearchModule:UnityEditor.Search:ASIAI0B
Importing 'GUID: ff4f7b2d77e8742dd97c1255699e2394 - Path: Assets/Scripts/ScoreUI.cs - Importer: ScriptedImporter/UnityEditor.QuickSearchModule:UnityEditor.Search:ASIAI0B' with importer (ScriptedImporter : UnityEditor.QuickSearchModule:UnityEditor.Search:ASIAI0B)
Imported 'GUID: ff4f7b2d77e8742dd97c1255699e2394' -> (Import Result ID: '1cb75ae35ea0b246586519e6bbba05a7') in 0.006 seconds [static and dynamic dependencies]. Details - ImportResultOutputID=6ad51bbe9bb122475f7521bbe23dde3e DependenciesID=fe6db69d38e124ad368605c4d0db3776 StaticDependenciesID=b6c21565c697a6d8336d5f4a988b3eb8 
Number of updated asset objects reloaded before import = 0
Number of asset objects unloaded after import = 0
========================================================================
Received Prepare
AcceleratorClientConnectionCallback - disconnected - :0
Unloading 0 Unused Serialized files (Serialized files now loaded: 0)
Unloading 73 unused Assets / (1.0 KB). Loaded Objects now: 681.
Memory consumption went from 72.4 MB to 72.4 MB.
Total: 11.910208 ms (FindLiveObjects: 0.121500 ms CreateObjectMapping: 0.019959 ms MarkObjects: 11.738042 ms  DeleteObjects: 0.030125 ms)

Prepare: number of updated asset objects reloaded= 0
========================================================================
Received Import Request.
  Time of request: 2026-09-21T20:21:51.34587Z
  Time since last request: 9.385106542 seconds.
  importAddress: GUID: 136af807b86354e489d6a7b07c58382d - Path: Assets/Scripts/Gameoverui.cs - Importer: PreviewImporter
Importing 'GUID: 136af807b86354e489d6a7b07c58382d - Path: Assets/Scripts/Gameoverui.cs - Importer: PreviewImporter' with importer (PreviewImporter)
Imported 'GUID: 136af807b86354e489d6a7b07c58382d' -> (Import Result ID: '23ab2e4ef7ce2202e58fc001057cdc7c') in 0.001 seconds [static and dynamic dependencies]. Details - ImportResultOutputID=c89565e3decd6c6c9b310c704ecff116 DependenciesID=3df9d8b205ed5c12b59c5cafee9f2412 StaticDependenciesID=3aba3821565d65edc065c7a11c98094b 
Number of updated asset objects reloaded before import = 0
Number of asset objects unloaded after import = 0
========================================================================
Received Import Request.
  Time of request: 2026-09-21T20:21:52.035569Z
  Time since last request: 0.688975291 seconds.
  importAddress: GUID: 136af807b86354e489d6a7b07c58382d - Path: Assets/Scripts/Gameoverui.cs - Importer: ScriptedImporter/UnityEditor.QuickSearchModule:UnityEditor.Search:ASIAI0B
Importing 'GUID: 136af807b86354e489d6a7b07c58382d - Path: Assets/Scripts/Gameoverui.cs - Importer: ScriptedImporter/UnityEditor.QuickSearchModule:UnityEditor.Search:ASIAI0B' with importer (ScriptedImporter : UnityEditor.QuickSearchModule:UnityEditor.Search:ASIAI0B)
Imported 'GUID: 136af807b86354e489d6a7b07c58382d' -> (Import Result ID: '8653ca3a310371e986d70fd75526bd7a') in 0.002 seconds [static and dynamic dependencies]. Details - ImportResultOutputID=4ecca2230f55e9de5d0230037013cfb7 DependenciesID=76066605ecd9c4060518f9a81a6a60be StaticDependenciesID=d6328de591b89dcf2211973ce4eba402 
Number of updated asset objects reloaded before import = 0
Number of asset objects unloaded after import = 0
========================================================================
Received Prepare
AcceleratorClientConnectionCallback - disconnected - :0
Unloading 0 Unused Serialized files (Serialized files now loaded: 0)
Unloading 73 unused Assets / (1.0 KB). Loaded Objects now: 681.
Memory consumption went from 72.4 MB to 72.4 MB.
Total: 8.955375 ms (FindLiveObjects: 0.139375 ms CreateObjectMapping: 0.015375 ms MarkObjects: 8.746250 ms  DeleteObjects: 0.054250 ms)

Prepare: number of updated asset objects reloaded= 0
========================================================================
Received Import Request.
  Time of request: 2026-09-21T20:21:58.162847Z
  Time since last request: 6.125239125 seconds.
  importAddress: GUID: 136af807b86354e489d6a7b07c58382d - Path: Assets/Scripts/Gameoverui.cs - Importer: PreviewImporter
Importing 'GUID: 136af807b86354e489d6a7b07c58382d - Path: Assets/Scripts/Gameoverui.cs - Importer: PreviewImporter' with importer (PreviewImporter)
Imported 'GUID: 136af807b86354e489d6a7b07c58382d' -> (Import Result ID: 'cf7413209d61a16bd33f9d7e693d1c6f') in 0.008 seconds [static and dynamic dependencies]. Details - ImportResultOutputID=c89565e3decd6c6c9b310c704ecff116 DependenciesID=6377a574adf42c47ddf36ac0c489622d StaticDependenciesID=a0b195e850ed013dd5cf3934716894dd 
Number of updated asset objects reloaded before import = 0
Number of asset objects unloaded after import = 0
========================================================================
Received Import Request.
  Time of request: 2026-09-21T20:21:59.099644Z
  Time since last request: 0.927834208 seconds.
  importAddress: GUID: 136af807b86354e489d6a7b07c58382d - Path: Assets/Scripts/Gameoverui.cs - Importer: ScriptedImporter/UnityEditor.QuickSearchModule:UnityEditor.Search:ASIAI0B
Importing 'GUID: 136af807b86354e489d6a7b07c58382d - Path: Assets/Scripts/Gameoverui.cs - Importer: ScriptedImporter/UnityEditor.QuickSearchModule:UnityEditor.Search:ASIAI0B' with importer (ScriptedImporter : UnityEditor.QuickSearchModule:UnityEditor.Search:ASIAI0B)
Imported 'GUID: 136af807b86354e489d6a7b07c58382d' -> (Import Result ID: '4116459548bb6ca6e9acb0efdec2f31f') in 0.004 seconds [static and dynamic dependencies]. Details - ImportResultOutputID=ebae2700e46cefb95018170249637fa3 DependenciesID=ffe2d12c1e1b67edd776c938ddac1fc2 StaticDependenciesID=45d4005d4415824253175895f3510279 
Number of updated asset objects reloaded before import = 0
Number of asset objects unloaded after import = 0
========================================================================
Received Prepare
AcceleratorClientConnectionCallback - disconnected - :0
Unloading 0 Unused Serialized files (Serialized files now loaded: 0)
Unloading 74 unused Assets / (1.0 KB). Loaded Objects now: 682.
Memory consumption went from 72.4 MB to 72.4 MB.
Total: 14.117416 ms (FindLiveObjects: 0.134083 ms CreateObjectMapping: 0.020542 ms MarkObjects: 13.923166 ms  DeleteObjects: 0.038209 ms)

Prepare: number of updated asset objects reloaded= 0
========================================================================
Received Import Request.
  Time of request: 2026-09-21T20:22:20.831364Z
  Time since last request: 21.727229167 seconds.
  importAddress: GUID: 413ca51803987419da7bd55b3f6c47cb - Path: Assets/Scripts/SongLoader.cs - Importer: PreviewImporter
Importing 'GUID: 413ca51803987419da7bd55b3f6c47cb - Path: Assets/Scripts/SongLoader.cs - Importer: PreviewImporter' with importer (PreviewImporter)
Imported 'GUID: 413ca51803987419da7bd55b3f6c47cb' -> (Import Result ID: 'd4b6d6e8926e4edcb99df4bf4b927948') in 0.001 seconds [static and dynamic dependencies]. Details - ImportResultOutputID=e77c620168afe99f4ebe9493837818da DependenciesID=aedaeac928506febdadd17c02ceb2cbe StaticDependenciesID=1535f48edd7b47bf7bbb55285e9f81a1 
Number of updated asset objects reloaded before import = 0
Number of asset objects unloaded after import = 0
========================================================================
Received Import Request.
  Time of request: 2026-09-21T20:22:21.805969Z
  Time since last request: 0.9739685 seconds.
  importAddress: GUID: 413ca51803987419da7bd55b3f6c47cb - Path: Assets/Scripts/SongLoader.cs - Importer: ScriptedImporter/UnityEditor.QuickSearchModule:UnityEditor.Search:ASIAI0B
Importing 'GUID: 413ca51803987419da7bd55b3f6c47cb - Path: Assets/Scripts/SongLoader.cs - Importer: ScriptedImporter/UnityEditor.QuickSearchModule:UnityEditor.Search:ASIAI0B' with importer (ScriptedImporter : UnityEditor.QuickSearchModule:UnityEditor.Search:ASIAI0B)
Imported 'GUID: 413ca51803987419da7bd55b3f6c47cb' -> (Import Result ID: '7f4a8585183190789234b696cde48462') in 0.002 seconds [static and dynamic dependencies]. Details - ImportResultOutputID=890c084aabfe5c7f7b143a1193c4e932 DependenciesID=6ab32b977fa0bbb3a30c50ea83cb91c7 StaticDependenciesID=ea2f4300f23f8aadb5c72e3aec2a73d4 
Number of updated asset objects reloaded before import = 0
Number of asset objects unloaded after import = 0
========================================================================
Received Prepare
AcceleratorClientConnectionCallback - disconnected - :0
Unloading 0 Unused Serialized files (Serialized files now loaded: 0)
Unloading 74 unused Assets / (1.0 KB). Loaded Objects now: 682.
Memory consumption went from 72.4 MB to 72.4 MB.
Total: 8.866708 ms (FindLiveObjects: 0.122792 ms CreateObjectMapping: 0.015416 ms MarkObjects: 8.591084 ms  DeleteObjects: 0.137250 ms)

Prepare: number of updated asset objects reloaded= 0
========================================================================
Received Import Request.
  Time of request: 2026-09-21T20:22:29.273706Z
  Time since last request: 7.46532375 seconds.
  importAddress: GUID: 413ca51803987419da7bd55b3f6c47cb - Path: Assets/Scripts/SongLoader.cs - Importer: PreviewImporter
Importing 'GUID: 413ca51803987419da7bd55b3f6c47cb - Path: Assets/Scripts/SongLoader.cs - Importer: PreviewImporter' with importer (PreviewImporter)
Imported 'GUID: 413ca51803987419da7bd55b3f6c47cb' -> (Import Result ID: '7dc032d373ad819226c26e5cae4aca31') in 0.007 seconds [static and dynamic dependencies]. Details - ImportResultOutputID=e77c620168afe99f4ebe9493837818da DependenciesID=ff94b69dfc7d99f70fc2b82d4cb2a031 StaticDependenciesID=c32f95ce16487b172992824dd439f701 
Number of updated asset objects reloaded before import = 0
Number of asset objects unloaded after import = 0
========================================================================
Received Import Request.
  Time of request: 2026-09-21T20:22:30.211852Z
  Time since last request: 0.930476834 seconds.
  importAddress: GUID: 413ca51803987419da7bd55b3f6c47cb - Path: Assets/Scripts/SongLoader.cs - Importer: ScriptedImporter/UnityEditor.QuickSearchModule:UnityEditor.Search:ASIAI0B
Importing 'GUID: 413ca51803987419da7bd55b3f6c47cb - Path: Assets/Scripts/SongLoader.cs - Importer: ScriptedImporter/UnityEditor.QuickSearchModule:UnityEditor.Search:ASIAI0B' with importer (ScriptedImporter : UnityEditor.QuickSearchModule:UnityEditor.Search:ASIAI0B)
Imported 'GUID: 413ca51803987419da7bd55b3f6c47cb' -> (Import Result ID: 'd5f98e105bdc2e45dddaaef2f0a16aed') in 0.006 seconds [static and dynamic dependencies]. Details - ImportResultOutputID=77a29906fa59cff9507411e296658fa6 DependenciesID=b65a987d351eb70f97e5980d8603d0bc StaticDependenciesID=d840cdf0fdf40535f6b001b364d16e85 
Number of updated asset objects reloaded before import = 0
Number of asset objects unloaded after import = 0
========================================================================
Received Import Request.
  Time of request: 2026-09-21T20:22:44.289257Z
  Time since last request: 14.071725125 seconds.
  importAddress: GUID: e4daa54e44dab4ec7a490688b9b1c0a9 - Path: Assets/Audio - Importer: PreviewImporter
Importing 'GUID: e4daa54e44dab4ec7a490688b9b1c0a9 - Path: Assets/Audio - Importer: PreviewImporter' with importer (PreviewImporter)
Imported 'GUID: e4daa54e44dab4ec7a490688b9b1c0a9' -> (Import Result ID: '8c8e47c379f167d885099f4c2f207fd2') in 0.002 seconds [static and dynamic dependencies]. Details - ImportResultOutputID=62953e347d84583510c75b1d5f6503b3 DependenciesID=a50ab6fae0cbed5a12efa4ba19b4ac78 StaticDependenciesID=0a96c3063bf6dbada44e0002b8f0317c 
Number of updated asset objects reloaded before import = 0
Number of asset objects unloaded after import = 0
========================================================================
Received Import Request.
  Time of request: 2026-09-21T20:22:45.266354Z
  Time since last request: 0.970101709 seconds.
  importAddress: GUID: e4daa54e44dab4ec7a490688b9b1c0a9 - Path: Assets/Audio - Importer: ScriptedImporter/UnityEditor.QuickSearchModule:UnityEditor.Search:ASIAI0B
Importing 'GUID: e4daa54e44dab4ec7a490688b9b1c0a9 - Path: Assets/Audio - Importer: ScriptedImporter/UnityEditor.QuickSearchModule:UnityEditor.Search:ASIAI0B' with importer (ScriptedImporter : UnityEditor.QuickSearchModule:UnityEditor.Search:ASIAI0B)
Imported 'GUID: e4daa54e44dab4ec7a490688b9b1c0a9' -> (Import Result ID: '448e3ff8b18af36854ecd507cff8baf6') in 0.014 seconds [static and dynamic dependencies]. Details - ImportResultOutputID=3715a182e17b80db09f9d5593a4a0c91 DependenciesID=e2b7975d9eed6c8e731bd7646e6b299d StaticDependenciesID=cec235a10608ac4dc7fc24cb78aaaf97 
Number of updated asset objects reloaded before import = 0
Number of asset objects unloaded after import = 1
========================================================================
Received Import Request.
  Time of request: 2026-09-21T20:22:52.17047Z
  Time since last request: 6.889882167 seconds.
  importAddress: GUID: c170b929146f14405a9827cd41a2a198 - Path: Assets/Audio/prettyjohn1-beat-523170.mp3 - Importer: PreviewImporter
Importing 'GUID: c170b929146f14405a9827cd41a2a198 - Path: Assets/Audio/prettyjohn1-beat-523170.mp3 - Importer: PreviewImporter' with importer (PreviewImporter)
Imported 'GUID: c170b929146f14405a9827cd41a2a198' -> (Import Result ID: 'bc4eff00e4e666259736fb8378dc5ba7') in 0.196 seconds [static and dynamic dependencies]. Details - ImportResultOutputID=ecf6af9c2162faad4bcc26b52323f43e DependenciesID=38a1b18d93d66a18d7a8395c43e067d1 StaticDependenciesID=ec8115ab5a574e9190d04bf463c75bf2 
Number of updated asset objects reloaded before import = 0
Number of asset objects unloaded after import = 2
========================================================================
Received Import Request.
  Time of request: 2026-09-21T20:22:53.169829Z
  Time since last request: 0.801424042 seconds.
  importAddress: GUID: c170b929146f14405a9827cd41a2a198 - Path: Assets/Audio/prettyjohn1-beat-523170.mp3 - Importer: ScriptedImporter/UnityEditor.QuickSearchModule:UnityEditor.Search:ASIAI0B
Importing 'GUID: c170b929146f14405a9827cd41a2a198 - Path: Assets/Audio/prettyjohn1-beat-523170.mp3 - Importer: ScriptedImporter/UnityEditor.QuickSearchModule:UnityEditor.Search:ASIAI0B' with importer (ScriptedImporter : UnityEditor.QuickSearchModule:UnityEditor.Search:ASIAI0B)
Imported 'GUID: c170b929146f14405a9827cd41a2a198' -> (Import Result ID: 'd9a60a0e2cb5782549a865f45173505d') in 0.018 seconds [static and dynamic dependencies]. Details - ImportResultOutputID=5dcc66e5f4bffdab829295da79173873 DependenciesID=e103c56a80a62e39506bfe1c0a50583a StaticDependenciesID=890fe7e99e1b4a3327e66572de91b626 
Number of updated asset objects reloaded before import = 0
Number of asset objects unloaded after import = 1
========================================================================
Received Import Request.
  Time of request: 2026-09-21T20:24:40.278919Z
  Time since last request: 107.09018220900001 seconds.
  importAddress: GUID: 00000000000000001000000000000000 - Path: Assets - Importer: PreviewImporter
Importing 'GUID: 00000000000000001000000000000000 - Path: Assets - Importer: PreviewImporter' with importer (PreviewImporter)
Imported 'GUID: 00000000000000001000000000000000' -> (Import Result ID: '241dc6ce296e0f395a599982586f164f') in 0.037 seconds [static and dynamic dependencies]. Details - ImportResultOutputID=923ecb25fcaecb4cb3c936046707f967 DependenciesID=221c3962d6a6510e18d5efe90910aefa StaticDependenciesID=7fecd3d90c84567c1f366ff9261d59d3 
Number of updated asset objects reloaded before import = 0
Number of asset objects unloaded after import = 0
========================================================================
Received Import Request.
  Time of request: 2026-09-21T20:26:24.678629Z
  Time since last request: 104.35759950000001 seconds.
  importAddress: GUID: 5b08d61aedbef42cfb188fa96158fe93 - Path: Assets/UI Toolkit/UnityThemes - Importer: ScriptedImporter/UnityEditor.QuickSearchModule:UnityEditor.Search:ASIAI0B
Importing 'GUID: 5b08d61aedbef42cfb188fa96158fe93 - Path: Assets/UI Toolkit/UnityThemes - Importer: ScriptedImporter/UnityEditor.QuickSearchModule:UnityEditor.Search:ASIAI0B' with importer (ScriptedImporter : UnityEditor.QuickSearchModule:UnityEditor.Search:ASIAI0B)
Imported 'GUID: 5b08d61aedbef42cfb188fa96158fe93' -> (Import Result ID: '104e471145eca6b4e2b9f0eef664d377') in 0.006 seconds [static and dynamic dependencies]. Details - ImportResultOutputID=3f1b1a13c13e6fd8b7ec09a0df0b8f8d DependenciesID=0c0035f5100eefaf1e5f28b0ff226d33 StaticDependenciesID=3487a578013038abd3e56f963dde212a 
Number of updated asset objects reloaded before import = 0
Number of asset objects unloaded after import = 1
========================================================================
Received Import Request.
  Time of request: 2026-09-21T20:26:24.686882Z
  Time since last request: 0.000474417 seconds.
  importAddress: GUID: 40d564aa76c094362917a6b43dec4d8b - Path: Assets/UI Toolkit - Importer: ScriptedImporter/UnityEditor.QuickSearchModule:UnityEditor.Search:ASIAI0B
Importing 'GUID: 40d564aa76c094362917a6b43dec4d8b - Path: Assets/UI Toolkit - Importer: ScriptedImporter/UnityEditor.QuickSearchModule:UnityEditor.Search:ASIAI0B' with importer (ScriptedImporter : UnityEditor.QuickSearchModule:UnityEditor.Search:ASIAI0B)
Imported 'GUID: 40d564aa76c094362917a6b43dec4d8b' -> (Import Result ID: '52d8e139258d919e1ba3bf6271932d9d') in 0.001 seconds [static and dynamic dependencies]. Details - ImportResultOutputID=19356a9bfedac1a39d2e4b5067bf637a DependenciesID=c4065d10cb05ee4fcc54d9e0d66778e8 StaticDependenciesID=f7aec99e89fa6a3c4ef5d8568cd7ddf9 
Number of updated asset objects reloaded before import = 0
Number of asset objects unloaded after import = 1
========================================================================
Received Import Request.
  Time of request: 2026-09-21T20:26:24.688139Z
  Time since last request: 0.000146708 seconds.
  importAddress: GUID: 28b0991ed4df340dcb6effec5ac3354a - Path: Assets/UI Toolkit/PanelSettings.asset - Importer: ScriptedImporter/UnityEditor.QuickSearchModule:UnityEditor.Search:ASIAI0B
Importing 'GUID: 28b0991ed4df340dcb6effec5ac3354a - Path: Assets/UI Toolkit/PanelSettings.asset - Importer: ScriptedImporter/UnityEditor.QuickSearchModule:UnityEditor.Search:ASIAI0B' with importer (ScriptedImporter : UnityEditor.QuickSearchModule:UnityEditor.Search:ASIAI0B)
Imported 'GUID: 28b0991ed4df340dcb6effec5ac3354a' -> (Import Result ID: '9ce4727d75777a92b5cafac9bd0e12a0') in 0.100 seconds [static and dynamic dependencies]. Details - ImportResultOutputID=5848e455c047acea04c348e041fb5c81 DependenciesID=1503041f32d24adb512b39bb208d4a52 StaticDependenciesID=cdf1b9229007bc17e371eb2e5bc59149 
Number of updated asset objects reloaded before import = 0
Number of asset objects unloaded after import = 26
========================================================================
Received Prepare
AcceleratorClientConnectionCallback - disconnected - :0
Begin MonoManager ReloadAssembly
[Licensing::Client] Successfully resolved entitlement details
Thread 0x16b34b000 may have been prematurely finalized
Native extension for OSXStandalone target not found
[Package Manager] Failed to launch server process. Reason: Unity was launched with the -noUpm command-line argument
[Package Manager] Unable to send message (not connected to server process).
[Package Manager] Cannot connect to Unity Package Manager local server
ScheduleIndexationOnStartup MainProcess:False IndexOnStartup:True
Mono: successfully reloaded assembly
- Finished resetting the current domain, in  0.283 seconds
Domain Reload Profiling: 1412ms
	BeginReloadAssembly (538ms)
		DisableScriptedObjects (12ms)
		CreateAndSetChildDomain (72ms)
	RebuildCommonClasses (7ms)
	RebuildNativeTypeToScriptingClass (13ms)
	initialDomainReloadingComplete (436ms)
	LoadAllAssembliesAndSetupDomain (132ms)
		LoadAssemblies (366ms)
		AnalyzeDomain (38ms)
			TypeCache.Refresh (27ms)
				TypeCache.ScanAssembly (12ms)
			BuildScriptInfoCaches (6ms)
	FinalizeReload (285ms)
		SetupLoadedEditorAssemblies (0ms)
			BeforeProcessingInitializeOnLoad (70ms)
			ProcessInitializeOnLoadAttributes (55ms)
			ProcessInitializeOnLoadMethodAttributes (56ms)
Unloading 1 Unused Serialized files (Serialized files now loaded: 0)
Unloading 440 unused Assets / (294.2 KB). Loaded Objects now: 1050.
Memory consumption went from 81.9 MB to 81.7 MB.
Total: 4.680459 ms (FindLiveObjects: 0.070542 ms CreateObjectMapping: 0.048250 ms MarkObjects: 3.691500 ms  DeleteObjects: 0.868625 ms)

Prepare: number of updated asset objects reloaded= 0
========================================================================
Received Prepare
AcceleratorClientConnectionCallback - disconnected - :0
Unloading 1 Unused Serialized files (Serialized files now loaded: 0)
Unloading 1 unused Assets / (31.6 KB). Loaded Objects now: 1050.
Memory consumption went from 75.4 MB to 75.4 MB.
Total: 23.038875 ms (FindLiveObjects: 0.253958 ms CreateObjectMapping: 0.030958 ms MarkObjects: 22.631292 ms  DeleteObjects: 0.122167 ms)

Prepare: number of updated asset objects reloaded= 0
========================================================================
Received Import Request.
  Time of request: 2026-09-22T00:46:09.409765Z
  Time since last request: 15338.40590175000034 seconds.
  importAddress: GUID: 3245ec927659c4140ac4f8d17403cc18 - Path: Packages/com.unity.ugui/Runtime/UGUI/UI/Core/Layout/ContentSizeFitter.cs - Importer: ScriptedImporter/UnityEditor.QuickSearchModule:UnityEditor.Search:ASIAI0B
Importing 'GUID: 3245ec927659c4140ac4f8d17403cc18 - Path: Packages/com.unity.ugui/Runtime/UGUI/UI/Core/Layout/ContentSizeFitter.cs - Importer: ScriptedImporter/UnityEditor.QuickSearchModule:UnityEditor.Search:ASIAI0B' with importer (ScriptedImporter : UnityEditor.QuickSearchModule:UnityEditor.Search:ASIAI0B)
Imported 'GUID: 3245ec927659c4140ac4f8d17403cc18' -> (Import Result ID: '4133cbef93589403780069e883aa2421') in 0.383 seconds [static and dynamic dependencies]. Details - ImportResultOutputID=979138ce275feb9a7753f9ee889f8c6b DependenciesID=1c272b472b0c5d67733fafc98c283336 StaticDependenciesID=eccae4ff61df65337c0730791db4dd6e 
Number of updated asset objects reloaded before import = 0
Number of asset objects unloaded after import = 0
========================================================================
Received Import Request.
  Time of request: 2026-09-22T00:46:09.892022Z
  Time since last request: 0.003791292 seconds.
  importAddress: GUID: d4dbe29df1b294c4f8f0a2fb529d19fd - Path: Packages/com.unity.ugui/Tests/Runtime/UGUI/Canvas/CanvasResizeCorrectlyForRenderTexture.cs - Importer: ScriptedImporter/UnityEditor.QuickSearchModule:UnityEditor.Search:ASIAI0B
Importing 'GUID: d4dbe29df1b294c4f8f0a2fb529d19fd - Path: Packages/com.unity.ugui/Tests/Runtime/UGUI/Canvas/CanvasResizeCorrectlyForRenderTexture.cs - Importer: ScriptedImporter/UnityEditor.QuickSearchModule:UnityEditor.Search:ASIAI0B' with importer (ScriptedImporter : UnityEditor.QuickSearchModule:UnityEditor.Search:ASIAI0B)
Imported 'GUID: d4dbe29df1b294c4f8f0a2fb529d19fd' -> (Import Result ID: 'c09d85152d6fdb5865a268f266c42918') in 0.006 seconds [static and dynamic dependencies]. Details - ImportResultOutputID=a9731577f62c4b6a8ea8027b34ca893f DependenciesID=f81629707a32c58eba157d2f83a9ecc7 StaticDependenciesID=8b4cc760bbc2ffd6cb248840db7cfc6d 
Number of updated asset objects reloaded before import = 0
Number of asset objects unloaded after import = 0
========================================================================
Received Import Request.
  Time of request: 2026-09-22T00:46:09.899046Z
  Time since last request: 0.001049958 seconds.
  importAddress: GUID: 309b0604924786544a3786ec4073c5a1 - Path: Packages/com.unity.ugui/Tests/Runtime/UGUI/Layout/ContentSizeFitterTests.cs - Importer: ScriptedImporter/UnityEditor.QuickSearchModule:UnityEditor.Search:ASIAI0B
Importing 'GUID: 309b0604924786544a3786ec4073c5a1 - Path: Packages/com.unity.ugui/Tests/Runtime/UGUI/Layout/ContentSizeFitterTests.cs - Importer: ScriptedImporter/UnityEditor.QuickSearchModule:UnityEditor.Search:ASIAI0B' with importer (ScriptedImporter : UnityEditor.QuickSearchModule:UnityEditor.Search:ASIAI0B)
Imported 'GUID: 309b0604924786544a3786ec4073c5a1' -> (Import Result ID: '752b8c41c177044bcdb4f266396bec65') in 0.005 seconds [static and dynamic dependencies]. Details - ImportResultOutputID=91c78f4d4bf5143630c866317783b3a4 DependenciesID=4638289cdc36a35fb077114e9788a171 StaticDependenciesID=b3006c07ea5d24c6a62a91f67dd8a039 
Number of updated asset objects reloaded before import = 0
Number of asset objects unloaded after import = 0
========================================================================
Received Import Request.
  Time of request: 2026-09-22T00:46:09.905304Z
  Time since last request: 0.001352917 seconds.
  importAddress: GUID: 2705215ac5b84b70bacc50632be6e391 - Path: Packages/com.unity.ugui/Runtime/TMP/TMP_Settings.cs - Importer: ScriptedImporter/UnityEditor.QuickSearchModule:UnityEditor.Search:ASIAI0B
Importing 'GUID: 2705215ac5b84b70bacc50632be6e391 - Path: Packages/com.unity.ugui/Runtime/TMP/TMP_Settings.cs - Importer: ScriptedImporter/UnityEditor.QuickSearchModule:UnityEditor.Search:ASIAI0B' with importer (ScriptedImporter : UnityEditor.QuickSearchModule:UnityEditor.Search:ASIAI0B)
Imported 'GUID: 2705215ac5b84b70bacc50632be6e391' -> (Import Result ID: '8565a41123265a6e40a9ea9b9c4eeae8') in 0.003 seconds [static and dynamic dependencies]. Details - ImportResultOutputID=f732e48927d03d7c7dacf6beee3a0f95 DependenciesID=ca3c1e23105e61d00a7bdf5d74780d6d StaticDependenciesID=b76615b172f7087339c8507cb527e32a 
Number of updated asset objects reloaded before import = 0
Number of asset objects unloaded after import = 0
========================================================================
Received Import Request.
  Time of request: 2026-09-22T00:46:09.910755Z
  Time since last request: 0.002740208 seconds.
  importAddress: GUID: 61d491d99e9292c4a81d7d01a74781ea - Path: Packages/com.unity.ugui/Runtime/UGUI/UI/Core/Navigation.cs - Importer: ScriptedImporter/UnityEditor.QuickSearchModule:UnityEditor.Search:ASIAI0B
Importing 'GUID: 61d491d99e9292c4a81d7d01a74781ea - Path: Packages/com.unity.ugui/Runtime/UGUI/UI/Core/Navigation.cs - Importer: ScriptedImporter/UnityEditor.QuickSearchModule:UnityEditor.Search:ASIAI0B' with importer (ScriptedImporter : UnityEditor.QuickSearchModule:UnityEditor.Search:ASIAI0B)
Imported 'GUID: 61d491d99e9292c4a81d7d01a74781ea' -> (Import Result ID: 'ed241a5cf22484aef90e61aaecf8fe0c') in 0.004 seconds [static and dynamic dependencies]. Details - ImportResultOutputID=18539af3689dfc34a39625f466dfb17a DependenciesID=1af972064c0b961154d05443fffacd94 StaticDependenciesID=e0fdb5e1296322da5a5e5fc0a1fbab85 
Number of updated asset objects reloaded before import = 0
Number of asset objects unloaded after import = 0
========================================================================
Received Import Request.
  Time of request: 2026-09-22T00:46:09.915933Z
  Time since last request: 0.000946584 seconds.
  importAddress: GUID: a598580d0cfc7224ebed8d2b627d9e00 - Path: Packages/com.unity.ugui/Tests/Runtime/UGUI/Image/ImageTests.cs - Importer: ScriptedImporter/UnityEditor.QuickSearchModule:UnityEditor.Search:ASIAI0B
Importing 'GUID: a598580d0cfc7224ebed8d2b627d9e00 - Path: Packages/com.unity.ugui/Tests/Runtime/UGUI/Image/ImageTests.cs - Importer: ScriptedImporter/UnityEditor.QuickSearchModule:UnityEditor.Search:ASIAI0B' with importer (ScriptedImporter : UnityEditor.QuickSearchModule:UnityEditor.Search:ASIAI0B)
Imported 'GUID: a598580d0cfc7224ebed8d2b627d9e00' -> (Import Result ID: '7e08b873d2a6aae1017b6e96100b76f9') in 0.002 seconds [static and dynamic dependencies]. Details - ImportResultOutputID=fa5a0935a7c2a473ef7526c0eb9e604f DependenciesID=b7e471bfb6404a7ace7d5c514ef8f02e StaticDependenciesID=b5b81755d53c6a1b5cd129915f43e9d8 
Number of updated asset objects reloaded before import = 0
Number of asset objects unloaded after import = 0
========================================================================
Received Import Request.
  Time of request: 2026-09-22T00:46:09.918937Z
  Time since last request: 0.000630459 seconds.
  importAddress: GUID: 68eedd4e5b33b37429c02c4add0036fe - Path: Packages/com.unity.ugui/Editor/TMP/TMP_PackageUtilities.cs - Importer: ScriptedImporter/UnityEditor.QuickSearchModule:UnityEditor.Search:ASIAI0B
Importing 'GUID: 68eedd4e5b33b37429c02c4add0036fe - Path: Packages/com.unity.ugui/Editor/TMP/TMP_PackageUtilities.cs - Importer: ScriptedImporter/UnityEditor.QuickSearchModule:UnityEditor.Search:ASIAI0B' with importer (ScriptedImporter : UnityEditor.QuickSearchModule:UnityEditor.Search:ASIAI0B)
Imported 'GUID: 68eedd4e5b33b37429c02c4add0036fe' -> (Import Result ID: '4a6c19f48701411336bc8a81532eae44') in 0.002 seconds [static and dynamic dependencies]. Details - ImportResultOutputID=f0e1f7be492e395037274c2f7ef638fb DependenciesID=0a79e2951d0795052373ae324b78fa4c StaticDependenciesID=213ad8cfd52f615604d6b985b53989d4 
Number of updated asset objects reloaded before import = 0
Number of asset objects unloaded after import = 0
========================================================================
Received Import Request.
  Time of request: 2026-09-22T00:46:09.921144Z
  Time since last request: 0.000206041 seconds.
  importAddress: GUID: 433d3b96b2a40a5479d3d7d8495882ed - Path: Packages/com.unity.ugui/Tests/Editor/UGUI/UI/PropertyDrawers/PropertyDrawerTests.cs - Importer: ScriptedImporter/UnityEditor.QuickSearchModule:UnityEditor.Search:ASIAI0B
Importing 'GUID: 433d3b96b2a40a5479d3d7d8495882ed - Path: Packages/com.unity.ugui/Tests/Editor/UGUI/UI/PropertyDrawers/PropertyDrawerTests.cs - Importer: ScriptedImporter/UnityEditor.QuickSearchModule:UnityEditor.Search:ASIAI0B' with importer (ScriptedImporter : UnityEditor.QuickSearchModule:UnityEditor.Search:ASIAI0B)
Imported 'GUID: 433d3b96b2a40a5479d3d7d8495882ed' -> (Import Result ID: 'a12c6536efa7910c203dab4f0eaa0ea7') in 0.001 seconds [static and dynamic dependencies]. Details - ImportResultOutputID=4163909ee7b65d0e906e00b8ae564a55 DependenciesID=cf5bfa2365716e201b469eb4bf840f74 StaticDependenciesID=5dac6d4ca37fef46609984ffc7215b9b 
Number of updated asset objects reloaded before import = 0
Number of asset objects unloaded after import = 0
========================================================================
Received Import Request.
  Time of request: 2026-09-22T00:46:09.923524Z
  Time since last request: 0.000904584 seconds.
  importAddress: GUID: 3cbc4280d63720c448a3c6fee4b1ec88 - Path: Packages/com.unity.ugui/Tests/Editor/UGUI/Canvas/CanvasUseReflectionProbes.cs - Importer: ScriptedImporter/UnityEditor.QuickSearchModule:UnityEditor.Search:ASIAI0B
Importing 'GUID: 3cbc4280d63720c448a3c6fee4b1ec88 - Path: Packages/com.unity.ugui/Tests/Editor/UGUI/Canvas/CanvasUseReflectionProbes.cs - Importer: ScriptedImporter/UnityEditor.QuickSearchModule:UnityEditor.Search:ASIAI0B' with importer (ScriptedImporter : UnityEditor.QuickSearchModule:UnityEditor.Search:ASIAI0B)
Imported 'GUID: 3cbc4280d63720c448a3c6fee4b1ec88' -> (Import Result ID: 'aa7216da8e5b510afb6e3b8c9f7d8382') in 0.001 seconds [static and dynamic dependencies]. Details - ImportResultOutputID=de08523b726622738c4b3493ae654433 DependenciesID=f516ff67dba37d9204827fc2534d44f9 StaticDependenciesID=2476c075d7c77e049ce34ec5f312f136 
Number of updated asset objects reloaded before import = 0
Number of asset objects unloaded after import = 0
========================================================================
Received Import Request.
  Time of request: 2026-09-22T00:46:09.92555Z
  Time since last request: 0.000590291 seconds.
  importAddress: GUID: 3c6c403084eacec478a1129ce20061ea - Path: Packages/com.unity.ugui/Editor Resources/Shaders/TMP_Properties.cginc - Importer: ScriptedImporter/UnityEditor.QuickSearchModule:UnityEditor.Search:ASIAI0B
Importing 'GUID: 3c6c403084eacec478a1129ce20061ea - Path: Packages/com.unity.ugui/Editor Resources/Shaders/TMP_Properties.cginc - Importer: ScriptedImporter/UnityEditor.QuickSearchModule:UnityEditor.Search:ASIAI0B' with importer (ScriptedImporter : UnityEditor.QuickSearchModule:UnityEditor.Search:ASIAI0B)
Imported 'GUID: 3c6c403084eacec478a1129ce20061ea' -> (Import Result ID: 'e1f040c27d93d2fa7758fc2b6fc623f1') in 0.004 seconds [static and dynamic dependencies]. Details - ImportResultOutputID=9f132932e0c01d79c9d829807e16f862 DependenciesID=827bd770b77431a86f69789225bc20aa StaticDependenciesID=e53150faf320c556941f047e29962243 
Number of updated asset objects reloaded before import = 0
Number of asset objects unloaded after import = 1
========================================================================
Received Import Request.
  Time of request: 2026-09-22T00:46:09.930251Z
  Time since last request: 0.000489834 seconds.
  importAddress: GUID: 319b8889f363f5947acf209c17a94149 - Path: Packages/com.unity.ugui/package.json - Importer: ScriptedImporter/UnityEditor.QuickSearchModule:UnityEditor.Search:ASIAI0B
Importing 'GUID: 319b8889f363f5947acf209c17a94149 - Path: Packages/com.unity.ugui/package.json - Importer: ScriptedImporter/UnityEditor.QuickSearchModule:UnityEditor.Search:ASIAI0B' with importer (ScriptedImporter : UnityEditor.QuickSearchModule:UnityEditor.Search:ASIAI0B)
Imported 'GUID: 319b8889f363f5947acf209c17a94149' -> (Import Result ID: '306e3296717e20eb6ec76f64a7ed88fe') in 0.002 seconds [static and dynamic dependencies]. Details - ImportResultOutputID=a2b0c7d772fd9766c9d9df2c60f51fbe DependenciesID=6149de8a26ed35c4e522300ada6bd03b StaticDependenciesID=0b09cf766a803683f5a254dd1b97f1a1 
Number of updated asset objects reloaded before import = 0
Number of asset objects unloaded after import = 1
========================================================================
Received Import Request.
  Time of request: 2026-09-22T00:46:09.932792Z
  Time since last request: 0.000378417 seconds.
  importAddress: GUID: c545241cf2e56ec4997d7677f01ef43d - Path: Packages/com.unity.ugui/Tests/Runtime - Importer: ScriptedImporter/UnityEditor.QuickSearchModule:UnityEditor.Search:ASIAI0B
Importing 'GUID: c545241cf2e56ec4997d7677f01ef43d - Path: Packages/com.unity.ugui/Tests/Runtime - Importer: ScriptedImporter/UnityEditor.QuickSearchModule:UnityEditor.Search:ASIAI0B' with importer (ScriptedImporter : UnityEditor.QuickSearchModule:UnityEditor.Search:ASIAI0B)
Imported 'GUID: c545241cf2e56ec4997d7677f01ef43d' -> (Import Result ID: '82d681dddd8cdc1c7e48f2a68de0f66e') in 0.002 seconds [static and dynamic dependencies]. Details - ImportResultOutputID=f14f1dd0deb2874aa900e5fed1141a97 DependenciesID=7df92778b793e2454d8e6bbc53697ce1 StaticDependenciesID=82481a5fbf959d29037f58302c247ad5 
Number of updated asset objects reloaded before import = 0
Number of asset objects unloaded after import = 1
========================================================================
Received Import Request.
  Time of request: 2026-09-22T00:46:09.934852Z
  Time since last request: 0.000415375 seconds.
  importAddress: GUID: 54d21f6ece3b46479f0c328f8c6007e0 - Path: Packages/com.unity.ugui/Runtime/TMP/TMP_ColorGradient.cs - Importer: ScriptedImporter/UnityEditor.QuickSearchModule:UnityEditor.Search:ASIAI0B
Importing 'GUID: 54d21f6ece3b46479f0c328f8c6007e0 - Path: Packages/com.unity.ugui/Runtime/TMP/TMP_ColorGradient.cs - Importer: ScriptedImporter/UnityEditor.QuickSearchModule:UnityEditor.Search:ASIAI0B' with importer (ScriptedImporter : UnityEditor.QuickSearchModule:UnityEditor.Search:ASIAI0B)
Imported 'GUID: 54d21f6ece3b46479f0c328f8c6007e0' -> (Import Result ID: 'b4c0d20eda875831c1f8c54fcd5f455e') in 0.002 seconds [static and dynamic dependencies]. Details - ImportResultOutputID=7353e37093230867c24dd284fd88b8d7 DependenciesID=c99b75a4434b5f839da9a6ba43cbfe57 StaticDependenciesID=0afaefdc51386b4a6e43dd4cae1697d0 
Number of updated asset objects reloaded before import = 0
Number of asset objects unloaded after import = 0
========================================================================
Received Import Request.
  Time of request: 2026-09-22T00:46:09.936977Z
  Time since last request: 0.000513542 seconds.
  importAddress: GUID: 34f6695d37a94370a3697f6b068f5d5e - Path: Packages/com.unity.ugui/Editor/TMP/TMP_EditorPanel.cs - Importer: ScriptedImporter/UnityEditor.QuickSearchModule:UnityEditor.Search:ASIAI0B
Importing 'GUID: 34f6695d37a94370a3697f6b068f5d5e - Path: Packages/com.unity.ugui/Editor/TMP/TMP_EditorPanel.cs - Importer: ScriptedImporter/UnityEditor.QuickSearchModule:UnityEditor.Search:ASIAI0B' with importer (ScriptedImporter : UnityEditor.QuickSearchModule:UnityEditor.Search:ASIAI0B)
Imported 'GUID: 34f6695d37a94370a3697f6b068f5d5e' -> (Import Result ID: 'fbc6614b0ffe747b98d7527b9888fbe0') in 0.001 seconds [static and dynamic dependencies]. Details - ImportResultOutputID=8a611641216d681f45eb11c7fb6724e4 DependenciesID=fbc2ebae499544d369b288177e8d2a71 StaticDependenciesID=00ba487e0f565e3ff7e770ee52e65e8f 
Number of updated asset objects reloaded before import = 0
Number of asset objects unloaded after import = 0
========================================================================
Received Import Request.
  Time of request: 2026-09-22T00:46:09.938975Z
  Time since last request: 0.000453042 seconds.
  importAddress: GUID: d63dd1a776d383248a21ec2a8a6e7868 - Path: Packages/com.unity.ugui/Runtime/UGUI/UI/Core/Utility - Importer: ScriptedImporter/UnityEditor.QuickSearchModule:UnityEditor.Search:ASIAI0B
Importing 'GUID: d63dd1a776d383248a21ec2a8a6e7868 - Path: Packages/com.unity.ugui/Runtime/UGUI/UI/Core/Utility - Importer: ScriptedImporter/UnityEditor.QuickSearchModule:UnityEditor.Search:ASIAI0B' with importer (ScriptedImporter : UnityEditor.QuickSearchModule:UnityEditor.Search:ASIAI0B)
Imported 'GUID: d63dd1a776d383248a21ec2a8a6e7868' -> (Import Result ID: '60565be18632b0b88b4d2c17bfeef4aa') in 0.002 seconds [static and dynamic dependencies]. Details - ImportResultOutputID=8ff5c71f08a38b434ec41278b84749b3 DependenciesID=80829c45214fce85891c0e91c235b682 StaticDependenciesID=3cc3f6488ac091c9ea6175c3752fa23a 
Number of updated asset objects reloaded before import = 0
Number of asset objects unloaded after import = 1
========================================================================
Received Import Request.
  Time of request: 2026-09-22T00:46:09.941314Z
  Time since last request: 0.000497709 seconds.
  importAddress: GUID: 77417b0f4cf6d334f916c64448d24133 - Path: Packages/com.unity.ugui/Editor/Analytics/IAnalytic - Importer: ScriptedImporter/UnityEditor.QuickSearchModule:UnityEditor.Search:ASIAI0B
Importing 'GUID: 77417b0f4cf6d334f916c64448d24133 - Path: Packages/com.unity.ugui/Editor/Analytics/IAnalytic - Importer: ScriptedImporter/UnityEditor.QuickSearchModule:UnityEditor.Search:ASIAI0B' with importer (ScriptedImporter : UnityEditor.QuickSearchModule:UnityEditor.Search:ASIAI0B)
Imported 'GUID: 77417b0f4cf6d334f916c64448d24133' -> (Import Result ID: '4e930fecef3e3d05ef604892a2f7ae81') in 0.003 seconds [static and dynamic dependencies]. Details - ImportResultOutputID=2d70a549a0f1d1d6c6536106950e4fdb DependenciesID=56ab9595c3a2e70d3e1c4888426045f9 StaticDependenciesID=cb36f96a17d8e5491266516da2435060 
Number of updated asset objects reloaded before import = 0
Number of asset objects unloaded after import = 1
========================================================================
Received Import Request.
  Time of request: 2026-09-22T00:46:09.944226Z
  Time since last request: 0.000287542 seconds.
  importAddress: GUID: 0573713975c6b8246b7544ed524ef1dc - Path: Packages/com.unity.ugui/Tests/Runtime/UGUI/EventSystem/InputModuleTests/PointerClickCallbackCheck.cs - Importer: ScriptedImporter/UnityEditor.QuickSearchModule:UnityEditor.Search:ASIAI0B
Importing 'GUID: 0573713975c6b8246b7544ed524ef1dc - Path: Packages/com.unity.ugui/Tests/Runtime/UGUI/EventSystem/InputModuleTests/PointerClickCallbackCheck.cs - Importer: ScriptedImporter/UnityEditor.QuickSearchModule:UnityEditor.Search:ASIAI0B' with importer (ScriptedImporter : UnityEditor.QuickSearchModule:UnityEditor.Search:ASIAI0B)
Imported 'GUID: 0573713975c6b8246b7544ed524ef1dc' -> (Import Result ID: 'fdfca1e385f6c37e1b68e8396a303046') in 0.001 seconds [static and dynamic dependencies]. Details - ImportResultOutputID=09b551fd0addb46e8270489c2d574c0a DependenciesID=30445dff4a2cf3920f176a0e67a93813 StaticDependenciesID=ab4c2a9a0f69ebfbd9d953a3bd28f9e9 
Number of updated asset objects reloaded before import = 0
Number of asset objects unloaded after import = 0
========================================================================
Received Import Request.
  Time of request: 2026-09-22T00:46:09.945957Z
  Time since last request: 0.000454833 seconds.
  importAddress: GUID: be07f70ee67e6d74e851a9333719bbb6 - Path: Packages/com.unity.ugui/Tests/Runtime/UGUI/Canvas/NestedCanvasMaintainsCorrectSize.cs - Importer: ScriptedImporter/UnityEditor.QuickSearchModule:UnityEditor.Search:ASIAI0B
Importing 'GUID: be07f70ee67e6d74e851a9333719bbb6 - Path: Packages/com.unity.ugui/Tests/Runtime/UGUI/Canvas/NestedCanvasMaintainsCorrectSize.cs - Importer: ScriptedImporter/UnityEditor.QuickSearchModule:UnityEditor.Search:ASIAI0B' with importer (ScriptedImporter : UnityEditor.QuickSearchModule:UnityEditor.Search:ASIAI0B)
Imported 'GUID: be07f70ee67e6d74e851a9333719bbb6' -> (Import Result ID: '9a2a6d801f768f059266256f25c21a6e') in 0.002 seconds [static and dynamic dependencies]. Details - ImportResultOutputID=489597acbd2575cefa73e1e6736a64f9 DependenciesID=efca7bba17205ebe8ec545e4af4f2a5c StaticDependenciesID=337f1279f7d0091163e76ac6e983bd89 
Number of updated asset objects reloaded before import = 0
Number of asset objects unloaded after import = 0
========================================================================
Received Import Request.
  Time of request: 2026-09-22T00:46:09.947897Z
  Time since last request: 0.000282458 seconds.
  importAddress: GUID: 3312d7739989d2b4e91e6319e9a96d76 - Path: Packages/com.unity.ugui/Runtime/UGUI/UI/Core/RectMask2D.cs - Importer: ScriptedImporter/UnityEditor.QuickSearchModule:UnityEditor.Search:ASIAI0B
Importing 'GUID: 3312d7739989d2b4e91e6319e9a96d76 - Path: Packages/com.unity.ugui/Runtime/UGUI/UI/Core/RectMask2D.cs - Importer: ScriptedImporter/UnityEditor.QuickSearchModule:UnityEditor.Search:ASIAI0B' with importer (ScriptedImporter : UnityEditor.QuickSearchModule:UnityEditor.Search:ASIAI0B)
Imported 'GUID: 3312d7739989d2b4e91e6319e9a96d76' -> (Import Result ID: '12ffad7975cb2c8d26b6e3ec8f28a832') in 0.001 seconds [static and dynamic dependencies]. Details - ImportResultOutputID=06cd4cac264f148d414e41c2d66d9225 DependenciesID=0623e3de872e0763d51e12ceaec991f2 StaticDependenciesID=f78ed48473d5fccee8dc4e4ef0040449 
Number of updated asset objects reloaded before import = 0
Number of asset objects unloaded after import = 0
========================================================================
Received Import Request.
  Time of request: 2026-09-22T00:46:09.949664Z
  Time since last request: 0.000513625 seconds.
  importAddress: GUID: e7689eda3a8b1a847a8b197dbe90d9a6 - Path: Packages/com.unity.ugui/Tests/Editor/UGUI/UI - Importer: ScriptedImporter/UnityEditor.QuickSearchModule:UnityEditor.Search:ASIAI0B
Importing 'GUID: e7689eda3a8b1a847a8b197dbe90d9a6 - Path: Packages/com.unity.ugui/Tests/Editor/UGUI/UI - Importer: ScriptedImporter/UnityEditor.QuickSearchModule:UnityEditor.Search:ASIAI0B' with importer (ScriptedImporter : UnityEditor.QuickSearchModule:UnityEditor.Search:ASIAI0B)
Imported 'GUID: e7689eda3a8b1a847a8b197dbe90d9a6' -> (Import Result ID: '70253b0bcfdfd54eaf0e4995507898ad') in 0.001 seconds [static and dynamic dependencies]. Details - ImportResultOutputID=0edb8874201e88b1d6ae27da8cda16f9 DependenciesID=d030d4c581db1d5a33fa934b80266d52 StaticDependenciesID=1cbefaa1250388c8233d0055485972e2 
Number of updated asset objects reloaded before import = 0
Number of asset objects unloaded after import = 1
========================================================================
Received Import Request.
  Time of request: 2026-09-22T00:46:09.951236Z
  Time since last request: 0.000484875 seconds.
  importAddress: GUID: 7c6295db74da28645bf49db58b7c9c65 - Path: Packages/com.unity.ugui/Runtime/UGUI/UI/Core/MaterialModifiers - Importer: ScriptedImporter/UnityEditor.QuickSearchModule:UnityEditor.Search:ASIAI0B
Importing 'GUID: 7c6295db74da28645bf49db58b7c9c65 - Path: Packages/com.unity.ugui/Runtime/UGUI/UI/Core/MaterialModifiers - Importer: ScriptedImporter/UnityEditor.QuickSearchModule:UnityEditor.Search:ASIAI0B' with importer (ScriptedImporter : UnityEditor.QuickSearchModule:UnityEditor.Search:ASIAI0B)
Imported 'GUID: 7c6295db74da28645bf49db58b7c9c65' -> (Import Result ID: '758eb2216c115832f6d1b39c6e3bbfe7') in 0.002 seconds [static and dynamic dependencies]. Details - ImportResultOutputID=c91aaae61c5e65be4790e4353705a5e2 DependenciesID=cfdb93403a7b9c5a8a71f6d557e97fae StaticDependenciesID=95f0d8fe3af3c14f71c00908adc10168 
Number of updated asset objects reloaded before import = 0
Number of asset objects unloaded after import = 1
========================================================================
Received Import Request.
  Time of request: 2026-09-22T00:46:09.953606Z
  Time since last request: 0.000774708 seconds.
  importAddress: GUID: fe87c0e1cc204ed48ad3b37840f39efc - Path: Packages/com.unity.ugui/Runtime/UGUI/UI/Core/Image.cs - Importer: ScriptedImporter/UnityEditor.QuickSearchModule:UnityEditor.Search:ASIAI0B
Importing 'GUID: fe87c0e1cc204ed48ad3b37840f39efc - Path: Packages/com.unity.ugui/Runtime/UGUI/UI/Core/Image.cs - Importer: ScriptedImporter/UnityEditor.QuickSearchModule:UnityEditor.Search:ASIAI0B' with importer (ScriptedImporter : UnityEditor.QuickSearchModule:UnityEditor.Search:ASIAI0B)
Imported 'GUID: fe87c0e1cc204ed48ad3b37840f39efc' -> (Import Result ID: 'e2939edbcea3742055a3da0776c5bf07') in 0.003 seconds [static and dynamic dependencies]. Details - ImportResultOutputID=8ea3c5e37e0467f21d874a90e2a62c85 DependenciesID=8d0ea02d0355be887cd133f2ba7db62d StaticDependenciesID=5c55fc7d44a6ae993de89debcd01e6e5 
Number of updated asset objects reloaded before import = 0
Number of asset objects unloaded after import = 0
========================================================================
Received Import Request.
  Time of request: 2026-09-22T00:46:09.957563Z
  Time since last request: 0.001165083 seconds.
  importAddress: GUID: a021b6d2ca2e9404b8a4d94343ecd068 - Path: Packages/com.unity.ugui/Tests/Runtime/UGUI/NestedLayout/SceneWithNestedLayoutElementsLoadScript.cs - Importer: ScriptedImporter/UnityEditor.QuickSearchModule:UnityEditor.Search:ASIAI0B
Importing 'GUID: a021b6d2ca2e9404b8a4d94343ecd068 - Path: Packages/com.unity.ugui/Tests/Runtime/UGUI/NestedLayout/SceneWithNestedLayoutElementsLoadScript.cs - Importer: ScriptedImporter/UnityEditor.QuickSearchModule:UnityEditor.Search:ASIAI0B' with importer (ScriptedImporter : UnityEditor.QuickSearchModule:UnityEditor.Search:ASIAI0B)
Imported 'GUID: a021b6d2ca2e9404b8a4d94343ecd068' -> (Import Result ID: 'bc34a63237811db5ea74ccfe9a4811f4') in 0.002 seconds [static and dynamic dependencies]. Details - ImportResultOutputID=cd060077dacf0925aac98fc2066dc3e1 DependenciesID=5860274941f582fea9d1067653368960 StaticDependenciesID=09c5f472e5c6472d5a734c603daf3082 
Number of updated asset objects reloaded before import = 0
Number of asset objects unloaded after import = 0
========================================================================
Received Import Request.
  Time of request: 2026-09-22T00:46:09.960625Z
  Time since last request: 0.0009 seconds.
  importAddress: GUID: eecc124dc0b994047aac97ccf8c8ed0a - Path: Packages/com.unity.ugui/Editor/TMP/HDRP - Importer: ScriptedImporter/UnityEditor.QuickSearchModule:UnityEditor.Search:ASIAI0B
Importing 'GUID: eecc124dc0b994047aac97ccf8c8ed0a - Path: Packages/com.unity.ugui/Editor/TMP/HDRP - Importer: ScriptedImporter/UnityEditor.QuickSearchModule:UnityEditor.Search:ASIAI0B' with importer (ScriptedImporter : UnityEditor.QuickSearchModule:UnityEditor.Search:ASIAI0B)
Imported 'GUID: eecc124dc0b994047aac97ccf8c8ed0a' -> (Import Result ID: '50539e224ebd46c54fc4c80458dcd5b3') in 0.002 seconds [static and dynamic dependencies]. Details - ImportResultOutputID=9287288d1642d1177f9074d831d364f3 DependenciesID=c1507b15b19be434c86ac754ad6d2424 StaticDependenciesID=ed484ac575ebb5834ffd94648b5c6c57 
Number of updated asset objects reloaded before import = 0
Number of asset objects unloaded after import = 1
========================================================================
Received Import Request.
  Time of request: 2026-09-22T00:46:09.962863Z
  Time since last request: 0.000287167 seconds.
  importAddress: GUID: 20ff4283f687e044087714f82c4d6d3f - Path: Packages/com.unity.ugui/Runtime/UGUI/UI/Core/MaterialModifiers/IMaterialModifier.cs - Importer: ScriptedImporter/UnityEditor.QuickSearchModule:UnityEditor.Search:ASIAI0B
Importing 'GUID: 20ff4283f687e044087714f82c4d6d3f - Path: Packages/com.unity.ugui/Runtime/UGUI/UI/Core/MaterialModifiers/IMaterialModifier.cs - Importer: ScriptedImporter/UnityEditor.QuickSearchModule:UnityEditor.Search:ASIAI0B' with importer (ScriptedImporter : UnityEditor.QuickSearchModule:UnityEditor.Search:ASIAI0B)
Imported 'GUID: 20ff4283f687e044087714f82c4d6d3f' -> (Import Result ID: 'e5d6bf437757ddfc0a702a3a05ea1b4e') in 0.002 seconds [static and dynamic dependencies]. Details - ImportResultOutputID=11fb1cc1b2ef8dac7e9c798b4edcfab3 DependenciesID=8aeeb30edca2bb04ba9c580107fb95cb StaticDependenciesID=84f9d1c157b133143d4d36faaa38353e 
Number of updated asset objects reloaded before import = 0
Number of asset objects unloaded after import = 0
========================================================================
Received Import Request.
  Time of request: 2026-09-22T00:46:09.965851Z
  Time since last request: 0.000440584 seconds.
  importAddress: GUID: af30a361ab68260438b6ec3fb7e64500 - Path: Packages/com.unity.ugui/Tests/Runtime/UGUI/Util - Importer: ScriptedImporter/UnityEditor.QuickSearchModule:UnityEditor.Search:ASIAI0B
Importing 'GUID: af30a361ab68260438b6ec3fb7e64500 - Path: Packages/com.unity.ugui/Tests/Runtime/UGUI/Util - Importer: ScriptedImporter/UnityEditor.QuickSearchModule:UnityEditor.Search:ASIAI0B' with importer (ScriptedImporter : UnityEditor.QuickSearchModule:UnityEditor.Search:ASIAI0B)
Imported 'GUID: af30a361ab68260438b6ec3fb7e64500' -> (Import Result ID: 'a7c824a759ca71b9f51a3eb3ac50a1c4') in 0.002 seconds [static and dynamic dependencies]. Details - ImportResultOutputID=589ce80f117e7473595d1b8babda1d6d DependenciesID=a01ed6c5ecb9c58e1f3a0b57ddcb83cd StaticDependenciesID=54a73721579fbf95c83cc6fb1f42d1de 
Number of updated asset objects reloaded before import = 0
Number of asset objects unloaded after import = 1
========================================================================
Received Import Request.
  Time of request: 2026-09-22T00:46:09.968619Z
  Time since last request: 0.000973667 seconds.
  importAddress: GUID: 4585b5feb801bdb44b0e5eafdd95a3be - Path: Packages/com.unity.ugui/Tests/Editor/UGUI/Canvas/CanvasWidthAssertionErrorWithRectTransform.cs - Importer: ScriptedImporter/UnityEditor.QuickSearchModule:UnityEditor.Search:ASIAI0B
Importing 'GUID: 4585b5feb801bdb44b0e5eafdd95a3be - Path: Packages/com.unity.ugui/Tests/Editor/UGUI/Canvas/CanvasWidthAssertionErrorWithRectTransform.cs - Importer: ScriptedImporter/UnityEditor.QuickSearchModule:UnityEditor.Search:ASIAI0B' with importer (ScriptedImporter : UnityEditor.QuickSearchModule:UnityEditor.Search:ASIAI0B)
Imported 'GUID: 4585b5feb801bdb44b0e5eafdd95a3be' -> (Import Result ID: '557e6afe51bb1ba38a998d9d0cb009be') in 0.002 seconds [static and dynamic dependencies]. Details - ImportResultOutputID=9d81c2418250cf448630a3651a9fb1d7 DependenciesID=11540df6094922229a118db864f0abb1 StaticDependenciesID=11112d60d919c4bc75909cf7b22d77f1 
Number of updated asset objects reloaded before import = 0
Number of asset objects unloaded after import = 0
========================================================================
Received Import Request.
  Time of request: 2026-09-22T00:46:09.971861Z
  Time since last request: 0.000862125 seconds.
  importAddress: GUID: ec4b2559effa72e42a09339d71efef3d - Path: Packages/com.unity.ugui/Tests/Editor/TMP/FontEngineTests.cs - Importer: ScriptedImporter/UnityEditor.QuickSearchModule:UnityEditor.Search:ASIAI0B
Importing 'GUID: ec4b2559effa72e42a09339d71efef3d - Path: Packages/com.unity.ugui/Tests/Editor/TMP/FontEngineTests.cs - Importer: ScriptedImporter/UnityEditor.QuickSearchModule:UnityEditor.Search:ASIAI0B' with importer (ScriptedImporter : UnityEditor.QuickSearchModule:UnityEditor.Search:ASIAI0B)
Imported 'GUID: ec4b2559effa72e42a09339d71efef3d' -> (Import Result ID: '6fad7270f7f8d1839b08ac44c1daccd1') in 0.002 seconds [static and dynamic dependencies]. Details - ImportResultOutputID=3ff3ee4a6ddb8938c91ab5e3b3122fec DependenciesID=da7df056eaae7f5719f973771f23a37c StaticDependenciesID=85cbf1e943dfcf79382d40d2ebb376a1 
Number of updated asset objects reloaded before import = 0
Number of asset objects unloaded after import = 0
========================================================================
Received Import Request.
  Time of request: 2026-09-22T00:46:09.974833Z
  Time since last request: 0.000303 seconds.
  importAddress: GUID: 742654cad2425334696ba6ed4495cfef - Path: Packages/com.unity.ugui/Runtime/UGUI/UI - Importer: ScriptedImporter/UnityEditor.QuickSearchModule:UnityEditor.Search:ASIAI0B
Importing 'GUID: 742654cad2425334696ba6ed4495cfef - Path: Packages/com.unity.ugui/Runtime/UGUI/UI - Importer: ScriptedImporter/UnityEditor.QuickSearchModule:UnityEditor.Search:ASIAI0B' with importer (ScriptedImporter : UnityEditor.QuickSearchModule:UnityEditor.Search:ASIAI0B)
Imported 'GUID: 742654cad2425334696ba6ed4495cfef' -> (Import Result ID: 'ba982b3a7fa3daf675072d66bca0366d') in 0.002 seconds [static and dynamic dependencies]. Details - ImportResultOutputID=35a78d8659b512f9afadcf5ddef3bcc0 DependenciesID=ee1ce054a40eeac1ab118dbd62a40420 StaticDependenciesID=a1009c89a0d2b4e151ac229461ee6ae1 
Number of updated asset objects reloaded before import = 0
Number of asset objects unloaded after import = 1
========================================================================
Received Import Request.
  Time of request: 2026-09-22T00:46:09.977287Z
  Time since last request: 0.000461625 seconds.
  importAddress: GUID: 2da0c512f12947e489f739169773d7ca - Path: Packages/com.unity.ugui/Runtime/TMP/TMP_InputField.cs - Importer: ScriptedImporter/UnityEditor.QuickSearchModule:UnityEditor.Search:ASIAI0B
Importing 'GUID: 2da0c512f12947e489f739169773d7ca - Path: Packages/com.unity.ugui/Runtime/TMP/TMP_InputField.cs - Importer: ScriptedImporter/UnityEditor.QuickSearchModule:UnityEditor.Search:ASIAI0B' with importer (ScriptedImporter : UnityEditor.QuickSearchModule:UnityEditor.Search:ASIAI0B)
Imported 'GUID: 2da0c512f12947e489f739169773d7ca' -> (Import Result ID: '37045e51045f72a28586116414800200') in 0.007 seconds [static and dynamic dependencies]. Details - ImportResultOutputID=1479681d3bf6e2281fc186d04dcd11d5 DependenciesID=360dcf6a34bac8ab876e0b5f81768265 StaticDependenciesID=9cbe128399b05c0193cd5f6dc388abd8 
Number of updated asset objects reloaded before import = 0
Number of asset objects unloaded after import = 1
========================================================================
Received Import Request.
  Time of request: 2026-09-22T00:46:09.985367Z
  Time since last request: 0.000146792 seconds.
  importAddress: GUID: 1143ae6bb91836f4a8f8ebfaabb9396d - Path: Packages/com.unity.ugui/Editor/UGUI/EventSystem/Physics2DRaycasterEditor.cs - Importer: ScriptedImporter/UnityEditor.QuickSearchModule:UnityEditor.Search:ASIAI0B
Importing 'GUID: 1143ae6bb91836f4a8f8ebfaabb9396d - Path: Packages/com.unity.ugui/Editor/UGUI/EventSystem/Physics2DRaycasterEditor.cs - Importer: ScriptedImporter/UnityEditor.QuickSearchModule:UnityEditor.Search:ASIAI0B' with importer (ScriptedImporter : UnityEditor.QuickSearchModule:UnityEditor.Search:ASIAI0B)
Imported 'GUID: 1143ae6bb91836f4a8f8ebfaabb9396d' -> (Import Result ID: '1f48ca7b7f84891366aff9908d421631') in 0.002 seconds [static and dynamic dependencies]. Details - ImportResultOutputID=ae234ae3a8c872549e8e28a00574f837 DependenciesID=ceec076de57a1991822be25d67b56ff1 StaticDependenciesID=2a1b66f24aa177eba09a7de47bacf2e8 
Number of updated asset objects reloaded before import = 0
Number of asset objects unloaded after import = 0
========================================================================
Received Import Request.
  Time of request: 2026-09-22T00:46:09.987754Z
  Time since last request: 0.000571625 seconds.
  importAddress: GUID: ea7c31b5b377c314db28ad3fabbbd38d - Path: Packages/com.unity.ugui/Editor/TMP/PropertyDrawers - Importer: ScriptedImporter/UnityEditor.QuickSearchModule:UnityEditor.Search:ASIAI0B
Importing 'GUID: ea7c31b5b377c314db28ad3fabbbd38d - Path: Packages/com.unity.ugui/Editor/TMP/PropertyDrawers - Importer: ScriptedImporter/UnityEditor.QuickSearchModule:UnityEditor.Search:ASIAI0B' with importer (ScriptedImporter : UnityEditor.QuickSearchModule:UnityEditor.Search:ASIAI0B)
Imported 'GUID: ea7c31b5b377c314db28ad3fabbbd38d' -> (Import Result ID: '8e25dee2690952a6ed72d19635cd5c09') in 0.001 seconds [static and dynamic dependencies]. Details - ImportResultOutputID=c341be4d038d3ff67c13a379cb101684 DependenciesID=876c6bb47622ff341c13fb3e44679edd StaticDependenciesID=65cfb6579ed145964bffc2ddaaa53c6b 
Number of updated asset objects reloaded before import = 0
Number of asset objects unloaded after import = 1
========================================================================
Received Import Request.
  Time of request: 2026-09-22T00:46:09.989543Z
  Time since last request: 0.000332333 seconds.
  importAddress: GUID: 03fb1af6e1585964a8d5c2437a191324 - Path: Packages/com.unity.ugui/Tests/Editor/UGUI/EventSystem/InputModuleTests.cs - Importer: ScriptedImporter/UnityEditor.QuickSearchModule:UnityEditor.Search:ASIAI0B
Importing 'GUID: 03fb1af6e1585964a8d5c2437a191324 - Path: Packages/com.unity.ugui/Tests/Editor/UGUI/EventSystem/InputModuleTests.cs - Importer: ScriptedImporter/UnityEditor.QuickSearchModule:UnityEditor.Search:ASIAI0B' with importer (ScriptedImporter : UnityEditor.QuickSearchModule:UnityEditor.Search:ASIAI0B)
Imported 'GUID: 03fb1af6e1585964a8d5c2437a191324' -> (Import Result ID: '5511756c528f18f832be3760598819ae') in 0.002 seconds [static and dynamic dependencies]. Details - ImportResultOutputID=ab3b7dbe40198686905397c9eaf91626 DependenciesID=85f80e836e0dc895392d0296df4992e1 StaticDependenciesID=1614a0c05efb2dabc8b4d9c8bf0cb984 
Number of updated asset objects reloaded before import = 0
Number of asset objects unloaded after import = 0
========================================================================
Received Import Request.
  Time of request: 2026-09-22T00:46:09.991643Z
  Time since last request: 0.000304875 seconds.
  importAddress: GUID: eb4fb871430ff484e9ee3850946c504d - Path: Packages/com.unity.ugui/Tests/Runtime/UGUI/EventSystem/InputModuleTests/PointerEnterCallbackCheck.cs - Importer: ScriptedImporter/UnityEditor.QuickSearchModule:UnityEditor.Search:ASIAI0B
Importing 'GUID: eb4fb871430ff484e9ee3850946c504d - Path: Packages/com.unity.ugui/Tests/Runtime/UGUI/EventSystem/InputModuleTests/PointerEnterCallbackCheck.cs - Importer: ScriptedImporter/UnityEditor.QuickSearchModule:UnityEditor.Search:ASIAI0B' with importer (ScriptedImporter : UnityEditor.QuickSearchModule:UnityEditor.Search:ASIAI0B)
Imported 'GUID: eb4fb871430ff484e9ee3850946c504d' -> (Import Result ID: '6e0bd9805b5a2d09239bb1ad730f62b9') in 0.002 seconds [static and dynamic dependencies]. Details - ImportResultOutputID=52d55caaff8bc7d7e33913d734379bea DependenciesID=d0849fb315a2b58d0042d38f49c6f3d2 StaticDependenciesID=4a5fe75f86290c5f8129f9da82d9565b 
Number of updated asset objects reloaded before import = 0
Number of asset objects unloaded after import = 0
========================================================================
Received Import Request.
  Time of request: 2026-09-22T00:46:09.994206Z
  Time since last request: 0.000754083 seconds.
  importAddress: GUID: 4b8be68229770db4ea3c78ab0d854325 - Path: Packages/com.unity.ugui/Tests/Editor/UGUI/InputField/CharacterLimitValidation.cs - Importer: ScriptedImporter/UnityEditor.QuickSearchModule:UnityEditor.Search:ASIAI0B
Importing 'GUID: 4b8be68229770db4ea3c78ab0d854325 - Path: Packages/com.unity.ugui/Tests/Editor/UGUI/InputField/CharacterLimitValidation.cs - Importer: ScriptedImporter/UnityEditor.QuickSearchModule:UnityEditor.Search:ASIAI0B' with importer (ScriptedImporter : UnityEditor.QuickSearchModule:UnityEditor.Search:ASIAI0B)
Imported 'GUID: 4b8be68229770db4ea3c78ab0d854325' -> (Import Result ID: 'b7ba3b52a8c0e1789da451dd54764372') in 0.001 seconds [static and dynamic dependencies]. Details - ImportResultOutputID=5c2fde8bb627bb4471c74ffb5a8d8eea DependenciesID=1d159e3c089730d2024d448dc3921048 StaticDependenciesID=d0e10f81b084960ba1559d0016bf2e30 
Number of updated asset objects reloaded before import = 0
Number of asset objects unloaded after import = 0
========================================================================
Received Import Request.
  Time of request: 2026-09-22T00:46:09.996035Z
  Time since last request: 0.000354417 seconds.
  importAddress: GUID: 12c42068351bb084abde965d725b9887 - Path: Packages/com.unity.ugui/Runtime/UGUI/UI/Core - Importer: ScriptedImporter/UnityEditor.QuickSearchModule:UnityEditor.Search:ASIAI0B
Importing 'GUID: 12c42068351bb084abde965d725b9887 - Path: Packages/com.unity.ugui/Runtime/UGUI/UI/Core - Importer: ScriptedImporter/UnityEditor.QuickSearchModule:UnityEditor.Search:ASIAI0B' with importer (ScriptedImporter : UnityEditor.QuickSearchModule:UnityEditor.Search:ASIAI0B)
Imported 'GUID: 12c42068351bb084abde965d725b9887' -> (Import Result ID: '1b103da88523649d6fd95512c322a7b5') in 0.002 seconds [static and dynamic dependencies]. Details - ImportResultOutputID=2a125a7cbfcc697ca2171927807b6353 DependenciesID=8635ccbc24ff1fbc055f014886c89d97 StaticDependenciesID=47b0cd5fba501777e829d6880e031d03 
Number of updated asset objects reloaded before import = 0
Number of asset objects unloaded after import = 1
========================================================================
Received Import Request.
  Time of request: 2026-09-22T00:46:09.998171Z
  Time since last request: 0.000405 seconds.
  importAddress: GUID: 1048a87135154606808bf2030da32d18 - Path: Packages/com.unity.ugui/Editor/TMP/TMP_SpriteAssetMenu.cs - Importer: ScriptedImporter/UnityEditor.QuickSearchModule:UnityEditor.Search:ASIAI0B
Importing 'GUID: 1048a87135154606808bf2030da32d18 - Path: Packages/com.unity.ugui/Editor/TMP/TMP_SpriteAssetMenu.cs - Importer: ScriptedImporter/UnityEditor.QuickSearchModule:UnityEditor.Search:ASIAI0B' with importer (ScriptedImporter : UnityEditor.QuickSearchModule:UnityEditor.Search:ASIAI0B)
Imported 'GUID: 1048a87135154606808bf2030da32d18' -> (Import Result ID: '4aa09ab1dfd056a3849218d3d5f6b800') in 0.002 seconds [static and dynamic dependencies]. Details - ImportResultOutputID=f8582042dcbba95d4e614ddecd186630 DependenciesID=d8c11d02f86d5cd3ec98c090f8726bf8 StaticDependenciesID=6f2a72b45973df15378fbf80c0a01903 
Number of updated asset objects reloaded before import = 0
Number of asset objects unloaded after import = 0
========================================================================
Received Import Request.
  Time of request: 2026-09-22T00:46:10.00033Z
  Time since last request: 0.000410875 seconds.
  importAddress: GUID: c890977a36bfdc849872b9337ab89098 - Path: Packages/com.unity.ugui/Editor/UGUI/UI/GraphicEditor.cs - Importer: ScriptedImporter/UnityEditor.QuickSearchModule:UnityEditor.Search:ASIAI0B
Importing 'GUID: c890977a36bfdc849872b9337ab89098 - Path: Packages/com.unity.ugui/Editor/UGUI/UI/GraphicEditor.cs - Importer: ScriptedImporter/UnityEditor.QuickSearchModule:UnityEditor.Search:ASIAI0B' with importer (ScriptedImporter : UnityEditor.QuickSearchModule:UnityEditor.Search:ASIAI0B)
Imported 'GUID: c890977a36bfdc849872b9337ab89098' -> (Import Result ID: '417c55cda692ee3de91e594b2e52b49c') in 0.002 seconds [static and dynamic dependencies]. Details - ImportResultOutputID=c3610c8b612d2b62909c9e9e03dfddee DependenciesID=07e2fe39cf9f566f6588d220ab3b2f65 StaticDependenciesID=a5fcf65f3fee38e43bd4e37a466ad6a3 
Number of updated asset objects reloaded before import = 0
Number of asset objects unloaded after import = 0
========================================================================
Received Import Request.
  Time of request: 2026-09-22T00:46:10.003211Z
  Time since last request: 0.000345167 seconds.
  importAddress: GUID: 871f8edd56e84b8fb295b10cc3c78f36 - Path: Packages/com.unity.ugui/Runtime/TMP/FastAction.cs - Importer: ScriptedImporter/UnityEditor.QuickSearchModule:UnityEditor.Search:ASIAI0B
Importing 'GUID: 871f8edd56e84b8fb295b10cc3c78f36 - Path: Packages/com.unity.ugui/Runtime/TMP/FastAction.cs - Importer: ScriptedImporter/UnityEditor.QuickSearchModule:UnityEditor.Search:ASIAI0B' with importer (ScriptedImporter : UnityEditor.QuickSearchModule:UnityEditor.Search:ASIAI0B)
Imported 'GUID: 871f8edd56e84b8fb295b10cc3c78f36' -> (Import Result ID: 'a0639501ac2e079ac217a47316a4dd07') in 0.002 seconds [static and dynamic dependencies]. Details - ImportResultOutputID=4e1680133b4502a2110ccf88c1e1a92f DependenciesID=bb2936e5638a440730d3efd7694352ea StaticDependenciesID=040083a2eda160acb5f167fe866c7fbf 
Number of updated asset objects reloaded before import = 0
Number of asset objects unloaded after import = 0
========================================================================
Received Import Request.
  Time of request: 2026-09-22T00:46:10.005282Z
  Time since last request: 0.000452375 seconds.
  importAddress: GUID: 2d9b6ff056b6f484ba6500aa8e06bcf3 - Path: Packages/com.unity.ugui/Tests/Runtime/UGUI/LayoutGroup - Importer: ScriptedImporter/UnityEditor.QuickSearchModule:UnityEditor.Search:ASIAI0B
Importing 'GUID: 2d9b6ff056b6f484ba6500aa8e06bcf3 - Path: Packages/com.unity.ugui/Tests/Runtime/UGUI/LayoutGroup - Importer: ScriptedImporter/UnityEditor.QuickSearchModule:UnityEditor.Search:ASIAI0B' with importer (ScriptedImporter : UnityEditor.QuickSearchModule:UnityEditor.Search:ASIAI0B)
Imported 'GUID: 2d9b6ff056b6f484ba6500aa8e06bcf3' -> (Import Result ID: 'e5c4454058b06bddeaa929d3d7221d91') in 0.001 seconds [static and dynamic dependencies]. Details - ImportResultOutputID=9f7ea13e42549824d540528e4490d4c6 DependenciesID=d8b6b5d79c5181ec1ef8950fec1e4042 StaticDependenciesID=168ac3907f46d6aa8397cc9975e5424f 
Number of updated asset objects reloaded before import = 0
Number of asset objects unloaded after import = 1
========================================================================
Received Import Request.
  Time of request: 2026-09-22T00:46:10.007708Z
  Time since last request: 0.000963625 seconds.
  importAddress: GUID: 0a017569bfe174e4890797b4d64cbabc - Path: Packages/com.unity.ugui/Runtime/TMP/TMP_FontAssetUtilities.cs - Importer: ScriptedImporter/UnityEditor.QuickSearchModule:UnityEditor.Search:ASIAI0B
Importing 'GUID: 0a017569bfe174e4890797b4d64cbabc - Path: Packages/com.unity.ugui/Runtime/TMP/TMP_FontAssetUtilities.cs - Importer: ScriptedImporter/UnityEditor.QuickSearchModule:UnityEditor.Search:ASIAI0B' with importer (ScriptedImporter : UnityEditor.QuickSearchModule:UnityEditor.Search:ASIAI0B)
Imported 'GUID: 0a017569bfe174e4890797b4d64cbabc' -> (Import Result ID: '7f5ec50a6eb39500d561a30a245afb52') in 0.001 seconds [static and dynamic dependencies]. Details - ImportResultOutputID=8898eee2c92766a0d4c72fb5323b7d55 DependenciesID=4198ee07fa6babc9f26e63fc609eebd1 StaticDependenciesID=b8f3772364813a63ae127df43f571ebf 
Number of updated asset objects reloaded before import = 0
Number of asset objects unloaded after import = 0
========================================================================
Received Import Request.
  Time of request: 2026-09-22T00:46:10.009535Z
  Time since last request: 0.00042225 seconds.
  importAddress: GUID: fcc60c1d6bb544d9b712b652f418ff3a - Path: Packages/com.unity.ugui/Editor/TMP/TMP_ColorGradientEditor.cs - Importer: ScriptedImporter/UnityEditor.QuickSearchModule:UnityEditor.Search:ASIAI0B
Importing 'GUID: fcc60c1d6bb544d9b712b652f418ff3a - Path: Packages/com.unity.ugui/Editor/TMP/TMP_ColorGradientEditor.cs - Importer: ScriptedImporter/UnityEditor.QuickSearchModule:UnityEditor.Search:ASIAI0B' with importer (ScriptedImporter : UnityEditor.QuickSearchModule:UnityEditor.Search:ASIAI0B)
Imported 'GUID: fcc60c1d6bb544d9b712b652f418ff3a' -> (Import Result ID: '860b562d0217f7ecc8bc1703930a3bef') in 0.001 seconds [static and dynamic dependencies]. Details - ImportResultOutputID=a7ca393b3fea8adfd48db53de249609a DependenciesID=25f3679626a1ec58708238ecfbe35131 StaticDependenciesID=d885b09eb6c544f4c78547dc9492a796 
Number of updated asset objects reloaded before import = 0
Number of asset objects unloaded after import = 0
========================================================================
Received Import Request.
  Time of request: 2026-09-22T00:46:10.011076Z
  Time since last request: 0.000276042 seconds.
  importAddress: GUID: c49b4cc203aa6414fae5c798d1d0e7d6 - Path: Packages/com.unity.ugui/Runtime/UGUI/EventSystem/Raycasters/PhysicsRaycaster.cs - Importer: ScriptedImporter/UnityEditor.QuickSearchModule:UnityEditor.Search:ASIAI0B
Importing 'GUID: c49b4cc203aa6414fae5c798d1d0e7d6 - Path: Packages/com.unity.ugui/Runtime/UGUI/EventSystem/Raycasters/PhysicsRaycaster.cs - Importer: ScriptedImporter/UnityEditor.QuickSearchModule:UnityEditor.Search:ASIAI0B' with importer (ScriptedImporter : UnityEditor.QuickSearchModule:UnityEditor.Search:ASIAI0B)
Imported 'GUID: c49b4cc203aa6414fae5c798d1d0e7d6' -> (Import Result ID: 'e884d5f32a7c8f68fd329ec01dcf54e3') in 0.002 seconds [static and dynamic dependencies]. Details - ImportResultOutputID=3da2c25f6019feee7ca4bdd00604ceea DependenciesID=2b806ed8686fb07e40dae1093c81c7c0 StaticDependenciesID=156e92a9d1979eed0ce9f7cff11ea9cd 
Number of updated asset objects reloaded before import = 0
Number of asset objects unloaded after import = 0
========================================================================
Received Import Request.
  Time of request: 2026-09-22T00:46:10.013101Z
  Time since last request: 0.000386167 seconds.
  importAddress: GUID: 7a79c4e23d4d4b64bfa5fa9e6671a460 - Path: Packages/com.unity.ugui/Runtime/UGUI/EventSystem/UIElements/PanelRaycaster.cs - Importer: ScriptedImporter/UnityEditor.QuickSearchModule:UnityEditor.Search:ASIAI0B
Importing 'GUID: 7a79c4e23d4d4b64bfa5fa9e6671a460 - Path: Packages/com.unity.ugui/Runtime/UGUI/EventSystem/UIElements/PanelRaycaster.cs - Importer: ScriptedImporter/UnityEditor.QuickSearchModule:UnityEditor.Search:ASIAI0B' with importer (ScriptedImporter : UnityEditor.QuickSearchModule:UnityEditor.Search:ASIAI0B)
Imported 'GUID: 7a79c4e23d4d4b64bfa5fa9e6671a460' -> (Import Result ID: 'ed21a4beddcb4d3ea233e67ac193534d') in 0.001 seconds [static and dynamic dependencies]. Details - ImportResultOutputID=d27d8135e0c33cd3e898bbdd53c2e90b DependenciesID=ccd00a13a8d7f394851a86ad6869ff25 StaticDependenciesID=16b10a194363d06bc2354233e2523363 
Number of updated asset objects reloaded before import = 0
Number of asset objects unloaded after import = 0
========================================================================
Received Import Request.
  Time of request: 2026-09-22T00:46:10.014804Z
  Time since last request: 0.000255625 seconds.
  importAddress: GUID: 0ca2545d76d1fb34fa45a9f1e432d259 - Path: Packages/com.unity.ugui/Tests/Runtime/UGUI/EventSystem/RaycastSortingTests.cs - Importer: ScriptedImporter/UnityEditor.QuickSearchModule:UnityEditor.Search:ASIAI0B
Importing 'GUID: 0ca2545d76d1fb34fa45a9f1e432d259 - Path: Packages/com.unity.ugui/Tests/Runtime/UGUI/EventSystem/RaycastSortingTests.cs - Importer: ScriptedImporter/UnityEditor.QuickSearchModule:UnityEditor.Search:ASIAI0B' with importer (ScriptedImporter : UnityEditor.QuickSearchModule:UnityEditor.Search:ASIAI0B)
Imported 'GUID: 0ca2545d76d1fb34fa45a9f1e432d259' -> (Import Result ID: '2df42482f9a9f00c9d39f2ff64349846') in 0.001 seconds [static and dynamic dependencies]. Details - ImportResultOutputID=e32970e9fd9318636bf86547892285af DependenciesID=9182d5bcd853db57c8d55ca6f168b15d StaticDependenciesID=d6cbc8118fe510557e9d172f680ee78a 
Number of updated asset objects reloaded before import = 0
Number of asset objects unloaded after import = 0
========================================================================
Received Import Request.
  Time of request: 2026-09-22T00:46:10.016417Z
  Time since last request: 0.000222583 seconds.
  importAddress: GUID: 19c6f364c1e81cb4f829a057824639ad - Path: Packages/com.unity.ugui/Tests/Runtime/UGUI/EventSystem/InputModuleTests/MouseUpdate.cs - Importer: ScriptedImporter/UnityEditor.QuickSearchModule:UnityEditor.Search:ASIAI0B
Importing 'GUID: 19c6f364c1e81cb4f829a057824639ad - Path: Packages/com.unity.ugui/Tests/Runtime/UGUI/EventSystem/InputModuleTests/MouseUpdate.cs - Importer: ScriptedImporter/UnityEditor.QuickSearchModule:UnityEditor.Search:ASIAI0B' with importer (ScriptedImporter : UnityEditor.QuickSearchModule:UnityEditor.Search:ASIAI0B)
Imported 'GUID: 19c6f364c1e81cb4f829a057824639ad' -> (Import Result ID: 'f5145d9ad1e58287675ed2a178483d45') in 0.001 seconds [static and dynamic dependencies]. Details - ImportResultOutputID=83e2e684053b2462917d887199173952 DependenciesID=c038b8e9954b0dc95ca7c76dec779d54 StaticDependenciesID=e39bebec2b8f96ac82ba34466ec1eb6a 
Number of updated asset objects reloaded before import = 0
Number of asset objects unloaded after import = 0
========================================================================
Received Import Request.
  Time of request: 2026-09-22T00:46:10.018001Z
  Time since last request: 0.000246167 seconds.
  importAddress: GUID: bad96c2cfa78a124cb8ec890d2386dfe - Path: Packages/com.unity.ugui/Editor/TMP/HDRP/TMP_SDF_HDRPUnlitShaderGUI.cs - Importer: ScriptedImporter/UnityEditor.QuickSearchModule:UnityEditor.Search:ASIAI0B
Importing 'GUID: bad96c2cfa78a124cb8ec890d2386dfe - Path: Packages/com.unity.ugui/Editor/TMP/HDRP/TMP_SDF_HDRPUnlitShaderGUI.cs - Importer: ScriptedImporter/UnityEditor.QuickSearchModule:UnityEditor.Search:ASIAI0B' with importer (ScriptedImporter : UnityEditor.QuickSearchModule:UnityEditor.Search:ASIAI0B)
Imported 'GUID: bad96c2cfa78a124cb8ec890d2386dfe' -> (Import Result ID: 'a52bf8ffd6a1ba140a915403b48ad60a') in 0.001 seconds [static and dynamic dependencies]. Details - ImportResultOutputID=bad186bc41bad3b130b50a0a17f6815e DependenciesID=33c81d76f097cbdad59b5431b3c1e5a8 StaticDependenciesID=0477310ec19cabeeebb22fd328ecb5b7 
Number of updated asset objects reloaded before import = 0
Number of asset objects unloaded after import = 0
========================================================================
Received Import Request.
  Time of request: 2026-09-22T00:46:10.019633Z
  Time since last request: 0.000257459 seconds.
  importAddress: GUID: fa6bd40a216346b783a4cce741d277a5 - Path: Packages/com.unity.ugui/Editor Resources/Textures/btn_AlignJustified_Light.psd - Importer: ScriptedImporter/UnityEditor.QuickSearchModule:UnityEditor.Search:ASIAI0B
Importing 'GUID: fa6bd40a216346b783a4cce741d277a5 - Path: Packages/com.unity.ugui/Editor Resources/Textures/btn_AlignJustified_Light.psd - Importer: ScriptedImporter/UnityEditor.QuickSearchModule:UnityEditor.Search:ASIAI0B' with importer (ScriptedImporter : UnityEditor.QuickSearchModule:UnityEditor.Search:ASIAI0B)
Imported 'GUID: fa6bd40a216346b783a4cce741d277a5' -> (Import Result ID: '8984f5a6a5d90d48c09bd201532de345') in 0.061 seconds [static and dynamic dependencies]. Details - ImportResultOutputID=456c78f6372c4e62e2f883ec050fc2c3 DependenciesID=05de8ce423aa0ac2e442019a35766b72 StaticDependenciesID=25a4214198ced0c4a0d5841131aa9880 
Number of updated asset objects reloaded before import = 0
Number of asset objects unloaded after import = 1
========================================================================
Received Import Request.
  Time of request: 2026-09-22T00:46:10.086786Z
  Time since last request: 0.006178292 seconds.
  importAddress: GUID: 4402dcee6e9969549bf5b33f11533208 - Path: Packages/com.unity.ugui/Tests/Editor/UGUI/RectMask2D/RectMask2DCulling.cs - Importer: ScriptedImporter/UnityEditor.QuickSearchModule:UnityEditor.Search:ASIAI0B
Importing 'GUID: 4402dcee6e9969549bf5b33f11533208 - Path: Packages/com.unity.ugui/Tests/Editor/UGUI/RectMask2D/RectMask2DCulling.cs - Importer: ScriptedImporter/UnityEditor.QuickSearchModule:UnityEditor.Search:ASIAI0B' with importer (ScriptedImporter : UnityEditor.QuickSearchModule:UnityEditor.Search:ASIAI0B)
Imported 'GUID: 4402dcee6e9969549bf5b33f11533208' -> (Import Result ID: 'e6690345e9111a5c0cba0ddb8c1ec2bf') in 0.002 seconds [static and dynamic dependencies]. Details - ImportResultOutputID=fde36dce380c390b4af0a072fbaed124 DependenciesID=edcee22898df8dba4b0770c6ee0ad090 StaticDependenciesID=3ba1efb29753ab4c36fbcebe37c57504 
Number of updated asset objects reloaded before import = 0
Number of asset objects unloaded after import = 0
========================================================================
Received Import Request.
  Time of request: 2026-09-22T00:46:10.089096Z
  Time since last request: 0.00044525 seconds.
  importAddress: GUID: 76c392e42b5098c458856cdf6ecaaaa1 - Path: Packages/com.unity.ugui/Runtime/UGUI/EventSystem/EventSystem.cs - Importer: ScriptedImporter/UnityEditor.QuickSearchModule:UnityEditor.Search:ASIAI0B
Importing 'GUID: 76c392e42b5098c458856cdf6ecaaaa1 - Path: Packages/com.unity.ugui/Runtime/UGUI/EventSystem/EventSystem.cs - Importer: ScriptedImporter/UnityEditor.QuickSearchModule:UnityEditor.Search:ASIAI0B' with importer (ScriptedImporter : UnityEditor.QuickSearchModule:UnityEditor.Search:ASIAI0B)
Imported 'GUID: 76c392e42b5098c458856cdf6ecaaaa1' -> (Import Result ID: 'de460c1eff4b74e716c16f3ea0e6775c') in 0.002 seconds [static and dynamic dependencies]. Details - ImportResultOutputID=229bb54d3fa16a6d8ea8124052084d8c DependenciesID=5c52fdc5eaf535b4cf8df5fb3bf680b6 StaticDependenciesID=3ea13be39f8fd6787341e28c05328d12 
Number of updated asset objects reloaded before import = 0
Number of asset objects unloaded after import = 0
========================================================================
Received Import Request.
  Time of request: 2026-09-22T00:46:10.091437Z
  Time since last request: 0.0003785 seconds.
  importAddress: GUID: b825fd5f27403b84f97726dd9c5a5e6f - Path: Packages/com.unity.ugui/Editor/UGUI/UI/PropertyDrawers/ColorBlockDrawer.cs - Importer: ScriptedImporter/UnityEditor.QuickSearchModule:UnityEditor.Search:ASIAI0B
Importing 'GUID: b825fd5f27403b84f97726dd9c5a5e6f - Path: Packages/com.unity.ugui/Editor/UGUI/UI/PropertyDrawers/ColorBlockDrawer.cs - Importer: ScriptedImporter/UnityEditor.QuickSearchModule:UnityEditor.Search:ASIAI0B' with importer (ScriptedImporter : UnityEditor.QuickSearchModule:UnityEditor.Search:ASIAI0B)
Imported 'GUID: b825fd5f27403b84f97726dd9c5a5e6f' -> (Import Result ID: '6ae079a2a3108cfee823af0e9134e9bd') in 0.002 seconds [static and dynamic dependencies]. Details - ImportResultOutputID=3ae58a067efd6c68d532d3ef978180b8 DependenciesID=80bbea85fecaa78908bff7d2a907bbce StaticDependenciesID=b1aa334d5a24f9255db06101ea3ad114 
Number of updated asset objects reloaded before import = 0
Number of asset objects unloaded after import = 0
========================================================================
Received Import Request.
  Time of request: 2026-09-22T00:46:10.093687Z
  Time since last request: 0.000347875 seconds.
  importAddress: GUID: 59f8146938fff824cb5fd77236b75775 - Path: Packages/com.unity.ugui/Runtime/UGUI/UI/Core/Layout/VerticalLayoutGroup.cs - Importer: ScriptedImporter/UnityEditor.QuickSearchModule:UnityEditor.Search:ASIAI0B
Importing 'GUID: 59f8146938fff824cb5fd77236b75775 - Path: Packages/com.unity.ugui/Runtime/UGUI/UI/Core/Layout/VerticalLayoutGroup.cs - Importer: ScriptedImporter/UnityEditor.QuickSearchModule:UnityEditor.Search:ASIAI0B' with importer (ScriptedImporter : UnityEditor.QuickSearchModule:UnityEditor.Search:ASIAI0B)
Imported 'GUID: 59f8146938fff824cb5fd77236b75775' -> (Import Result ID: 'ddadece2eae8ef059ec7f56f5d8fb8a4') in 0.001 seconds [static and dynamic dependencies]. Details - ImportResultOutputID=a4f6ece6da4bdc46b7604146e0cc25f8 DependenciesID=c53a7ce39f446777ce736c9167a86cdb StaticDependenciesID=36223cfb84be07894043446480e9277f 
Number of updated asset objects reloaded before import = 0
Number of asset objects unloaded after import = 0
========================================================================
Received Import Request.
  Time of request: 2026-09-22T00:46:10.095523Z
  Time since last request: 0.000436125 seconds.
  importAddress: GUID: 9545c9eb3bf94265810463794fec8334 - Path: Packages/com.unity.ugui/Editor/TMP/PropertyDrawers/DropdownOptionListDrawer.cs - Importer: ScriptedImporter/UnityEditor.QuickSearchModule:UnityEditor.Search:ASIAI0B
Importing 'GUID: 9545c9eb3bf94265810463794fec8334 - Path: Packages/com.unity.ugui/Editor/TMP/PropertyDrawers/DropdownOptionListDrawer.cs - Importer: ScriptedImporter/UnityEditor.QuickSearchModule:UnityEditor.Search:ASIAI0B' with importer (ScriptedImporter : UnityEditor.QuickSearchModule:UnityEditor.Search:ASIAI0B)
Imported 'GUID: 9545c9eb3bf94265810463794fec8334' -> (Import Result ID: 'fe3b601d30c0fcc02f21e8ac848ac469') in 0.001 seconds [static and dynamic dependencies]. Details - ImportResultOutputID=4b38bab5b9f9e933ce38dad45986631e DependenciesID=8dddfffb435124e3cd18505df8a7f04f StaticDependenciesID=fa58ee0a9ee180dfc477d3016dce038a 
Number of updated asset objects reloaded before import = 0
Number of asset objects unloaded after import = 0
========================================================================
Received Import Request.
  Time of request: 2026-09-22T00:46:10.097259Z
  Time since last request: 0.000360292 seconds.
  importAddress: GUID: b10cb8fee5b39014d8a417bf413f5e5c - Path: Packages/com.unity.ugui/Editor/UGUI/UI/MaskEditor.cs - Importer: ScriptedImporter/UnityEditor.QuickSearchModule:UnityEditor.Search:ASIAI0B
Importing 'GUID: b10cb8fee5b39014d8a417bf413f5e5c - Path: Packages/com.unity.ugui/Editor/UGUI/UI/MaskEditor.cs - Importer: ScriptedImporter/UnityEditor.QuickSearchModule:UnityEditor.Search:ASIAI0B' with importer (ScriptedImporter : UnityEditor.QuickSearchModule:UnityEditor.Search:ASIAI0B)
Imported 'GUID: b10cb8fee5b39014d8a417bf413f5e5c' -> (Import Result ID: '0ef6ccad3a8d679ee57348c78c73e45d') in 0.001 seconds [static and dynamic dependencies]. Details - ImportResultOutputID=0d52c11d1cc5bdf045f07decdf3e13bc DependenciesID=a5faea00a8415663756a5ec9c963d40a StaticDependenciesID=ba63a7f211ef683dce7bed171ec58682 
Number of updated asset objects reloaded before import = 0
Number of asset objects unloaded after import = 0
========================================================================
Received Import Request.
  Time of request: 2026-09-22T00:46:10.099083Z
  Time since last request: 0.000378042 seconds.
  importAddress: GUID: ed041e68439749a69d0efa0e3d896c2e - Path: Packages/com.unity.ugui/Editor Resources/Textures/btn_AlignTop_Light.psd - Importer: ScriptedImporter/UnityEditor.QuickSearchModule:UnityEditor.Search:ASIAI0B
Importing 'GUID: ed041e68439749a69d0efa0e3d896c2e - Path: Packages/com.unity.ugui/Editor Resources/Textures/btn_AlignTop_Light.psd - Importer: ScriptedImporter/UnityEditor.QuickSearchModule:UnityEditor.Search:ASIAI0B' with importer (ScriptedImporter : UnityEditor.QuickSearchModule:UnityEditor.Search:ASIAI0B)
Imported 'GUID: ed041e68439749a69d0efa0e3d896c2e' -> (Import Result ID: '8ae3e2e8b47d14301f507003bc023c1d') in 0.005 seconds [static and dynamic dependencies]. Details - ImportResultOutputID=76288fba4056a99d80a2be440fa28521 DependenciesID=b0ac7ab61fb820a4c7b4edeba846438c StaticDependenciesID=56125e8ebb2178f13e86ffe16ffabf07 
Number of updated asset objects reloaded before import = 0
Number of asset objects unloaded after import = 1
========================================================================
Received Import Request.
  Time of request: 2026-09-22T00:46:10.104891Z
  Time since last request: 0.000243167 seconds.
  importAddress: GUID: 6d9df2bc198c417db00037803568139c - Path: Packages/com.unity.ugui/Runtime/TMP/TMP_MaterialManager.cs - Importer: ScriptedImporter/UnityEditor.QuickSearchModule:UnityEditor.Search:ASIAI0B
Importing 'GUID: 6d9df2bc198c417db00037803568139c - Path: Packages/com.unity.ugui/Runtime/TMP/TMP_MaterialManager.cs - Importer: ScriptedImporter/UnityEditor.QuickSearchModule:UnityEditor.Search:ASIAI0B' with importer (ScriptedImporter : UnityEditor.QuickSearchModule:UnityEditor.Search:ASIAI0B)
Imported 'GUID: 6d9df2bc198c417db00037803568139c' -> (Import Result ID: '70e53435ef5fd5fcb6312b71adbcc2c8') in 0.002 seconds [static and dynamic dependencies]. Details - ImportResultOutputID=2e2250d96686a05a2ddd3cd014362612 DependenciesID=6bfeb78738b6056605e1e796b45b5f60 StaticDependenciesID=091f85a6cad63e066fd7e3cb0bfa0b40 
Number of updated asset objects reloaded before import = 0
Number of asset objects unloaded after import = 0
========================================================================
Received Import Request.
  Time of request: 2026-09-22T00:46:10.107415Z
  Time since last request: 0.000505209 seconds.
  importAddress: GUID: e93ec7eb6de342aabd156833e253f838 - Path: Packages/com.unity.ugui/Editor Resources/Gizmos - Importer: ScriptedImporter/UnityEditor.QuickSearchModule:UnityEditor.Search:ASIAI0B
Importing 'GUID: e93ec7eb6de342aabd156833e253f838 - Path: Packages/com.unity.ugui/Editor Resources/Gizmos - Importer: ScriptedImporter/UnityEditor.QuickSearchModule:UnityEditor.Search:ASIAI0B' with importer (ScriptedImporter : UnityEditor.QuickSearchModule:UnityEditor.Search:ASIAI0B)
Imported 'GUID: e93ec7eb6de342aabd156833e253f838' -> (Import Result ID: '26a92ffce0c396d85d7bbab5a3cb421f') in 0.001 seconds [static and dynamic dependencies]. Details - ImportResultOutputID=a0e8c9ba0fdeb99f20b962c0800dc826 DependenciesID=f7774c5230ea3725a47a484b10e87554 StaticDependenciesID=e3027144ba41d33f8c7bf832a952f20e 
Number of updated asset objects reloaded before import = 0
Number of asset objects unloaded after import = 1
========================================================================
Received Import Request.
  Time of request: 2026-09-22T00:46:10.10905Z
  Time since last request: 0.000333583 seconds.
  importAddress: GUID: 9c4a050f089abb04ebd4125e419f4548 - Path: Packages/com.unity.ugui/Editor/TMP/TMP_SerializedPropertyHolder.cs - Importer: ScriptedImporter/UnityEditor.QuickSearchModule:UnityEditor.Search:ASIAI0B
Importing 'GUID: 9c4a050f089abb04ebd4125e419f4548 - Path: Packages/com.unity.ugui/Editor/TMP/TMP_SerializedPropertyHolder.cs - Importer: ScriptedImporter/UnityEditor.QuickSearchModule:UnityEditor.Search:ASIAI0B' with importer (ScriptedImporter : UnityEditor.QuickSearchModule:UnityEditor.Search:ASIAI0B)
Imported 'GUID: 9c4a050f089abb04ebd4125e419f4548' -> (Import Result ID: 'f60c3485c7abb9a73ed0f7ea5ca70e29') in 0.002 seconds [static and dynamic dependencies]. Details - ImportResultOutputID=4e7291df86bbfe61862cbf1aaa81deb2 DependenciesID=45acfbb61ceaa3e36d9b9dc606674d6d StaticDependenciesID=11e1c8ba8fb422ed27bfdd9609909c10 
Number of updated asset objects reloaded before import = 0
Number of asset objects unloaded after import = 0
========================================================================
Received Import Request.
  Time of request: 2026-09-22T00:46:10.111461Z
  Time since last request: 0.000640125 seconds.
  importAddress: GUID: d850db319a63d2546932ff76fe55a498 - Path: Packages/com.unity.ugui/Tests - Importer: ScriptedImporter/UnityEditor.QuickSearchModule:UnityEditor.Search:ASIAI0B
Importing 'GUID: d850db319a63d2546932ff76fe55a498 - Path: Packages/com.unity.ugui/Tests - Importer: ScriptedImporter/UnityEditor.QuickSearchModule:UnityEditor.Search:ASIAI0B' with importer (ScriptedImporter : UnityEditor.QuickSearchModule:UnityEditor.Search:ASIAI0B)
Imported 'GUID: d850db319a63d2546932ff76fe55a498' -> (Import Result ID: '2943d7b86648b1150fcf4d78a2f50a2b') in 0.003 seconds [static and dynamic dependencies]. Details - ImportResultOutputID=aee2b324b9226680ac5752d816b22141 DependenciesID=2f69b19c7741f1c1a5ef01d0ab61eb33 StaticDependenciesID=dacbc901333955df5a9a320305155662 
Number of updated asset objects reloaded before import = 0
Number of asset objects unloaded after import = 1
========================================================================
Received Import Request.
  Time of request: 2026-09-22T00:46:10.114567Z
  Time since last request: 0.000332834 seconds.
  importAddress: GUID: 833143c443f979e44ae0b8ed899e3b59 - Path: Packages/com.unity.ugui/Tests/Runtime/UGUI/EventSystem/PhysicsRaycasterTests.cs - Importer: ScriptedImporter/UnityEditor.QuickSearchModule:UnityEditor.Search:ASIAI0B
Importing 'GUID: 833143c443f979e44ae0b8ed899e3b59 - Path: Packages/com.unity.ugui/Tests/Runtime/UGUI/EventSystem/PhysicsRaycasterTests.cs - Importer: ScriptedImporter/UnityEditor.QuickSearchModule:UnityEditor.Search:ASIAI0B' with importer (ScriptedImporter : UnityEditor.QuickSearchModule:UnityEditor.Search:ASIAI0B)
Imported 'GUID: 833143c443f979e44ae0b8ed899e3b59' -> (Import Result ID: 'e6da68c0e976ad055a37255a7136ad72') in 0.002 seconds [static and dynamic dependencies]. Details - ImportResultOutputID=d4181a80ba4c840b349457c0e470a4b6 DependenciesID=e67bb35532fa7d6736198f9ebe011cf2 StaticDependenciesID=581187f35b26a02397fae21f2d350c95 
Number of updated asset objects reloaded before import = 0
Number of asset objects unloaded after import = 0
========================================================================
Received Import Request.
  Time of request: 2026-09-22T00:46:10.116872Z
  Time since last request: 0.000445958 seconds.
  importAddress: GUID: 53caebc5909234b4ebe1fcaf3dc913a5 - Path: Packages/com.unity.ugui/Tests/Runtime/UGUI - Importer: ScriptedImporter/UnityEditor.QuickSearchModule:UnityEditor.Search:ASIAI0B
Importing 'GUID: 53caebc5909234b4ebe1fcaf3dc913a5 - Path: Packages/com.unity.ugui/Tests/Runtime/UGUI - Importer: ScriptedImporter/UnityEditor.QuickSearchModule:UnityEditor.Search:ASIAI0B' with importer (ScriptedImporter : UnityEditor.QuickSearchModule:UnityEditor.Search:ASIAI0B)
Imported 'GUID: 53caebc5909234b4ebe1fcaf3dc913a5' -> (Import Result ID: '72990e6054810309abd03978513b4134') in 0.001 seconds [static and dynamic dependencies]. Details - ImportResultOutputID=83eb52b463fe2502b0455a495b6b9336 DependenciesID=75ac0a7a73104ae33dc96963029fdcd0 StaticDependenciesID=ab5cbe92ffbead88439289ca35f927d1 
Number of updated asset objects reloaded before import = 0
Number of asset objects unloaded after import = 1
========================================================================
Received Import Request.
  Time of request: 2026-09-22T00:46:10.118675Z
  Time since last request: 0.000305125 seconds.
  importAddress: GUID: 127023922adddf744b59fa7b0b0c3030 - Path: Packages/com.unity.ugui/Editor/UGUI/UI/InterceptedEventsPreview.cs - Importer: ScriptedImporter/UnityEditor.QuickSearchModule:UnityEditor.Search:ASIAI0B
Importing 'GUID: 127023922adddf744b59fa7b0b0c3030 - Path: Packages/com.unity.ugui/Editor/UGUI/UI/InterceptedEventsPreview.cs - Importer: ScriptedImporter/UnityEditor.QuickSearchModule:UnityEditor.Search:ASIAI0B' with importer (ScriptedImporter : UnityEditor.QuickSearchModule:UnityEditor.Search:ASIAI0B)
Imported 'GUID: 127023922adddf744b59fa7b0b0c3030' -> (Import Result ID: 'c581944e45a6439b058cb9cf384861b6') in 0.002 seconds [static and dynamic dependencies]. Details - ImportResultOutputID=269f3e6df3ca8640f2add97b355ddb2e DependenciesID=af19540e490772a486bef600ef64ea73 StaticDependenciesID=825a65f205d54a79806189affbd4fbf3 
Number of updated asset objects reloaded before import = 0
Number of asset objects unloaded after import = 0
========================================================================
Received Import Request.
  Time of request: 2026-09-22T00:46:10.12074Z
  Time since last request: 0.000385417 seconds.
  importAddress: GUID: 6055be8ebefd69e48b49212b09b47b2f - Path: Packages/com.unity.ugui/Runtime/TMP/Unity.TextMeshPro.asmdef - Importer: ScriptedImporter/UnityEditor.QuickSearchModule:UnityEditor.Search:ASIAI0B
Importing 'GUID: 6055be8ebefd69e48b49212b09b47b2f - Path: Packages/com.unity.ugui/Runtime/TMP/Unity.TextMeshPro.asmdef - Importer: ScriptedImporter/UnityEditor.QuickSearchModule:UnityEditor.Search:ASIAI0B' with importer (ScriptedImporter : UnityEditor.QuickSearchModule:UnityEditor.Search:ASIAI0B)
Imported 'GUID: 6055be8ebefd69e48b49212b09b47b2f' -> (Import Result ID: 'ae830fbb2773b2cbfabfa924e0e5077b') in 0.004 seconds [static and dynamic dependencies]. Details - ImportResultOutputID=d2078e0f98f4146e70061dd4cf6a13d5 DependenciesID=8db5b83cf0456e24cebdc1a409e28c42 StaticDependenciesID=9568c4dd1d8d4cf5092e0275ad1cd953 
Number of updated asset objects reloaded before import = 0
Number of asset objects unloaded after import = 1
========================================================================
Received Import Request.
  Time of request: 2026-09-22T00:46:10.125216Z
  Time since last request: 0.000664916 seconds.
  importAddress: GUID: b9ba34e0b1884454fbc4257260e22b64 - Path: Packages/com.unity.ugui/Runtime/UGUI/UI/Core/SetPropertyUtility.cs - Importer: ScriptedImporter/UnityEditor.QuickSearchModule:UnityEditor.Search:ASIAI0B
Importing 'GUID: b9ba34e0b1884454fbc4257260e22b64 - Path: Packages/com.unity.ugui/Runtime/UGUI/UI/Core/SetPropertyUtility.cs - Importer: ScriptedImporter/UnityEditor.QuickSearchModule:UnityEditor.Search:ASIAI0B' with importer (ScriptedImporter : UnityEditor.QuickSearchModule:UnityEditor.Search:ASIAI0B)
Imported 'GUID: b9ba34e0b1884454fbc4257260e22b64' -> (Import Result ID: 'f5dfae85e4db0a1b3d236d50d07c939a') in 0.002 seconds [static and dynamic dependencies]. Details - ImportResultOutputID=bd0c32802c0b6448ca93b75f961d3d65 DependenciesID=392b8def549fc6099c4756bb0e9e3c1d StaticDependenciesID=256336e731eecf320f58ca14eddabf8f 
Number of updated asset objects reloaded before import = 0
Number of asset objects unloaded after import = 0
========================================================================
Received Import Request.
  Time of request: 2026-09-22T00:46:10.127643Z
  Time since last request: 0.000344334 seconds.
  importAddress: GUID: 9085046f02f69544eb97fd06b6048fe2 - Path: Packages/com.unity.ugui/Runtime/UGUI/UI/Core/Toggle.cs - Importer: ScriptedImporter/UnityEditor.QuickSearchModule:UnityEditor.Search:ASIAI0B
Importing 'GUID: 9085046f02f69544eb97fd06b6048fe2 - Path: Packages/com.unity.ugui/Runtime/UGUI/UI/Core/Toggle.cs - Importer: ScriptedImporter/UnityEditor.QuickSearchModule:UnityEditor.Search:ASIAI0B' with importer (ScriptedImporter : UnityEditor.QuickSearchModule:UnityEditor.Search:ASIAI0B)
Imported 'GUID: 9085046f02f69544eb97fd06b6048fe2' -> (Import Result ID: '3f3961ad01946dde374fcb76770da3f2') in 0.002 seconds [static and dynamic dependencies]. Details - ImportResultOutputID=1688755d65608d6a55498ea53c4dd7be DependenciesID=37d8942dbef4d8ed1eabc058515b535f StaticDependenciesID=d52475160b1b50b024efc2cb9f5cab75 
Number of updated asset objects reloaded before import = 0
Number of asset objects unloaded after import = 0
========================================================================
Received Import Request.
  Time of request: 2026-09-22T00:46:10.130048Z
  Time since last request: 0.0005075 seconds.
  importAddress: GUID: 27a0335dab59ec542aadd6636a5b4ebd - Path: Packages/com.unity.ugui/Editor/TMP/TMP_EditorCoroutine.cs - Importer: ScriptedImporter/UnityEditor.QuickSearchModule:UnityEditor.Search:ASIAI0B
Importing 'GUID: 27a0335dab59ec542aadd6636a5b4ebd - Path: Packages/com.unity.ugui/Editor/TMP/TMP_EditorCoroutine.cs - Importer: ScriptedImporter/UnityEditor.QuickSearchModule:UnityEditor.Search:ASIAI0B' with importer (ScriptedImporter : UnityEditor.QuickSearchModule:UnityEditor.Search:ASIAI0B)
Imported 'GUID: 27a0335dab59ec542aadd6636a5b4ebd' -> (Import Result ID: '078638b86c4afa31106262258c49473e') in 0.002 seconds [static and dynamic dependencies]. Details - ImportResultOutputID=9d8761a5fa21c3ad4fc98a4a5d52f970 DependenciesID=4f3f2505818a11cfa8dea9c68d0fef00 StaticDependenciesID=f74c8058f2f1c021eee2420ee3a8d2d3 
Number of updated asset objects reloaded before import = 0
Number of asset objects unloaded after import = 0
========================================================================
Received Import Request.
  Time of request: 2026-09-22T00:46:10.133333Z
  Time since last request: 0.000936042 seconds.
  importAddress: GUID: 20a9b557a46149dfbfa04a3a7080f5aa - Path: Packages/com.unity.ugui/Runtime/TMP/TMP_TextProcessingStack.cs - Importer: ScriptedImporter/UnityEditor.QuickSearchModule:UnityEditor.Search:ASIAI0B
Importing 'GUID: 20a9b557a46149dfbfa04a3a7080f5aa - Path: Packages/com.unity.ugui/Runtime/TMP/TMP_TextProcessingStack.cs - Importer: ScriptedImporter/UnityEditor.QuickSearchModule:UnityEditor.Search:ASIAI0B' with importer (ScriptedImporter : UnityEditor.QuickSearchModule:UnityEditor.Search:ASIAI0B)
Imported 'GUID: 20a9b557a46149dfbfa04a3a7080f5aa' -> (Import Result ID: '60561f5637a7bd04de52444baa332f4a') in 0.003 seconds [static and dynamic dependencies]. Details - ImportResultOutputID=3dd72874ac9ae3424c881ee07a206b8a DependenciesID=af0f550407bb4f4ae29c57d8e6481cfb StaticDependenciesID=0a2d1b26e9fb89840f1c339afa2ae222 
Number of updated asset objects reloaded before import = 0
Number of asset objects unloaded after import = 0
========================================================================
Received Import Request.
  Time of request: 2026-09-22T00:46:10.13751Z
  Time since last request: 0.001209375 seconds.
  importAddress: GUID: 306cc8c2b49d7114eaa3623786fc2126 - Path: Packages/com.unity.ugui/Runtime/UGUI/UI/Core/Layout/LayoutElement.cs - Importer: ScriptedImporter/UnityEditor.QuickSearchModule:UnityEditor.Search:ASIAI0B
Importing 'GUID: 306cc8c2b49d7114eaa3623786fc2126 - Path: Packages/com.unity.ugui/Runtime/UGUI/UI/Core/Layout/LayoutElement.cs - Importer: ScriptedImporter/UnityEditor.QuickSearchModule:UnityEditor.Search:ASIAI0B' with importer (ScriptedImporter : UnityEditor.QuickSearchModule:UnityEditor.Search:ASIAI0B)
Imported 'GUID: 306cc8c2b49d7114eaa3623786fc2126' -> (Import Result ID: '13582e744142d68279d5af99c4845417') in 0.012 seconds [static and dynamic dependencies]. Details - ImportResultOutputID=77ff6d13217fc5ae825820bb76263d02 DependenciesID=9eb4ed83657afc73d704c833a7b3c37f StaticDependenciesID=5a615014fd58d9bc98977e69924be57d 
Number of updated asset objects reloaded before import = 0
Number of asset objects unloaded after import = 0
========================================================================
Received Import Request.
  Time of request: 2026-09-22T00:46:10.150889Z
  Time since last request: 0.000740792 seconds.
  importAddress: GUID: 24c3e990929f942f9a53e298ba7caddf - Path: Packages/com.unity.ugui/Tests/Runtime/UGUI/RaycastReceiver/RaycastReceiverTests.cs - Importer: ScriptedImporter/UnityEditor.QuickSearchModule:UnityEditor.Search:ASIAI0B
Importing 'GUID: 24c3e990929f942f9a53e298ba7caddf - Path: Packages/com.unity.ugui/Tests/Runtime/UGUI/RaycastReceiver/RaycastReceiverTests.cs - Importer: ScriptedImporter/UnityEditor.QuickSearchModule:UnityEditor.Search:ASIAI0B' with importer (ScriptedImporter : UnityEditor.QuickSearchModule:UnityEditor.Search:ASIAI0B)
Imported 'GUID: 24c3e990929f942f9a53e298ba7caddf' -> (Import Result ID: '93ad77c9124d5aa2742d1c6865ed7f1e') in 0.003 seconds [static and dynamic dependencies]. Details - ImportResultOutputID=08fe1d5c30a58ffea6899fc4b4f17402 DependenciesID=494eedd9eb8ef50ef870fe266fa20772 StaticDependenciesID=7fe66d1f77dcb25e4a96ac3f3a124861 
Number of updated asset objects reloaded before import = 0
Number of asset objects unloaded after import = 0
========================================================================
Received Import Request.
  Time of request: 2026-09-22T00:46:10.154137Z
  Time since last request: 0.000473 seconds.
  importAddress: GUID: 4cfe5ade9a1375e40aed87618b92bd12 - Path: Packages/com.unity.ugui/Tests/Editor/UGUI/Slider - Importer: ScriptedImporter/UnityEditor.QuickSearchModule:UnityEditor.Search:ASIAI0B
Importing 'GUID: 4cfe5ade9a1375e40aed87618b92bd12 - Path: Packages/com.unity.ugui/Tests/Editor/UGUI/Slider - Importer: ScriptedImporter/UnityEditor.QuickSearchModule:UnityEditor.Search:ASIAI0B' with importer (ScriptedImporter : UnityEditor.QuickSearchModule:UnityEditor.Search:ASIAI0B)
Imported 'GUID: 4cfe5ade9a1375e40aed87618b92bd12' -> (Import Result ID: 'cdef6a6abaa6192fe80dc25de3bad9f0') in 0.002 seconds [static and dynamic dependencies]. Details - ImportResultOutputID=b195d947e78445c510d8ab12ede4ed45 DependenciesID=6225d262cf9c24e29981f9eabff6ba5c StaticDependenciesID=9880abd1521dcca3da5f5a76341c8bd1 
Number of updated asset objects reloaded before import = 0
Number of asset objects unloaded after import = 1
========================================================================
Received Import Request.
  Time of request: 2026-09-22T00:46:10.157262Z
  Time since last request: 0.000869584 seconds.
  importAddress: GUID: 86710e43de46f6f4bac7c8e50813a599 - Path: Packages/com.unity.ugui/Runtime/UGUI/UI/Core/Layout/AspectRatioFitter.cs - Importer: ScriptedImporter/UnityEditor.QuickSearchModule:UnityEditor.Search:ASIAI0B
Importing 'GUID: 86710e43de46f6f4bac7c8e50813a599 - Path: Packages/com.unity.ugui/Runtime/UGUI/UI/Core/Layout/AspectRatioFitter.cs - Importer: ScriptedImporter/UnityEditor.QuickSearchModule:UnityEditor.Search:ASIAI0B' with importer (ScriptedImporter : UnityEditor.QuickSearchModule:UnityEditor.Search:ASIAI0B)
Imported 'GUID: 86710e43de46f6f4bac7c8e50813a599' -> (Import Result ID: 'e760374f3009ee2561858a836212f457') in 0.003 seconds [static and dynamic dependencies]. Details - ImportResultOutputID=5398a93a9d8bab6be59aba29f44bd2dd DependenciesID=fcf5e1376d35ed8b7685a2f956bedd5a StaticDependenciesID=0bf151fb515aac19782df8a0d782c216 
Number of updated asset objects reloaded before import = 0
Number of asset objects unloaded after import = 0
========================================================================
Received Import Request.
  Time of request: 2026-09-22T00:46:10.160632Z
  Time since last request: 0.000597542 seconds.
  importAddress: GUID: 1817d28a5343b4ec19b4ec7903730e2c - Path: Packages/com.unity.ugui/Runtime/UGUI - Importer: ScriptedImporter/UnityEditor.QuickSearchModule:UnityEditor.Search:ASIAI0B
Importing 'GUID: 1817d28a5343b4ec19b4ec7903730e2c - Path: Packages/com.unity.ugui/Runtime/UGUI - Importer: ScriptedImporter/UnityEditor.QuickSearchModule:UnityEditor.Search:ASIAI0B' with importer (ScriptedImporter : UnityEditor.QuickSearchModule:UnityEditor.Search:ASIAI0B)
Imported 'GUID: 1817d28a5343b4ec19b4ec7903730e2c' -> (Import Result ID: '824ea3293259c080a7891874481214dd') in 0.002 seconds [static and dynamic dependencies]. Details - ImportResultOutputID=490eb4ce3f627e918c1c2ecaf8609030 DependenciesID=bc9598e2d512b28374c1ab0fb0f387e5 StaticDependenciesID=2742f7ae2ff29e4ca941816e7573a21f 
Number of updated asset objects reloaded before import = 0
Number of asset objects unloaded after import = 1
========================================================================
Received Import Request.
  Time of request: 2026-09-22T00:46:10.165558Z
  Time since last request: 0.002635792 seconds.
  importAddress: GUID: 0ca81982e37e893498abf804c12a22c7 - Path: Packages/com.unity.ugui/Tests/Editor/UGUI/Canvas/UISystemProfilerAddMarkerWithNullObjectDoesNotCrash.cs - Importer: ScriptedImporter/UnityEditor.QuickSearchModule:UnityEditor.Search:ASIAI0B
Importing 'GUID: 0ca81982e37e893498abf804c12a22c7 - Path: Packages/com.unity.ugui/Tests/Editor/UGUI/Canvas/UISystemProfilerAddMarkerWithNullObjectDoesNotCrash.cs - Importer: ScriptedImporter/UnityEditor.QuickSearchModule:UnityEditor.Search:ASIAI0B' with importer (ScriptedImporter : UnityEditor.QuickSearchModule:UnityEditor.Search:ASIAI0B)
Imported 'GUID: 0ca81982e37e893498abf804c12a22c7' -> (Import Result ID: '4f22a6776ae8c838ba6ece2c7e1f1e95') in 0.003 seconds [static and dynamic dependencies]. Details - ImportResultOutputID=3bd75e731edf96707de24d1447b6d5b1 DependenciesID=cc6a81f6bc08f8da8596ff440f465bcd StaticDependenciesID=7c0730359396658d0de989dcace342d0 
Number of updated asset objects reloaded before import = 0
Number of asset objects unloaded after import = 0
========================================================================
Received Import Request.
  Time of request: 2026-09-22T00:46:10.168919Z
  Time since last request: 0.000629375 seconds.
  importAddress: GUID: d56dbb97f857c8040beef6dd1bfc97df - Path: Packages/com.unity.ugui/Tests/Runtime/UGUI/ScrollRect/ScrollRectClamp.cs - Importer: ScriptedImporter/UnityEditor.QuickSearchModule:UnityEditor.Search:ASIAI0B
Importing 'GUID: d56dbb97f857c8040beef6dd1bfc97df - Path: Packages/com.unity.ugui/Tests/Runtime/UGUI/ScrollRect/ScrollRectClamp.cs - Importer: ScriptedImporter/UnityEditor.QuickSearchModule:UnityEditor.Search:ASIAI0B' with importer (ScriptedImporter : UnityEditor.QuickSearchModule:UnityEditor.Search:ASIAI0B)
Imported 'GUID: d56dbb97f857c8040beef6dd1bfc97df' -> (Import Result ID: '57a22d340e1362ed70ae866ff5098380') in 0.003 seconds [static and dynamic dependencies]. Details - ImportResultOutputID=1c311ec85714151e05bfcc17225b3751 DependenciesID=b1d5882cf3981c27f4d1dc0624b89d81 StaticDependenciesID=8c16cd1a101ca8ae5b7a4d157997e166 
Number of updated asset objects reloaded before import = 0
Number of asset objects unloaded after import = 0
========================================================================
Received Import Request.
  Time of request: 2026-09-22T00:46:10.172218Z
  Time since last request: 0.000646417 seconds.
  importAddress: GUID: 7b743370ac3e4ec2a1668f5455a8ef8a - Path: Packages/com.unity.ugui/Runtime/TMP/TMP_Dropdown.cs - Importer: ScriptedImporter/UnityEditor.QuickSearchModule:UnityEditor.Search:ASIAI0B
Importing 'GUID: 7b743370ac3e4ec2a1668f5455a8ef8a - Path: Packages/com.unity.ugui/Runtime/TMP/TMP_Dropdown.cs - Importer: ScriptedImporter/UnityEditor.QuickSearchModule:UnityEditor.Search:ASIAI0B' with importer (ScriptedImporter : UnityEditor.QuickSearchModule:UnityEditor.Search:ASIAI0B)
Imported 'GUID: 7b743370ac3e4ec2a1668f5455a8ef8a' -> (Import Result ID: '0e4e5237b02669e061292552a76415aa') in 0.004 seconds [static and dynamic dependencies]. Details - ImportResultOutputID=23121e99ecade997be94c498df8e9c67 DependenciesID=2bd24c860d4c2249550a9a9b4c02e9f0 StaticDependenciesID=af0c4e05a4cd75ccc5b926e31d3c4484 
Number of updated asset objects reloaded before import = 0
Number of asset objects unloaded after import = 1
========================================================================
Received Import Request.
  Time of request: 2026-09-22T00:46:10.177045Z
  Time since last request: 0.000453625 seconds.
  importAddress: GUID: 373b4c78c0396334288fa5ff8e7b7350 - Path: Packages/com.unity.ugui/Tests/Editor/UGUI/Slider/SliderRectReferences.cs - Importer: ScriptedImporter/UnityEditor.QuickSearchModule:UnityEditor.Search:ASIAI0B
Importing 'GUID: 373b4c78c0396334288fa5ff8e7b7350 - Path: Packages/com.unity.ugui/Tests/Editor/UGUI/Slider/SliderRectReferences.cs - Importer: ScriptedImporter/UnityEditor.QuickSearchModule:UnityEditor.Search:ASIAI0B' with importer (ScriptedImporter : UnityEditor.QuickSearchModule:UnityEditor.Search:ASIAI0B)
Imported 'GUID: 373b4c78c0396334288fa5ff8e7b7350' -> (Import Result ID: '0b5b452d17d296daf50191fce9488b65') in 0.003 seconds [static and dynamic dependencies]. Details - ImportResultOutputID=d702999308c93bf70c0247b2c7f7d4d8 DependenciesID=a42ab55cf93cb6ff3cbd526a37057d6b StaticDependenciesID=123ab2a05e44463518425352e5200f3f 
Number of updated asset objects reloaded before import = 0
Number of asset objects unloaded after import = 0
========================================================================
Received Import Request.
  Time of request: 2026-09-22T00:46:10.180342Z
  Time since last request: 0.000609042 seconds.
  importAddress: GUID: 7a98125502f715b4b83cfb77b434e436 - Path: Packages/com.unity.ugui/Runtime/UGUI/UI/Core/Selectable.cs - Importer: ScriptedImporter/UnityEditor.QuickSearchModule:UnityEditor.Search:ASIAI0B
Importing 'GUID: 7a98125502f715b4b83cfb77b434e436 - Path: Packages/com.unity.ugui/Runtime/UGUI/UI/Core/Selectable.cs - Importer: ScriptedImporter/UnityEditor.QuickSearchModule:UnityEditor.Search:ASIAI0B' with importer (ScriptedImporter : UnityEditor.QuickSearchModule:UnityEditor.Search:ASIAI0B)
Imported 'GUID: 7a98125502f715b4b83cfb77b434e436' -> (Import Result ID: '290ee85cf43e3dbd715518f1965af775') in 0.004 seconds [static and dynamic dependencies]. Details - ImportResultOutputID=6a3af80812a0cdc4a1d690ebde42baad DependenciesID=464ce6fd5eb35deff2b3722b92a8ab41 StaticDependenciesID=0944985abb08d6dd21907cfab4c2ef89 
Number of updated asset objects reloaded before import = 0
Number of asset objects unloaded after import = 0
========================================================================
Received Import Request.
  Time of request: 2026-09-22T00:46:10.185631Z
  Time since last request: 0.001355167 seconds.
  importAddress: GUID: 12736c98af174f91827a26b66d2b01b9 - Path: Packages/com.unity.ugui/Editor Resources/Textures/btn_AlignLeft_Light.psd - Importer: ScriptedImporter/UnityEditor.QuickSearchModule:UnityEditor.Search:ASIAI0B
Importing 'GUID: 12736c98af174f91827a26b66d2b01b9 - Path: Packages/com.unity.ugui/Editor Resources/Textures/btn_AlignLeft_Light.psd - Importer: ScriptedImporter/UnityEditor.QuickSearchModule:UnityEditor.Search:ASIAI0B' with importer (ScriptedImporter : UnityEditor.QuickSearchModule:UnityEditor.Search:ASIAI0B)
Imported 'GUID: 12736c98af174f91827a26b66d2b01b9' -> (Import Result ID: '76e8ad6953b11571c62f085bfaee1bcd') in 0.010 seconds [static and dynamic dependencies]. Details - ImportResultOutputID=bed4e3978d7a493adde646a564cdef14 DependenciesID=8c14ca511a5f89027c99f138826dff3b StaticDependenciesID=d5dae82ac2804330017850d2dcd6fc3a 
Number of updated asset objects reloaded before import = 0
Number of asset objects unloaded after import = 1
========================================================================
Received Import Request.
  Time of request: 2026-09-22T00:46:10.196513Z
  Time since last request: 0.000561084 seconds.
  importAddress: GUID: 9f1026265f8e3d54fb6e9f082c43debf - Path: Packages/com.unity.ugui/Runtime/UGUI/UI/Core/Culling/ClipperRegistry.cs - Importer: ScriptedImporter/UnityEditor.QuickSearchModule:UnityEditor.Search:ASIAI0B
Importing 'GUID: 9f1026265f8e3d54fb6e9f082c43debf - Path: Packages/com.unity.ugui/Runtime/UGUI/UI/Core/Culling/ClipperRegistry.cs - Importer: ScriptedImporter/UnityEditor.QuickSearchModule:UnityEditor.Search:ASIAI0B' with importer (ScriptedImporter : UnityEditor.QuickSearchModule:UnityEditor.Search:ASIAI0B)
Imported 'GUID: 9f1026265f8e3d54fb6e9f082c43debf' -> (Import Result ID: 'fc3e987f870d51253e4e42a981fffd8f') in 0.005 seconds [static and dynamic dependencies]. Details - ImportResultOutputID=b1c7b510dc56a686fbec0609d8a80a12 DependenciesID=0871e6e1b737df60800efe2654980767 StaticDependenciesID=6b48a5a1b5380f8cb2c8ff503997086b 
Number of updated asset objects reloaded before import = 0
Number of asset objects unloaded after import = 0
========================================================================
Received Import Request.
  Time of request: 2026-09-22T00:46:10.203009Z
  Time since last request: 0.001379459 seconds.
  importAddress: GUID: f695b5f9415c40b39ae877eaff41c96e - Path: Packages/com.unity.ugui/Runtime/TMP/TMP_FontAssetCommon.cs - Importer: ScriptedImporter/UnityEditor.QuickSearchModule:UnityEditor.Search:ASIAI0B
Importing 'GUID: f695b5f9415c40b39ae877eaff41c96e - Path: Packages/com.unity.ugui/Runtime/TMP/TMP_FontAssetCommon.cs - Importer: ScriptedImporter/UnityEditor.QuickSearchModule:UnityEditor.Search:ASIAI0B' with importer (ScriptedImporter : UnityEditor.QuickSearchModule:UnityEditor.Search:ASIAI0B)
Imported 'GUID: f695b5f9415c40b39ae877eaff41c96e' -> (Import Result ID: '70aa27252fcdcbf8d8736db2f8e529d4') in 0.003 seconds [static and dynamic dependencies]. Details - ImportResultOutputID=a14b155891152618b1de67d62bfe0955 DependenciesID=075f949f50e59b17f74d4b3a4489aeb9 StaticDependenciesID=21d6cb2423c2cd48e26432cc280f5463 
Number of updated asset objects reloaded before import = 0
Number of asset objects unloaded after import = 0
========================================================================
Received Import Request.
  Time of request: 2026-09-22T00:46:10.206577Z
  Time since last request: 0.000548459 seconds.
  importAddress: GUID: 44e1d646473a40178712cb2150f54cec - Path: Packages/com.unity.ugui/Editor/TMP/TMPro_ContextMenus.cs - Importer: ScriptedImporter/UnityEditor.QuickSearchModule:UnityEditor.Search:ASIAI0B
Importing 'GUID: 44e1d646473a40178712cb2150f54cec - Path: Packages/com.unity.ugui/Editor/TMP/TMPro_ContextMenus.cs - Importer: ScriptedImporter/UnityEditor.QuickSearchModule:UnityEditor.Search:ASIAI0B' with importer (ScriptedImporter : UnityEditor.QuickSearchModule:UnityEditor.Search:ASIAI0B)
Imported 'GUID: 44e1d646473a40178712cb2150f54cec' -> (Import Result ID: '53b12830c9015765d202efba669a9d44') in 0.003 seconds [static and dynamic dependencies]. Details - ImportResultOutputID=d466c6b565583278503fa2a5851286f9 DependenciesID=7ee102afa86874156bd54a6145098bf6 StaticDependenciesID=a78139599d9c5236f4e2a3bd0c824b95 
Number of updated asset objects reloaded before import = 0
Number of asset objects unloaded after import = 0
========================================================================
Received Import Request.
  Time of request: 2026-09-22T00:46:10.210312Z
  Time since last request: 0.000581167 seconds.
  importAddress: GUID: 899b803b32ce548918778bacc0a950f0 - Path: Packages/com.unity.ugui/Editor/UGUI/UI/CanvasGroupEditor.cs - Importer: ScriptedImporter/UnityEditor.QuickSearchModule:UnityEditor.Search:ASIAI0B
Importing 'GUID: 899b803b32ce548918778bacc0a950f0 - Path: Packages/com.unity.ugui/Editor/UGUI/UI/CanvasGroupEditor.cs - Importer: ScriptedImporter/UnityEditor.QuickSearchModule:UnityEditor.Search:ASIAI0B' with importer (ScriptedImporter : UnityEditor.QuickSearchModule:UnityEditor.Search:ASIAI0B)
Imported 'GUID: 899b803b32ce548918778bacc0a950f0' -> (Import Result ID: '58694a44e4201d042d538b188349ffac') in 0.002 seconds [static and dynamic dependencies]. Details - ImportResultOutputID=7a2f519ec18b5465faf23de0d58411d8 DependenciesID=17c2fb3e03cfd55a05e35abeb0f26f96 StaticDependenciesID=196c7eb9f04f9d8d5c96a47d745dad04 
Number of updated asset objects reloaded before import = 0
Number of asset objects unloaded after import = 0
========================================================================
Received Import Request.
  Time of request: 2026-09-22T00:46:10.221411Z
  Time since last request: 0.008779208 seconds.
  importAddress: GUID: 14427eecd0bccea468addc3492aaef57 - Path: Packages/com.unity.ugui/Tests/Runtime/UGUI/Toggle/ToggleTests.cs - Importer: ScriptedImporter/UnityEditor.QuickSearchModule:UnityEditor.Search:ASIAI0B
Importing 'GUID: 14427eecd0bccea468addc3492aaef57 - Path: Packages/com.unity.ugui/Tests/Runtime/UGUI/Toggle/ToggleTests.cs - Importer: ScriptedImporter/UnityEditor.QuickSearchModule:UnityEditor.Search:ASIAI0B' with importer (ScriptedImporter : UnityEditor.QuickSearchModule:UnityEditor.Search:ASIAI0B)
Imported 'GUID: 14427eecd0bccea468addc3492aaef57' -> (Import Result ID: '93787ac9ad254bbafcae5aa631ac7b77') in 0.003 seconds [static and dynamic dependencies]. Details - ImportResultOutputID=64cb1df51c25a6d91aedd99ff7c4ee5d DependenciesID=e295862c6f043639d20c7ec7b8b652f8 StaticDependenciesID=219e6ee0457aaa85b0fd67b6d6c0e592 
Number of updated asset objects reloaded before import = 0
Number of asset objects unloaded after import = 0
========================================================================
Received Import Request.
  Time of request: 2026-09-22T00:46:10.225738Z
  Time since last request: 0.001022792 seconds.
  importAddress: GUID: 2bafac87e7f4b9b418d9448d219b01ab - Path: Packages/com.unity.ugui/Runtime/UGUI/UnityEngine.UI.asmdef - Importer: ScriptedImporter/UnityEditor.QuickSearchModule:UnityEditor.Search:ASIAI0B
Importing 'GUID: 2bafac87e7f4b9b418d9448d219b01ab - Path: Packages/com.unity.ugui/Runtime/UGUI/UnityEngine.UI.asmdef - Importer: ScriptedImporter/UnityEditor.QuickSearchModule:UnityEditor.Search:ASIAI0B' with importer (ScriptedImporter : UnityEditor.QuickSearchModule:UnityEditor.Search:ASIAI0B)
Imported 'GUID: 2bafac87e7f4b9b418d9448d219b01ab' -> (Import Result ID: 'd1993b4a37e7177077afd35617e611ed') in 0.003 seconds [static and dynamic dependencies]. Details - ImportResultOutputID=a4a14e1dd40676aa28783d3b65d5f5ba DependenciesID=16d40e8240f182234b69ee69755faf72 StaticDependenciesID=7d338e357f15ec90f8abeab3a024c47d 
Number of updated asset objects reloaded before import = 0
Number of asset objects unloaded after import = 1
========================================================================
Received Import Request.
  Time of request: 2026-09-22T00:46:10.229251Z
  Time since last request: 0.000692792 seconds.
  importAddress: GUID: 39dcddcb5895328489c92214aa73e3bb - Path: Packages/com.unity.ugui/Tests/Runtime/UGUI/EventSystem/SelectableTests.cs - Importer: ScriptedImporter/UnityEditor.QuickSearchModule:UnityEditor.Search:ASIAI0B
Importing 'GUID: 39dcddcb5895328489c92214aa73e3bb - Path: Packages/com.unity.ugui/Tests/Runtime/UGUI/EventSystem/SelectableTests.cs - Importer: ScriptedImporter/UnityEditor.QuickSearchModule:UnityEditor.Search:ASIAI0B' with importer (ScriptedImporter : UnityEditor.QuickSearchModule:UnityEditor.Search:ASIAI0B)
Imported 'GUID: 39dcddcb5895328489c92214aa73e3bb' -> (Import Result ID: 'c326a901e68bb46dd2acb1f6aa646ee3') in 0.003 seconds [static and dynamic dependencies]. Details - ImportResultOutputID=ed6bf0450bb6b26e9114648e8af7ec50 DependenciesID=6d01d4dc3c7deaeefd8abc28680149b8 StaticDependenciesID=9c3c6d1de45f01fcc62020027948ab15 
Number of updated asset objects reloaded before import = 0
Number of asset objects unloaded after import = 0
========================================================================
Received Import Request.
  Time of request: 2026-09-22T00:46:10.234441Z
  Time since last request: 0.001734083 seconds.
  importAddress: GUID: 1999349e7f492c947bb6eb70f624382e - Path: Packages/com.unity.ugui/Runtime/UGUI/UI/Core/Layout - Importer: ScriptedImporter/UnityEditor.QuickSearchModule:UnityEditor.Search:ASIAI0B
Importing 'GUID: 1999349e7f492c947bb6eb70f624382e - Path: Packages/com.unity.ugui/Runtime/UGUI/UI/Core/Layout - Importer: ScriptedImporter/UnityEditor.QuickSearchModule:UnityEditor.Search:ASIAI0B' with importer (ScriptedImporter : UnityEditor.QuickSearchModule:UnityEditor.Search:ASIAI0B)
Imported 'GUID: 1999349e7f492c947bb6eb70f624382e' -> (Import Result ID: 'b3a5958de69bd87fa0cbd2b8cff3cbbc') in 0.003 seconds [static and dynamic dependencies]. Details - ImportResultOutputID=7032a60972ade995f3d5fd52a2ef73d8 DependenciesID=00ba636291eac0e6e9309bd8d49343a1 StaticDependenciesID=e020255d536df8315371f6ca22d6edb7 
Number of updated asset objects reloaded before import = 0
Number of asset objects unloaded after import = 1
========================================================================
Received Import Request.
  Time of request: 2026-09-22T00:46:10.238387Z
  Time since last request: 0.000640833 seconds.
  importAddress: GUID: 88ed537c17c34f339121fe9a7d6d7a0e - Path: Packages/com.unity.ugui/Editor/TMP/TMPro_SortingLayerHelper.cs - Importer: ScriptedImporter/UnityEditor.QuickSearchModule:UnityEditor.Search:ASIAI0B
Importing 'GUID: 88ed537c17c34f339121fe9a7d6d7a0e - Path: Packages/com.unity.ugui/Editor/TMP/TMPro_SortingLayerHelper.cs - Importer: ScriptedImporter/UnityEditor.QuickSearchModule:UnityEditor.Search:ASIAI0B' with importer (ScriptedImporter : UnityEditor.QuickSearchModule:UnityEditor.Search:ASIAI0B)
Imported 'GUID: 88ed537c17c34f339121fe9a7d6d7a0e' -> (Import Result ID: 'd186f7f6eb0dd2d8b19bccc6740db84a') in 0.003 seconds [static and dynamic dependencies]. Details - ImportResultOutputID=4e98c9834f84643dd3f5f4c65e2644de DependenciesID=98d9923a73880d7bef0cc430cf48d67a StaticDependenciesID=8996c4712f6d1d664e88b5f26b461643 
Number of updated asset objects reloaded before import = 0
Number of asset objects unloaded after import = 0
========================================================================
Received Import Request.
  Time of request: 2026-09-22T00:46:10.24312Z
  Time since last request: 0.0011555 seconds.
  importAddress: GUID: 6fb761a492f57d84586a8264df7b3cc0 - Path: Packages/com.unity.ugui/Tests/Runtime/UGUI/EventSystem/Physics2DRaycasterTests.cs - Importer: ScriptedImporter/UnityEditor.QuickSearchModule:UnityEditor.Search:ASIAI0B
Importing 'GUID: 6fb761a492f57d84586a8264df7b3cc0 - Path: Packages/com.unity.ugui/Tests/Runtime/UGUI/EventSystem/Physics2DRaycasterTests.cs - Importer: ScriptedImporter/UnityEditor.QuickSearchModule:UnityEditor.Search:ASIAI0B' with importer (ScriptedImporter : UnityEditor.QuickSearchModule:UnityEditor.Search:ASIAI0B)
Imported 'GUID: 6fb761a492f57d84586a8264df7b3cc0' -> (Import Result ID: '85b3193bed6205e17bfe9c26b60928d2') in 0.003 seconds [static and dynamic dependencies]. Details - ImportResultOutputID=72561fe54188e8ec7c5f5d140c009ef4 DependenciesID=28e84cf0f173103e7e52df33da2796ed StaticDependenciesID=db20bb6e45d24e92f612e57bd679debf 
Number of updated asset objects reloaded before import = 0
Number of asset objects unloaded after import = 0
========================================================================
Received Import Request.
  Time of request: 2026-09-22T00:46:10.247081Z
  Time since last request: 0.001260125 seconds.
  importAddress: GUID: 21c0044a7f964773be90d197a78e4703 - Path: Packages/com.unity.ugui/Editor/TMP/TMP_EditorPanelUI.cs - Importer: ScriptedImporter/UnityEditor.QuickSearchModule:UnityEditor.Search:ASIAI0B
Importing 'GUID: 21c0044a7f964773be90d197a78e4703 - Path: Packages/com.unity.ugui/Editor/TMP/TMP_EditorPanelUI.cs - Importer: ScriptedImporter/UnityEditor.QuickSearchModule:UnityEditor.Search:ASIAI0B' with importer (ScriptedImporter : UnityEditor.QuickSearchModule:UnityEditor.Search:ASIAI0B)
Imported 'GUID: 21c0044a7f964773be90d197a78e4703' -> (Import Result ID: 'f25f54091a7c64b77461606372d72cc6') in 0.004 seconds [static and dynamic dependencies]. Details - ImportResultOutputID=e4c6616f842c8be37fbc67e381279d11 DependenciesID=6d2b10d5f6a76ac1cefc16d3cd1ff6ee StaticDependenciesID=722abcc348ffe028aacf6857182bd476 
Number of updated asset objects reloaded before import = 0
Number of asset objects unloaded after import = 0
========================================================================
Received Import Request.
  Time of request: 2026-09-22T00:46:10.252009Z
  Time since last request: 0.000876792 seconds.
  importAddress: GUID: d548f82e7e9c0ed49ae5b4a5eecfb2f7 - Path: Packages/com.unity.ugui/Tests/Runtime/UGUI/Util/UIBehaviourExtensions.cs - Importer: ScriptedImporter/UnityEditor.QuickSearchModule:UnityEditor.Search:ASIAI0B
Importing 'GUID: d548f82e7e9c0ed49ae5b4a5eecfb2f7 - Path: Packages/com.unity.ugui/Tests/Runtime/UGUI/Util/UIBehaviourExtensions.cs - Importer: ScriptedImporter/UnityEditor.QuickSearchModule:UnityEditor.Search:ASIAI0B' with importer (ScriptedImporter : UnityEditor.QuickSearchModule:UnityEditor.Search:ASIAI0B)
Imported 'GUID: d548f82e7e9c0ed49ae5b4a5eecfb2f7' -> (Import Result ID: '87a66cd2c162bfd08ec7977c80e5de7f') in 0.003 seconds [static and dynamic dependencies]. Details - ImportResultOutputID=9fe52a87bb699203a40bbac0d89a881d DependenciesID=7cd8e75a645643920721e6430447af2f StaticDependenciesID=72e5a6ee4a7df6378f9382556f2f3ef0 
Number of updated asset objects reloaded before import = 0
Number of asset objects unloaded after import = 0
========================================================================
Received Import Request.
  Time of request: 2026-09-22T00:46:10.256173Z
  Time since last request: 0.000559042 seconds.
  importAddress: GUID: 61a20120cddc53849bbc10fc805ffe3e - Path: Packages/com.unity.ugui/Runtime/UGUI/UI/Core/IMaskable.cs - Importer: ScriptedImporter/UnityEditor.QuickSearchModule:UnityEditor.Search:ASIAI0B
Importing 'GUID: 61a20120cddc53849bbc10fc805ffe3e - Path: Packages/com.unity.ugui/Runtime/UGUI/UI/Core/IMaskable.cs - Importer: ScriptedImporter/UnityEditor.QuickSearchModule:UnityEditor.Search:ASIAI0B' with importer (ScriptedImporter : UnityEditor.QuickSearchModule:UnityEditor.Search:ASIAI0B)
Imported 'GUID: 61a20120cddc53849bbc10fc805ffe3e' -> (Import Result ID: 'e4cbe294b0daabc3dded98c31b2fba3e') in 0.003 seconds [static and dynamic dependencies]. Details - ImportResultOutputID=cbcdd34e9fcb428ca4937dca61e28d91 DependenciesID=dcf4f918af90f379a9d04ccd5b287a23 StaticDependenciesID=ad3f50982ec14a69dc73fd016a832af9 
Number of updated asset objects reloaded before import = 0
Number of asset objects unloaded after import = 0
========================================================================
Received Import Request.
  Time of request: 2026-09-22T00:46:10.2611Z
  Time since last request: 0.001316917 seconds.
  importAddress: GUID: 2a28c2fab6b1bb745a844ef6b908e7ee - Path: Packages/com.unity.ugui/Tests/Runtime/UGUI/InputField - Importer: ScriptedImporter/UnityEditor.QuickSearchModule:UnityEditor.Search:ASIAI0B
Importing 'GUID: 2a28c2fab6b1bb745a844ef6b908e7ee - Path: Packages/com.unity.ugui/Tests/Runtime/UGUI/InputField - Importer: ScriptedImporter/UnityEditor.QuickSearchModule:UnityEditor.Search:ASIAI0B' with importer (ScriptedImporter : UnityEditor.QuickSearchModule:UnityEditor.Search:ASIAI0B)
Imported 'GUID: 2a28c2fab6b1bb745a844ef6b908e7ee' -> (Import Result ID: 'e2145978f49c03dd4b3a4fec0ab02745') in 0.003 seconds [static and dynamic dependencies]. Details - ImportResultOutputID=f5863f7b7134728d3dcf2f6f372cc1b4 DependenciesID=12771d664659cc8aca5c07c1eb7e5900 StaticDependenciesID=e2285fb300863e09d4517d25ab56824a 
Number of updated asset objects reloaded before import = 0
Number of asset objects unloaded after import = 1
========================================================================
Received Import Request.
  Time of request: 2026-09-22T00:46:10.265801Z
  Time since last request: 0.002004166 seconds.
  importAddress: GUID: b86b117346968ac4d9cc63e4385becb7 - Path: Packages/com.unity.ugui/Tests/Editor/UGUI/Canvas - Importer: ScriptedImporter/UnityEditor.QuickSearchModule:UnityEditor.Search:ASIAI0B
Importing 'GUID: b86b117346968ac4d9cc63e4385becb7 - Path: Packages/com.unity.ugui/Tests/Editor/UGUI/Canvas - Importer: ScriptedImporter/UnityEditor.QuickSearchModule:UnityEditor.Search:ASIAI0B' with importer (ScriptedImporter : UnityEditor.QuickSearchModule:UnityEditor.Search:ASIAI0B)
Imported 'GUID: b86b117346968ac4d9cc63e4385becb7' -> (Import Result ID: '9a2ea9a0f0594c6a6fe4906b874f8fc2') in 0.005 seconds [static and dynamic dependencies]. Details - ImportResultOutputID=678f2ccb4d9cc0556ee365551232a6c0 DependenciesID=fa418b871ac9ac02552394dd0271fecb StaticDependenciesID=45ed4a511ef9a84452c85e9c5f8dbbaa 
Number of updated asset objects reloaded before import = 0
Number of asset objects unloaded after import = 1
========================================================================
Received Import Request.
  Time of request: 2026-09-22T00:46:10.271445Z
  Time since last request: 0.000728416 seconds.
  importAddress: GUID: 28375447bcea455c9b51a6650b10c9d7 - Path: Packages/com.unity.ugui/Runtime/TMP/TMP_ListPool.cs - Importer: ScriptedImporter/UnityEditor.QuickSearchModule:UnityEditor.Search:ASIAI0B
Importing 'GUID: 28375447bcea455c9b51a6650b10c9d7 - Path: Packages/com.unity.ugui/Runtime/TMP/TMP_ListPool.cs - Importer: ScriptedImporter/UnityEditor.QuickSearchModule:UnityEditor.Search:ASIAI0B' with importer (ScriptedImporter : UnityEditor.QuickSearchModule:UnityEditor.Search:ASIAI0B)
Imported 'GUID: 28375447bcea455c9b51a6650b10c9d7' -> (Import Result ID: 'ecb5035cf00961ece5cf88ff4a33b492') in 0.004 seconds [static and dynamic dependencies]. Details - ImportResultOutputID=497335f917f7a5b3823754a4ef18bc2a DependenciesID=eeb9d5dce94d0dca404ea06d297853c5 StaticDependenciesID=6dd1d62f1896989619bfd8bf8268939e 
Number of updated asset objects reloaded before import = 0
Number of asset objects unloaded after import = 0
========================================================================
Received Import Request.
  Time of request: 2026-09-22T00:46:10.276065Z
  Time since last request: 0.000564458 seconds.
  importAddress: GUID: e9cac674d67385249b2805670e618c24 - Path: Packages/com.unity.ugui/Tests/Runtime/UGUI/ScrollRect/ScrollRectScale.cs - Importer: ScriptedImporter/UnityEditor.QuickSearchModule:UnityEditor.Search:ASIAI0B
Importing 'GUID: e9cac674d67385249b2805670e618c24 - Path: Packages/com.unity.ugui/Tests/Runtime/UGUI/ScrollRect/ScrollRectScale.cs - Importer: ScriptedImporter/UnityEditor.QuickSearchModule:UnityEditor.Search:ASIAI0B' with importer (ScriptedImporter : UnityEditor.QuickSearchModule:UnityEditor.Search:ASIAI0B)
Imported 'GUID: e9cac674d67385249b2805670e618c24' -> (Import Result ID: '37188eb582aa802c1f137c2b45bb6f3f') in 0.003 seconds [static and dynamic dependencies]. Details - ImportResultOutputID=1ece52fa191a82cb0e44cca7b252031f DependenciesID=2158858cd14c93d5d86b0638755aab35 StaticDependenciesID=a30013de95f62566113a2fcd29336792 
Number of updated asset objects reloaded before import = 0
Number of asset objects unloaded after import = 0
========================================================================
Received Import Request.
  Time of request: 2026-09-22T00:46:10.279791Z
  Time since last request: 0.001047542 seconds.
  importAddress: GUID: aa160f27c3fe4052a5850e21108811b6 - Path: Packages/com.unity.ugui/Editor/TMP/TMP_InputFieldEditor.cs - Importer: ScriptedImporter/UnityEditor.QuickSearchModule:UnityEditor.Search:ASIAI0B
Importing 'GUID: aa160f27c3fe4052a5850e21108811b6 - Path: Packages/com.unity.ugui/Editor/TMP/TMP_InputFieldEditor.cs - Importer: ScriptedImporter/UnityEditor.QuickSearchModule:UnityEditor.Search:ASIAI0B' with importer (ScriptedImporter : UnityEditor.QuickSearchModule:UnityEditor.Search:ASIAI0B)
Imported 'GUID: aa160f27c3fe4052a5850e21108811b6' -> (Import Result ID: 'd2a4541279183f83eb1723562515e335') in 0.004 seconds [static and dynamic dependencies]. Details - ImportResultOutputID=4b5fc3487b907ed58790ad2024ad3079 DependenciesID=47530bc8e4820b549220dbe92fb001cc StaticDependenciesID=6974ba775cb3879fed0945c302602c4e 
Number of updated asset objects reloaded before import = 0
Number of asset objects unloaded after import = 0
========================================================================
Received Import Request.
  Time of request: 2026-09-22T00:46:10.28546Z
  Time since last request: 0.001392 seconds.
  importAddress: GUID: 1511ccae7919cfc46b603b9b337fdc94 - Path: Packages/com.unity.ugui/Runtime/UGUI/EventSystem/InputModules/BaseInput.cs - Importer: ScriptedImporter/UnityEditor.QuickSearchModule:UnityEditor.Search:ASIAI0B
Importing 'GUID: 1511ccae7919cfc46b603b9b337fdc94 - Path: Packages/com.unity.ugui/Runtime/UGUI/EventSystem/InputModules/BaseInput.cs - Importer: ScriptedImporter/UnityEditor.QuickSearchModule:UnityEditor.Search:ASIAI0B' with importer (ScriptedImporter : UnityEditor.QuickSearchModule:UnityEditor.Search:ASIAI0B)
Imported 'GUID: 1511ccae7919cfc46b603b9b337fdc94' -> (Import Result ID: '707ec949bf61b370d58eccfe2d178dd5') in 0.005 seconds [static and dynamic dependencies]. Details - ImportResultOutputID=a0bb65671a57847970a58d5c6468796e DependenciesID=2dc902b06be92e1e834ae9d4a0473f45 StaticDependenciesID=e1bf9740822d0169ac6c76d8d32f0b3e 
Number of updated asset objects reloaded before import = 0
Number of asset objects unloaded after import = 0
========================================================================
Received Import Request.
  Time of request: 2026-09-22T00:46:10.292403Z
  Time since last request: 0.00174625 seconds.
  importAddress: GUID: 589533fb2413e3e4fba7df13a6a75bf2 - Path: Packages/com.unity.ugui/Tests/Runtime/UGUI/Layout/LayoutGroupScaling.cs - Importer: ScriptedImporter/UnityEditor.QuickSearchModule:UnityEditor.Search:ASIAI0B
Importing 'GUID: 589533fb2413e3e4fba7df13a6a75bf2 - Path: Packages/com.unity.ugui/Tests/Runtime/UGUI/Layout/LayoutGroupScaling.cs - Importer: ScriptedImporter/UnityEditor.QuickSearchModule:UnityEditor.Search:ASIAI0B' with importer (ScriptedImporter : UnityEditor.QuickSearchModule:UnityEditor.Search:ASIAI0B)
Imported 'GUID: 589533fb2413e3e4fba7df13a6a75bf2' -> (Import Result ID: 'c107d0b5eb5bc9df81a6d6ad9bf662a2') in 0.003 seconds [static and dynamic dependencies]. Details - ImportResultOutputID=89d4a7f978148a2ca0bf07a82d145af4 DependenciesID=0cc8a4d8f22d6f31e1638ca15ef4c7e3 StaticDependenciesID=1b3986b628cfd01917e84a640ccb2d75 
Number of updated asset objects reloaded before import = 0
Number of asset objects unloaded after import = 0
========================================================================
Received Import Request.
  Time of request: 2026-09-22T00:46:10.295964Z
  Time since last request: 0.000840584 seconds.
  importAddress: GUID: 71c1514a6bd24e1e882cebbe1904ce04 - Path: Packages/com.unity.ugui/Runtime/TMP/TMP_FontAsset.cs - Importer: ScriptedImporter/UnityEditor.QuickSearchModule:UnityEditor.Search:ASIAI0B
Importing 'GUID: 71c1514a6bd24e1e882cebbe1904ce04 - Path: Packages/com.unity.ugui/Runtime/TMP/TMP_FontAsset.cs - Importer: ScriptedImporter/UnityEditor.QuickSearchModule:UnityEditor.Search:ASIAI0B' with importer (ScriptedImporter : UnityEditor.QuickSearchModule:UnityEditor.Search:ASIAI0B)
Imported 'GUID: 71c1514a6bd24e1e882cebbe1904ce04' -> (Import Result ID: '33d455804fb94a2b65d34e99cd16dd36') in 0.006 seconds [static and dynamic dependencies]. Details - ImportResultOutputID=0aa10a5377f232db29a6a937968a80c6 DependenciesID=e3848bdd1ac839b2f6d76dc8329a4d1b StaticDependenciesID=ae5ae004f82194b3f806728235a415d1 
Number of updated asset objects reloaded before import = 0
Number of asset objects unloaded after import = 1
========================================================================
Received Import Request.
  Time of request: 2026-09-22T00:46:10.303925Z
  Time since last request: 0.001093625 seconds.
  importAddress: GUID: 67db9e8f0e2ae9c40bc1e2b64352a6b4 - Path: Packages/com.unity.ugui/Runtime/UGUI/UI/Core/Slider.cs - Importer: ScriptedImporter/UnityEditor.QuickSearchModule:UnityEditor.Search:ASIAI0B
Importing 'GUID: 67db9e8f0e2ae9c40bc1e2b64352a6b4 - Path: Packages/com.unity.ugui/Runtime/UGUI/UI/Core/Slider.cs - Importer: ScriptedImporter/UnityEditor.QuickSearchModule:UnityEditor.Search:ASIAI0B' with importer (ScriptedImporter : UnityEditor.QuickSearchModule:UnityEditor.Search:ASIAI0B)
Imported 'GUID: 67db9e8f0e2ae9c40bc1e2b64352a6b4' -> (Import Result ID: '4dc2a8fae3b2ed43f3efae4ab9815697') in 0.003 seconds [static and dynamic dependencies]. Details - ImportResultOutputID=e8177947d8cb55c96ccc984f8ab2871f DependenciesID=5af680984751823d89f61d90685cba07 StaticDependenciesID=24f913145b3041c74935af445675a1e7 
Number of updated asset objects reloaded before import = 0
Number of asset objects unloaded after import = 0
========================================================================
Received Import Request.
  Time of request: 2026-09-22T00:46:10.308471Z
  Time since last request: 0.001361959 seconds.
  importAddress: GUID: fc34cd6ea308f3940a729e1a44cd0e82 - Path: Packages/com.unity.ugui/Tests/Runtime/UGUI/Slider/SliderTests.cs - Importer: ScriptedImporter/UnityEditor.QuickSearchModule:UnityEditor.Search:ASIAI0B
Importing 'GUID: fc34cd6ea308f3940a729e1a44cd0e82 - Path: Packages/com.unity.ugui/Tests/Runtime/UGUI/Slider/SliderTests.cs - Importer: ScriptedImporter/UnityEditor.QuickSearchModule:UnityEditor.Search:ASIAI0B' with importer (ScriptedImporter : UnityEditor.QuickSearchModule:UnityEditor.Search:ASIAI0B)
Imported 'GUID: fc34cd6ea308f3940a729e1a44cd0e82' -> (Import Result ID: 'd60141b233681cdd01518f586052aaec') in 0.003 seconds [static and dynamic dependencies]. Details - ImportResultOutputID=3bbc55e6a59ea041dc23d8c1cbe5ad50 DependenciesID=26e0785ca356fa8dd666527755e851a6 StaticDependenciesID=7289b43bf75406b6b13890f69bdfd0ab 
Number of updated asset objects reloaded before import = 0
Number of asset objects unloaded after import = 0
========================================================================
Received Import Request.
  Time of request: 2026-09-22T00:46:10.312347Z
  Time since last request: 0.000882125 seconds.
  importAddress: GUID: f4935fb862d54980b1bcbca942962642 - Path: Packages/com.unity.ugui/Editor/TMP/TMPro_TexturePostProcessor.cs - Importer: ScriptedImporter/UnityEditor.QuickSearchModule:UnityEditor.Search:ASIAI0B
Importing 'GUID: f4935fb862d54980b1bcbca942962642 - Path: Packages/com.unity.ugui/Editor/TMP/TMPro_TexturePostProcessor.cs - Importer: ScriptedImporter/UnityEditor.QuickSearchModule:UnityEditor.Search:ASIAI0B' with importer (ScriptedImporter : UnityEditor.QuickSearchModule:UnityEditor.Search:ASIAI0B)
Imported 'GUID: f4935fb862d54980b1bcbca942962642' -> (Import Result ID: '246d0ba21720f058bf7a5411bdd4bad8') in 0.003 seconds [static and dynamic dependencies]. Details - ImportResultOutputID=11db911ce04ba0f7a77e77ca34204087 DependenciesID=847300059bec99083c543b9d6f09165c StaticDependenciesID=bc65e62aa59cbfd7dacb894fd4ec2f71 
Number of updated asset objects reloaded before import = 0
Number of asset objects unloaded after import = 0
========================================================================
Received Import Request.
  Time of request: 2026-09-22T00:46:10.318647Z
  Time since last request: 0.002851042 seconds.
  importAddress: GUID: c55a64c7570474f47a94abe39ebfef04 - Path: Packages/com.unity.ugui/Editor/TMP/PropertyDrawers/TMP_TextAlignmentDrawer.cs - Importer: ScriptedImporter/UnityEditor.QuickSearchModule:UnityEditor.Search:ASIAI0B
Importing 'GUID: c55a64c7570474f47a94abe39ebfef04 - Path: Packages/com.unity.ugui/Editor/TMP/PropertyDrawers/TMP_TextAlignmentDrawer.cs - Importer: ScriptedImporter/UnityEditor.QuickSearchModule:UnityEditor.Search:ASIAI0B' with importer (ScriptedImporter : UnityEditor.QuickSearchModule:UnityEditor.Search:ASIAI0B)
Imported 'GUID: c55a64c7570474f47a94abe39ebfef04' -> (Import Result ID: '6681c4f67a353c0bef208d0444ce9071') in 0.004 seconds [static and dynamic dependencies]. Details - ImportResultOutputID=381499e4ae7e589b1e029db257cc9a29 DependenciesID=3a87ce44c4a7e73aaab371223883e1be StaticDependenciesID=d6b7c855af2157babaca2993e866489e 
Number of updated asset objects reloaded before import = 0
Number of asset objects unloaded after import = 0
========================================================================
Received Import Request.
  Time of request: 2026-09-22T00:46:10.32354Z
  Time since last request: 0.000895791 seconds.
  importAddress: GUID: ee148e281f3c41c5b4ff5f8a5afe5a6c - Path: Packages/com.unity.ugui/Editor Resources/Gizmos/TMP - Font Asset Icon.psd - Importer: ScriptedImporter/UnityEditor.QuickSearchModule:UnityEditor.Search:ASIAI0B
Importing 'GUID: ee148e281f3c41c5b4ff5f8a5afe5a6c - Path: Packages/com.unity.ugui/Editor Resources/Gizmos/TMP - Font Asset Icon.psd - Importer: ScriptedImporter/UnityEditor.QuickSearchModule:UnityEditor.Search:ASIAI0B' with importer (ScriptedImporter : UnityEditor.QuickSearchModule:UnityEditor.Search:ASIAI0B)
Imported 'GUID: ee148e281f3c41c5b4ff5f8a5afe5a6c' -> (Import Result ID: 'cff3907029057862832ad10f58f997a6') in 0.010 seconds [static and dynamic dependencies]. Details - ImportResultOutputID=127fe23f902760c534864429e92ae21d DependenciesID=897f1e36945a073ec5c6bbe0751a069a StaticDependenciesID=f8e76dd589df07df17f4fc5e84f55f17 
Number of updated asset objects reloaded before import = 0
Number of asset objects unloaded after import = 1
========================================================================
Received Import Request.
  Time of request: 2026-09-22T00:46:10.337563Z
  Time since last request: 0.004046042 seconds.
  importAddress: GUID: a8604e8f13b3be84b8bc0c1507d8f3f6 - Path: Packages/com.unity.ugui/Runtime/UGUI/UI/Core/SpecializedCollections/IndexedSet.cs - Importer: ScriptedImporter/UnityEditor.QuickSearchModule:UnityEditor.Search:ASIAI0B
Importing 'GUID: a8604e8f13b3be84b8bc0c1507d8f3f6 - Path: Packages/com.unity.ugui/Runtime/UGUI/UI/Core/SpecializedCollections/IndexedSet.cs - Importer: ScriptedImporter/UnityEditor.QuickSearchModule:UnityEditor.Search:ASIAI0B' with importer (ScriptedImporter : UnityEditor.QuickSearchModule:UnityEditor.Search:ASIAI0B)
Imported 'GUID: a8604e8f13b3be84b8bc0c1507d8f3f6' -> (Import Result ID: '8603dd051936c1f9ce20468fdd4a78e2') in 0.003 seconds [static and dynamic dependencies]. Details - ImportResultOutputID=f65f924c0f47016b3f76d80831706f8d DependenciesID=6c6472b1b668e364b7c31bcc2fb0c232 StaticDependenciesID=a0e22dabcc1d36b118a266047a4b8e4f 
Number of updated asset objects reloaded before import = 0
Number of asset objects unloaded after import = 0
========================================================================
Received Import Request.
  Time of request: 2026-09-22T00:46:10.342847Z
  Time since last request: 0.002381666 seconds.
  importAddress: GUID: b5f70efd2f7b286498ca6c00adbb4a13 - Path: Packages/com.unity.ugui/Editor/UGUI/UI/AspectRatioFitterEditor.cs - Importer: ScriptedImporter/UnityEditor.QuickSearchModule:UnityEditor.Search:ASIAI0B
Importing 'GUID: b5f70efd2f7b286498ca6c00adbb4a13 - Path: Packages/com.unity.ugui/Editor/UGUI/UI/AspectRatioFitterEditor.cs - Importer: ScriptedImporter/UnityEditor.QuickSearchModule:UnityEditor.Search:ASIAI0B' with importer (ScriptedImporter : UnityEditor.QuickSearchModule:UnityEditor.Search:ASIAI0B)
Imported 'GUID: b5f70efd2f7b286498ca6c00adbb4a13' -> (Import Result ID: 'd265b9fdd57813e5718719f9800884e2') in 0.004 seconds [static and dynamic dependencies]. Details - ImportResultOutputID=bdf1c55425fef22cb33a04a0a8acd1aa DependenciesID=15690729de755629435ceddd902555cd StaticDependenciesID=4afeea878e3eefe8ce3619c823873a0a 
Number of updated asset objects reloaded before import = 0
Number of asset objects unloaded after import = 0
========================================================================
Received Import Request.
  Time of request: 2026-09-22T00:46:10.361776Z
  Time since last request: 0.014602 seconds.
  importAddress: GUID: 77b2d47bca9376f4a8ae69084a485957 - Path: Packages/com.unity.ugui/Runtime/TMP/FontFeatureCommonGSUB.cs - Importer: ScriptedImporter/UnityEditor.QuickSearchModule:UnityEditor.Search:ASIAI0B
Importing 'GUID: 77b2d47bca9376f4a8ae69084a485957 - Path: Packages/com.unity.ugui/Runtime/TMP/FontFeatureCommonGSUB.cs - Importer: ScriptedImporter/UnityEditor.QuickSearchModule:UnityEditor.Search:ASIAI0B' with importer (ScriptedImporter : UnityEditor.QuickSearchModule:UnityEditor.Search:ASIAI0B)
Imported 'GUID: 77b2d47bca9376f4a8ae69084a485957' -> (Import Result ID: '66c0d6a080cbe1b999f7b7d67703b670') in 0.004 seconds [static and dynamic dependencies]. Details - ImportResultOutputID=019ba50d329456df0b3be89ada465575 DependenciesID=f52ffb701d2fc479135575c216c4736e StaticDependenciesID=534dbbbfcb714f3be9ab4df5d80a5b07 
Number of updated asset objects reloaded before import = 0
Number of asset objects unloaded after import = 0
========================================================================
Received Import Request.
  Time of request: 2026-09-22T00:46:10.367527Z
  Time since last request: 0.001906292 seconds.
  importAddress: GUID: a4bbbb1fed4e2b7448af9313d6d00536 - Path: Packages/com.unity.ugui/Runtime/TMP/FontFeatureCommonGPOS.cs - Importer: ScriptedImporter/UnityEditor.QuickSearchModule:UnityEditor.Search:ASIAI0B
Importing 'GUID: a4bbbb1fed4e2b7448af9313d6d00536 - Path: Packages/com.unity.ugui/Runtime/TMP/FontFeatureCommonGPOS.cs - Importer: ScriptedImporter/UnityEditor.QuickSearchModule:UnityEditor.Search:ASIAI0B' with importer (ScriptedImporter : UnityEditor.QuickSearchModule:UnityEditor.Search:ASIAI0B)
Imported 'GUID: a4bbbb1fed4e2b7448af9313d6d00536' -> (Import Result ID: '92141f2829a082a5eb6a3a438a365f99') in 0.004 seconds [static and dynamic dependencies]. Details - ImportResultOutputID=9d1ae3971a6a8065bb85e2493190e68f DependenciesID=272342f097da855cf81f057f42865daa StaticDependenciesID=53c62d747552894df79daea212c1817b 
Number of updated asset objects reloaded before import = 0
Number of asset objects unloaded after import = 0
========================================================================
Received Import Request.
  Time of request: 2026-09-22T00:46:10.37174Z
  Time since last request: 0.000480417 seconds.
  importAddress: GUID: f1ea944dcf8849ebab391e461b99ccb7 - Path: Packages/com.unity.ugui/Editor/TMP/TMP_SpriteAssetImporter.cs - Importer: ScriptedImporter/UnityEditor.QuickSearchModule:UnityEditor.Search:ASIAI0B
Importing 'GUID: f1ea944dcf8849ebab391e461b99ccb7 - Path: Packages/com.unity.ugui/Editor/TMP/TMP_SpriteAssetImporter.cs - Importer: ScriptedImporter/UnityEditor.QuickSearchModule:UnityEditor.Search:ASIAI0B' with importer (ScriptedImporter : UnityEditor.QuickSearchModule:UnityEditor.Search:ASIAI0B)
Imported 'GUID: f1ea944dcf8849ebab391e461b99ccb7' -> (Import Result ID: '6ca9cb62f16b4013e402853667fd56c5') in 0.003 seconds [static and dynamic dependencies]. Details - ImportResultOutputID=7fa7731597d1ac6296e15aaecb12ddbf DependenciesID=23a36a1f8d1c56202433fd8cba77e5a9 StaticDependenciesID=1c567c054acc53bd67c51cefd9b8c021 
Number of updated asset objects reloaded before import = 0
Number of asset objects unloaded after import = 0
========================================================================
Received Import Request.
  Time of request: 2026-09-22T00:46:10.376502Z
  Time since last request: 0.001690542 seconds.
  importAddress: GUID: 9de24983a2c6cbe4f925c3e98a79b804 - Path: Packages/com.unity.ugui/Tests/Runtime/TMP/TMP_RuntimeTests.cs - Importer: ScriptedImporter/UnityEditor.QuickSearchModule:UnityEditor.Search:ASIAI0B
Importing 'GUID: 9de24983a2c6cbe4f925c3e98a79b804 - Path: Packages/com.unity.ugui/Tests/Runtime/TMP/TMP_RuntimeTests.cs - Importer: ScriptedImporter/UnityEditor.QuickSearchModule:UnityEditor.Search:ASIAI0B' with importer (ScriptedImporter : UnityEditor.QuickSearchModule:UnityEditor.Search:ASIAI0B)
Imported 'GUID: 9de24983a2c6cbe4f925c3e98a79b804' -> (Import Result ID: 'f7eda252e5d7ca9b17721827c2f1fc02') in 0.003 seconds [static and dynamic dependencies]. Details - ImportResultOutputID=454507550a61262bb1c32624c1aef467 DependenciesID=8642ff9fc0d70a9fc1df4f3a07de1db8 StaticDependenciesID=81df776f4573d7e43220152abea1442b 
Number of updated asset objects reloaded before import = 0
Number of asset objects unloaded after import = 0
========================================================================
Received Import Request.
  Time of request: 2026-09-22T00:46:10.381398Z
  Time since last request: 0.001635334 seconds.
  importAddress: GUID: 9353b7d498b954a06ae1228982925d0b - Path: Packages/com.unity.ugui/Runtime/UGUI/UI/Core/RaycastReceiver.cs - Importer: ScriptedImporter/UnityEditor.QuickSearchModule:UnityEditor.Search:ASIAI0B
Importing 'GUID: 9353b7d498b954a06ae1228982925d0b - Path: Packages/com.unity.ugui/Runtime/UGUI/UI/Core/RaycastReceiver.cs - Importer: ScriptedImporter/UnityEditor.QuickSearchModule:UnityEditor.Search:ASIAI0B' with importer (ScriptedImporter : UnityEditor.QuickSearchModule:UnityEditor.Search:ASIAI0B)
Imported 'GUID: 9353b7d498b954a06ae1228982925d0b' -> (Import Result ID: '95fdc7031cfa6924f4e51349c01c22c9') in 0.004 seconds [static and dynamic dependencies]. Details - ImportResultOutputID=2abcf43bc164fbe5d01e75acb4f5ee8d DependenciesID=445097ae2f9c8952e4fa216bc07f4899 StaticDependenciesID=3d8e7643646f5590b93c3fe89d9f1ea2 
Number of updated asset objects reloaded before import = 0
Number of asset objects unloaded after import = 0
========================================================================
Received Import Request.
  Time of request: 2026-09-22T00:46:10.388102Z
  Time since last request: 0.00258725 seconds.
  importAddress: GUID: 9bedab6f9886aee42b33e424bffdb640 - Path: Packages/com.unity.ugui/Tests/Runtime/UGUI/ScrollRect - Importer: ScriptedImporter/UnityEditor.QuickSearchModule:UnityEditor.Search:ASIAI0B
Importing 'GUID: 9bedab6f9886aee42b33e424bffdb640 - Path: Packages/com.unity.ugui/Tests/Runtime/UGUI/ScrollRect - Importer: ScriptedImporter/UnityEditor.QuickSearchModule:UnityEditor.Search:ASIAI0B' with importer (ScriptedImporter : UnityEditor.QuickSearchModule:UnityEditor.Search:ASIAI0B)
Imported 'GUID: 9bedab6f9886aee42b33e424bffdb640' -> (Import Result ID: '9164404bed77d7b966de486773d96ebe') in 0.004 seconds [static and dynamic dependencies]. Details - ImportResultOutputID=6308779fd3c688948f1554c110562602 DependenciesID=806559ee0b1e2d7c53ffc3cefd6e58e8 StaticDependenciesID=7cdcc1a21f01ba3e02cc8aacdd21a53f 
Number of updated asset objects reloaded before import = 0
Number of asset objects unloaded after import = 1
========================================================================
Received Import Request.
  Time of request: 2026-09-22T00:46:10.394436Z
  Time since last request: 0.002018833 seconds.
  importAddress: GUID: 5b5c6a576605b3c4aab7d27193785f27 - Path: Packages/com.unity.ugui/Runtime/TMP/TMP_SpriteGlyph.cs - Importer: ScriptedImporter/UnityEditor.QuickSearchModule:UnityEditor.Search:ASIAI0B
Importing 'GUID: 5b5c6a576605b3c4aab7d27193785f27 - Path: Packages/com.unity.ugui/Runtime/TMP/TMP_SpriteGlyph.cs - Importer: ScriptedImporter/UnityEditor.QuickSearchModule:UnityEditor.Search:ASIAI0B' with importer (ScriptedImporter : UnityEditor.QuickSearchModule:UnityEditor.Search:ASIAI0B)
Imported 'GUID: 5b5c6a576605b3c4aab7d27193785f27' -> (Import Result ID: '33a109ad23d56a55748dda12ceb1a230') in 0.009 seconds [static and dynamic dependencies]. Details - ImportResultOutputID=08ff87ed1c5606ef2b23c89fe4da4aa6 DependenciesID=4ae4207180a79185652285523fd665d0 StaticDependenciesID=d8da0dc1d9d4e7fc357b3e0a89bde572 
Number of updated asset objects reloaded before import = 0
Number of asset objects unloaded after import = 0
========================================================================
Received Import Request.
  Time of request: 2026-09-22T00:46:10.405592Z
  Time since last request: 0.001317375 seconds.
  importAddress: GUID: 058cba836c1846c3aa1c5fd2e28aea77 - Path: Packages/com.unity.ugui/Runtime/TMP/TMP_SubMeshUI.cs - Importer: ScriptedImporter/UnityEditor.QuickSearchModule:UnityEditor.Search:ASIAI0B
Importing 'GUID: 058cba836c1846c3aa1c5fd2e28aea77 - Path: Packages/com.unity.ugui/Runtime/TMP/TMP_SubMeshUI.cs - Importer: ScriptedImporter/UnityEditor.QuickSearchModule:UnityEditor.Search:ASIAI0B' with importer (ScriptedImporter : UnityEditor.QuickSearchModule:UnityEditor.Search:ASIAI0B)
Imported 'GUID: 058cba836c1846c3aa1c5fd2e28aea77' -> (Import Result ID: '2f73a0fce3f9ae89f478fcf31f305b40') in 0.004 seconds [static and dynamic dependencies]. Details - ImportResultOutputID=7224c6e90e2fa9d6f370f0b5287f90aa DependenciesID=a3561bd50df995f83ea4178fcd55b46c StaticDependenciesID=a76c7d7d1bd244aadba9096fceb43096 
Number of updated asset objects reloaded before import = 0
Number of asset objects unloaded after import = 0
========================================================================
Received Import Request.
  Time of request: 2026-09-22T00:46:10.420702Z
  Time since last request: 0.01052675 seconds.
  importAddress: GUID: 34e2c9b9d9e44953933afe37461f44e6 - Path: Packages/com.unity.ugui/Editor/TMP/TMP_StyleSheetEditor.cs - Importer: ScriptedImporter/UnityEditor.QuickSearchModule:UnityEditor.Search:ASIAI0B
Importing 'GUID: 34e2c9b9d9e44953933afe37461f44e6 - Path: Packages/com.unity.ugui/Editor/TMP/TMP_StyleSheetEditor.cs - Importer: ScriptedImporter/UnityEditor.QuickSearchModule:UnityEditor.Search:ASIAI0B' with importer (ScriptedImporter : UnityEditor.QuickSearchModule:UnityEditor.Search:ASIAI0B)
Imported 'GUID: 34e2c9b9d9e44953933afe37461f44e6' -> (Import Result ID: '085c90c3bd973a92db8fb24d8146b4a3') in 0.004 seconds [static and dynamic dependencies]. Details - ImportResultOutputID=a7b4f426dc4b3d98fa63018e922768aa DependenciesID=3907a73c48fc36a83fc9bee5fdf57154 StaticDependenciesID=e20eefdb3aa710488680bf95bca29a30 
Number of updated asset objects reloaded before import = 0
Number of asset objects unloaded after import = 0
========================================================================
Received Import Request.
  Time of request: 2026-09-22T00:46:10.42587Z
  Time since last request: 0.001129459 seconds.
  importAddress: GUID: aaf9006568d76504f982305b517fb490 - Path: Packages/com.unity.ugui/Runtime/TMP/TMP_DynamicFontAssetUtilities.cs - Importer: ScriptedImporter/UnityEditor.QuickSearchModule:UnityEditor.Search:ASIAI0B
Importing 'GUID: aaf9006568d76504f982305b517fb490 - Path: Packages/com.unity.ugui/Runtime/TMP/TMP_DynamicFontAssetUtilities.cs - Importer: ScriptedImporter/UnityEditor.QuickSearchModule:UnityEditor.Search:ASIAI0B' with importer (ScriptedImporter : UnityEditor.QuickSearchModule:UnityEditor.Search:ASIAI0B)
Imported 'GUID: aaf9006568d76504f982305b517fb490' -> (Import Result ID: '6bd9d3027c9498de4ba9a18c7246dbfa') in 0.003 seconds [static and dynamic dependencies]. Details - ImportResultOutputID=3f62b8a1a705c0a69a9427ceeda81f85 DependenciesID=efa8d20879a3bcd2fab981bac090b127 StaticDependenciesID=a8c865130332965da11e2554259531a9 
Number of updated asset objects reloaded before import = 0
Number of asset objects unloaded after import = 0
========================================================================
Received Import Request.
  Time of request: 2026-09-22T00:46:10.429411Z
  Time since last request: 0.000663542 seconds.
  importAddress: GUID: 9541d86e2fd84c1d9990edf0852d74ab - Path: Packages/com.unity.ugui/Runtime/TMP/TextMeshPro.cs - Importer: ScriptedImporter/UnityEditor.QuickSearchModule:UnityEditor.Search:ASIAI0B
Importing 'GUID: 9541d86e2fd84c1d9990edf0852d74ab - Path: Packages/com.unity.ugui/Runtime/TMP/TextMeshPro.cs - Importer: ScriptedImporter/UnityEditor.QuickSearchModule:UnityEditor.Search:ASIAI0B' with importer (ScriptedImporter : UnityEditor.QuickSearchModule:UnityEditor.Search:ASIAI0B)
Imported 'GUID: 9541d86e2fd84c1d9990edf0852d74ab' -> (Import Result ID: '247ad3056c0cb38dd3627b45a0b66e35') in 0.004 seconds [static and dynamic dependencies]. Details - ImportResultOutputID=ecbfa0c7f2dd773e8109127342eeacb7 DependenciesID=10899186e654cbc9a69cf043c09fdca1 StaticDependenciesID=186a6f6113fa0b7ddc804f2b23a8b50e 
Number of updated asset objects reloaded before import = 0
Number of asset objects unloaded after import = 1
========================================================================
Received Import Request.
  Time of request: 2026-09-22T00:46:10.434547Z
  Time since last request: 0.001453625 seconds.
  importAddress: GUID: fea49a0730244a98bf1087f7ca9410a8 - Path: Packages/com.unity.ugui/Runtime/TMP/TMP_ShaderUtilities.cs - Importer: ScriptedImporter/UnityEditor.QuickSearchModule:UnityEditor.Search:ASIAI0B
Importing 'GUID: fea49a0730244a98bf1087f7ca9410a8 - Path: Packages/com.unity.ugui/Runtime/TMP/TMP_ShaderUtilities.cs - Importer: ScriptedImporter/UnityEditor.QuickSearchModule:UnityEditor.Search:ASIAI0B' with importer (ScriptedImporter : UnityEditor.QuickSearchModule:UnityEditor.Search:ASIAI0B)
Imported 'GUID: fea49a0730244a98bf1087f7ca9410a8' -> (Import Result ID: '08b8600d376b33834a6eecad8721177e') in 0.003 seconds [static and dynamic dependencies]. Details - ImportResultOutputID=1fa8751279c9441064e1a6bb6ba812cf DependenciesID=da8f54011466bd385a8228307bc642e2 StaticDependenciesID=ffd98e2afead9de663bc81611bf085f8 
Number of updated asset objects reloaded before import = 0
Number of asset objects unloaded after import = 0
========================================================================
Received Import Request.
  Time of request: 2026-09-22T00:46:10.43892Z
  Time since last request: 0.000884625 seconds.
  importAddress: GUID: 2c727e4c005e5114fb3348a38c4cebbf - Path: Packages/com.unity.ugui/Runtime/UGUI/EventSystem/UIElements/WorldDocumentRaycaster.cs - Importer: ScriptedImporter/UnityEditor.QuickSearchModule:UnityEditor.Search:ASIAI0B
Importing 'GUID: 2c727e4c005e5114fb3348a38c4cebbf - Path: Packages/com.unity.ugui/Runtime/UGUI/EventSystem/UIElements/WorldDocumentRaycaster.cs - Importer: ScriptedImporter/UnityEditor.QuickSearchModule:UnityEditor.Search:ASIAI0B' with importer (ScriptedImporter : UnityEditor.QuickSearchModule:UnityEditor.Search:ASIAI0B)
Imported 'GUID: 2c727e4c005e5114fb3348a38c4cebbf' -> (Import Result ID: 'd8a2fb8dafe7f5f818e53ccdf633be13') in 0.003 seconds [static and dynamic dependencies]. Details - ImportResultOutputID=6cd1c441da070da5eb3ec6c5351ca70e DependenciesID=4277c25e58073860f7bea8320e4e99a9 StaticDependenciesID=cc5884574cea33d0165f06a551746d79 
Number of updated asset objects reloaded before import = 0
Number of asset objects unloaded after import = 0
========================================================================
Received Import Request.
  Time of request: 2026-09-22T00:46:10.443153Z
  Time since last request: 0.001222958 seconds.
  importAddress: GUID: 0d9a36012a224080966c7b55896aa0f9 - Path: Packages/com.unity.ugui/Editor Resources/Textures/btn_AlignCapLine.psd - Importer: ScriptedImporter/UnityEditor.QuickSearchModule:UnityEditor.Search:ASIAI0B
Importing 'GUID: 0d9a36012a224080966c7b55896aa0f9 - Path: Packages/com.unity.ugui/Editor Resources/Textures/btn_AlignCapLine.psd - Importer: ScriptedImporter/UnityEditor.QuickSearchModule:UnityEditor.Search:ASIAI0B' with importer (ScriptedImporter : UnityEditor.QuickSearchModule:UnityEditor.Search:ASIAI0B)
Imported 'GUID: 0d9a36012a224080966c7b55896aa0f9' -> (Import Result ID: '2a32c71a278ade7f981d2c322fe3695b') in 0.012 seconds [static and dynamic dependencies]. Details - ImportResultOutputID=9b2f4fce1166b10a53fceb2041e1c1ee DependenciesID=0756874e103bb4dcf4fe4d63158c4374 StaticDependenciesID=5218854ee76c4118d03995fd534ef9b7 
Number of updated asset objects reloaded before import = 0
Number of asset objects unloaded after import = 1
========================================================================
Received Import Request.
  Time of request: 2026-09-22T00:46:10.457276Z
  Time since last request: 0.001637 seconds.
  importAddress: GUID: e0e4f43a3816add4c86c9671d7961f2f - Path: Packages/com.unity.ugui/Tests/Runtime/UGUI/Toggle/TestableToggleGroup.cs - Importer: ScriptedImporter/UnityEditor.QuickSearchModule:UnityEditor.Search:ASIAI0B
Importing 'GUID: e0e4f43a3816add4c86c9671d7961f2f - Path: Packages/com.unity.ugui/Tests/Runtime/UGUI/Toggle/TestableToggleGroup.cs - Importer: ScriptedImporter/UnityEditor.QuickSearchModule:UnityEditor.Search:ASIAI0B' with importer (ScriptedImporter : UnityEditor.QuickSearchModule:UnityEditor.Search:ASIAI0B)
Imported 'GUID: e0e4f43a3816add4c86c9671d7961f2f' -> (Import Result ID: 'acff27ebbc0620801fe7ae07f3938b09') in 0.003 seconds [static and dynamic dependencies]. Details - ImportResultOutputID=effbf3d381f5cf6424bbe82cf83f461d DependenciesID=4cc7a913afbd17308638725372c74a65 StaticDependenciesID=79b5a37d883f5dbd94d66489492daa8e 
Number of updated asset objects reloaded before import = 0
Number of asset objects unloaded after import = 0
========================================================================
Received Import Request.
  Time of request: 2026-09-22T00:46:10.462445Z
  Time since last request: 0.001580458 seconds.
  importAddress: GUID: 92027f7f8cfc4feaa477da0dc38d3d46 - Path: Packages/com.unity.ugui/Editor Resources/Textures/btn_AlignJustified.psd - Importer: ScriptedImporter/UnityEditor.QuickSearchModule:UnityEditor.Search:ASIAI0B
Importing 'GUID: 92027f7f8cfc4feaa477da0dc38d3d46 - Path: Packages/com.unity.ugui/Editor Resources/Textures/btn_AlignJustified.psd - Importer: ScriptedImporter/UnityEditor.QuickSearchModule:UnityEditor.Search:ASIAI0B' with importer (ScriptedImporter : UnityEditor.QuickSearchModule:UnityEditor.Search:ASIAI0B)
Imported 'GUID: 92027f7f8cfc4feaa477da0dc38d3d46' -> (Import Result ID: 'e673dbf0911ffcb3f98f1bb09eaaa4d2') in 0.015 seconds [static and dynamic dependencies]. Details - ImportResultOutputID=417b5a253c7064ad6b6047ff8fa7deb4 DependenciesID=d4e11453c3a54c8332fe0bf540c3f59a StaticDependenciesID=479a223fe9b579709db9c291bb5ea48d 
Number of updated asset objects reloaded before import = 0
Number of asset objects unloaded after import = 1
========================================================================
Received Import Request.
  Time of request: 2026-09-22T00:46:10.478506Z
  Time since last request: 0.000651875 seconds.
  importAddress: GUID: 691db8cb70c4426a8ae718465c21345f - Path: Packages/com.unity.ugui/Runtime/TMP/TMP_UpdateManager.cs - Importer: ScriptedImporter/UnityEditor.QuickSearchModule:UnityEditor.Search:ASIAI0B
Importing 'GUID: 691db8cb70c4426a8ae718465c21345f - Path: Packages/com.unity.ugui/Runtime/TMP/TMP_UpdateManager.cs - Importer: ScriptedImporter/UnityEditor.QuickSearchModule:UnityEditor.Search:ASIAI0B' with importer (ScriptedImporter : UnityEditor.QuickSearchModule:UnityEditor.Search:ASIAI0B)
Imported 'GUID: 691db8cb70c4426a8ae718465c21345f' -> (Import Result ID: '824a239907d45e3f5d764a8a1f74f05e') in 0.009 seconds [static and dynamic dependencies]. Details - ImportResultOutputID=6c8d0bb7625da7622326cef9ef1f74f1 DependenciesID=ab14514d0f994ab5f468776e4097b004 StaticDependenciesID=9982128dee81f3ea3d0bf337e4e825e7 
Number of updated asset objects reloaded before import = 0
Number of asset objects unloaded after import = 0
========================================================================
Received Import Request.
  Time of request: 2026-09-22T00:46:10.489279Z
  Time since last request: 0.001962042 seconds.
  importAddress: GUID: 239dd6edc8e5cd14585c03e09e86a747 - Path: Packages/com.unity.ugui/Tests/Runtime/UGUI/Button - Importer: ScriptedImporter/UnityEditor.QuickSearchModule:UnityEditor.Search:ASIAI0B
Importing 'GUID: 239dd6edc8e5cd14585c03e09e86a747 - Path: Packages/com.unity.ugui/Tests/Runtime/UGUI/Button - Importer: ScriptedImporter/UnityEditor.QuickSearchModule:UnityEditor.Search:ASIAI0B' with importer (ScriptedImporter : UnityEditor.QuickSearchModule:UnityEditor.Search:ASIAI0B)
Imported 'GUID: 239dd6edc8e5cd14585c03e09e86a747' -> (Import Result ID: 'da57635e389a6c8b34828549cd42830f') in 0.058 seconds [static and dynamic dependencies]. Details - ImportResultOutputID=6aaebaf55504dba9787bea09def7d6c9 DependenciesID=0edfd18441d53c472a3565434138a724 StaticDependenciesID=eee1d00eed193b5e6df98ddc1fc6f535 
Number of updated asset objects reloaded before import = 0
Number of asset objects unloaded after import = 1
========================================================================
Received Import Request.
  Time of request: 2026-09-22T00:46:10.547614Z
  Time since last request: 0.000565292 seconds.
  importAddress: GUID: fc31799bd6dc1f74a8adfee1acd05a9b - Path: Packages/com.unity.ugui/Tests/Editor/UGUI/WrapperWindowFixture.cs - Importer: ScriptedImporter/UnityEditor.QuickSearchModule:UnityEditor.Search:ASIAI0B
Importing 'GUID: fc31799bd6dc1f74a8adfee1acd05a9b - Path: Packages/com.unity.ugui/Tests/Editor/UGUI/WrapperWindowFixture.cs - Importer: ScriptedImporter/UnityEditor.QuickSearchModule:UnityEditor.Search:ASIAI0B' with importer (ScriptedImporter : UnityEditor.QuickSearchModule:UnityEditor.Search:ASIAI0B)
Imported 'GUID: fc31799bd6dc1f74a8adfee1acd05a9b' -> (Import Result ID: '39e9b5a873213a72e7f708935cae3815') in 0.003 seconds [static and dynamic dependencies]. Details - ImportResultOutputID=554cb1245329c67690643af2e66bb39c DependenciesID=ef06986b87c110b36be6f2064ac45d6e StaticDependenciesID=c4366c99f23f345f748bcee0e2a5288a 
Number of updated asset objects reloaded before import = 0
Number of asset objects unloaded after import = 0
========================================================================
Received Import Request.
  Time of request: 2026-09-22T00:46:10.552749Z
  Time since last request: 0.0014155 seconds.
  importAddress: GUID: 8e78f8a8575e4a04f8337a54e241cdc5 - Path: Packages/com.unity.ugui/Runtime/UGUI/EventSystem/InputModules - Importer: ScriptedImporter/UnityEditor.QuickSearchModule:UnityEditor.Search:ASIAI0B
Importing 'GUID: 8e78f8a8575e4a04f8337a54e241cdc5 - Path: Packages/com.unity.ugui/Runtime/UGUI/EventSystem/InputModules - Importer: ScriptedImporter/UnityEditor.QuickSearchModule:UnityEditor.Search:ASIAI0B' with importer (ScriptedImporter : UnityEditor.QuickSearchModule:UnityEditor.Search:ASIAI0B)
Imported 'GUID: 8e78f8a8575e4a04f8337a54e241cdc5' -> (Import Result ID: '1ba1e9f25e19b248c6628657e420ee67') in 0.003 seconds [static and dynamic dependencies]. Details - ImportResultOutputID=b855e578124ff2bf4a9db56928c1c91f DependenciesID=8683300aec51ce261d385843a1385be8 StaticDependenciesID=a11fd703d8bb03c47103e183c5dffbd8 
Number of updated asset objects reloaded before import = 0
Number of asset objects unloaded after import = 1
========================================================================
Received Import Request.
  Time of request: 2026-09-22T00:46:10.556699Z
  Time since last request: 0.000873 seconds.
  importAddress: GUID: 968a09f153574430a6e15ae975145768 - Path: Packages/com.unity.ugui/Runtime/TMP/TMP_Sprite.cs - Importer: ScriptedImporter/UnityEditor.QuickSearchModule:UnityEditor.Search:ASIAI0B
Importing 'GUID: 968a09f153574430a6e15ae975145768 - Path: Packages/com.unity.ugui/Runtime/TMP/TMP_Sprite.cs - Importer: ScriptedImporter/UnityEditor.QuickSearchModule:UnityEditor.Search:ASIAI0B' with importer (ScriptedImporter : UnityEditor.QuickSearchModule:UnityEditor.Search:ASIAI0B)
Imported 'GUID: 968a09f153574430a6e15ae975145768' -> (Import Result ID: '1f3f74e53fdbfd159b0a0eda7e01d2a8') in 0.004 seconds [static and dynamic dependencies]. Details - ImportResultOutputID=071725fd2517748752b13005516714c3 DependenciesID=03ff6acd23640a2c83bcbc47710ea027 StaticDependenciesID=23567aa8364b680186ef0cc7de5f11e2 
Number of updated asset objects reloaded before import = 0
Number of asset objects unloaded after import = 0
========================================================================
Received Import Request.
  Time of request: 2026-09-22T00:46:10.561426Z
  Time since last request: 0.000676875 seconds.
  importAddress: GUID: 645409e9544820042937871953f20509 - Path: Packages/com.unity.ugui/Editor/TMP/HDRP/TMP_BaseHDRPUnlitShaderGUI.cs - Importer: ScriptedImporter/UnityEditor.QuickSearchModule:UnityEditor.Search:ASIAI0B
Importing 'GUID: 645409e9544820042937871953f20509 - Path: Packages/com.unity.ugui/Editor/TMP/HDRP/TMP_BaseHDRPUnlitShaderGUI.cs - Importer: ScriptedImporter/UnityEditor.QuickSearchModule:UnityEditor.Search:ASIAI0B' with importer (ScriptedImporter : UnityEditor.QuickSearchModule:UnityEditor.Search:ASIAI0B)
Imported 'GUID: 645409e9544820042937871953f20509' -> (Import Result ID: 'f97dbc7a878bb36e08bc817158557bb5') in 0.003 seconds [static and dynamic dependencies]. Details - ImportResultOutputID=3dfa360e788028d38ab0886ca01f132b DependenciesID=ec42eb917f27fd1966efeadfe911a3cf StaticDependenciesID=013fb91341232a9de824c4c632a259a8 
Number of updated asset objects reloaded before import = 0
Number of asset objects unloaded after import = 0
========================================================================
Received Import Request.
  Time of request: 2026-09-22T00:46:10.564784Z
  Time since last request: 0.000527958 seconds.
  importAddress: GUID: 383966e89d344865a36addd5d378ffd3 - Path: Packages/com.unity.ugui/Editor/TMP/TMPro_FontAssetCreatorWindow.cs - Importer: ScriptedImporter/UnityEditor.QuickSearchModule:UnityEditor.Search:ASIAI0B
Importing 'GUID: 383966e89d344865a36addd5d378ffd3 - Path: Packages/com.unity.ugui/Editor/TMP/TMPro_FontAssetCreatorWindow.cs - Importer: ScriptedImporter/UnityEditor.QuickSearchModule:UnityEditor.Search:ASIAI0B' with importer (ScriptedImporter : UnityEditor.QuickSearchModule:UnityEditor.Search:ASIAI0B)
Imported 'GUID: 383966e89d344865a36addd5d378ffd3' -> (Import Result ID: '4e6f1d47d2115af64dbc9d0381a576e3') in 0.004 seconds [static and dynamic dependencies]. Details - ImportResultOutputID=ac216c80babd018c26b14c6ebf1f38b8 DependenciesID=2b497f1eb0df0da6502bf27e30c23039 StaticDependenciesID=be7a3e782f0148452f2b1cdf56919693 
Number of updated asset objects reloaded before import = 0
Number of asset objects unloaded after import = 0
========================================================================
Received Import Request.
  Time of request: 2026-09-22T00:46:10.571266Z
  Time since last request: 0.002502291 seconds.
  importAddress: GUID: 371a2245f9a9ff344997fec3609bf73e - Path: Packages/com.unity.ugui/Editor/TMP/PropertyDrawers/TMP_PropertyDrawerUtilities.cs - Importer: ScriptedImporter/UnityEditor.QuickSearchModule:UnityEditor.Search:ASIAI0B
Importing 'GUID: 371a2245f9a9ff344997fec3609bf73e - Path: Packages/com.unity.ugui/Editor/TMP/PropertyDrawers/TMP_PropertyDrawerUtilities.cs - Importer: ScriptedImporter/UnityEditor.QuickSearchModule:UnityEditor.Search:ASIAI0B' with importer (ScriptedImporter : UnityEditor.QuickSearchModule:UnityEditor.Search:ASIAI0B)
Imported 'GUID: 371a2245f9a9ff344997fec3609bf73e' -> (Import Result ID: '5fe3f2264161eb7dd8be101116546f5c') in 0.004 seconds [static and dynamic dependencies]. Details - ImportResultOutputID=15386e53d7f69db7e3c394aee5f5326b DependenciesID=9adaee12fe4fecd69ba3916e202eea96 StaticDependenciesID=afd932271d67cd01d285af6cd65dd0b0 
Number of updated asset objects reloaded before import = 0
Number of asset objects unloaded after import = 0
========================================================================
Received Import Request.
  Time of request: 2026-09-22T00:46:10.576345Z
  Time since last request: 0.000878666 seconds.
  importAddress: GUID: d51458b261e0ecc4a98904e53924dc1c - Path: Packages/com.unity.ugui/Editor/UGUI/Properties/AssemblyInfo.cs - Importer: ScriptedImporter/UnityEditor.QuickSearchModule:UnityEditor.Search:ASIAI0B
Importing 'GUID: d51458b261e0ecc4a98904e53924dc1c - Path: Packages/com.unity.ugui/Editor/UGUI/Properties/AssemblyInfo.cs - Importer: ScriptedImporter/UnityEditor.QuickSearchModule:UnityEditor.Search:ASIAI0B' with importer (ScriptedImporter : UnityEditor.QuickSearchModule:UnityEditor.Search:ASIAI0B)
Imported 'GUID: d51458b261e0ecc4a98904e53924dc1c' -> (Import Result ID: 'd1242a2db98148de3f13813b44df0abd') in 0.004 seconds [static and dynamic dependencies]. Details - ImportResultOutputID=978c3656e5c9ea4ad63e3475be02d26e DependenciesID=71345249cbc8c877b0ccf84154f21ca3 StaticDependenciesID=5011a7255d734226153f9592f3fee1ae 
Number of updated asset objects reloaded before import = 0
Number of asset objects unloaded after import = 0
========================================================================
Received Import Request.
  Time of request: 2026-09-22T00:46:10.58286Z
  Time since last request: 0.002509292 seconds.
  importAddress: GUID: 305ca32be1aa5504aa182f583895dfe4 - Path: Packages/com.unity.ugui/Tests/Editor/UGUI/RectMask2D - Importer: ScriptedImporter/UnityEditor.QuickSearchModule:UnityEditor.Search:ASIAI0B
Importing 'GUID: 305ca32be1aa5504aa182f583895dfe4 - Path: Packages/com.unity.ugui/Tests/Editor/UGUI/RectMask2D - Importer: ScriptedImporter/UnityEditor.QuickSearchModule:UnityEditor.Search:ASIAI0B' with importer (ScriptedImporter : UnityEditor.QuickSearchModule:UnityEditor.Search:ASIAI0B)
Imported 'GUID: 305ca32be1aa5504aa182f583895dfe4' -> (Import Result ID: 'bd2a32b2a100ff22d864f4c792c8eb3d') in 0.004 seconds [static and dynamic dependencies]. Details - ImportResultOutputID=662beed873d9765c9f5797c982bd051a DependenciesID=fb7a2555b5cfeeec3745543b705ce777 StaticDependenciesID=fbad9cc60f56b884e9d1f02717b33722 
Number of updated asset objects reloaded before import = 0
Number of asset objects unloaded after import = 1
========================================================================
Received Import Request.
  Time of request: 2026-09-22T00:46:10.58769Z
  Time since last request: 0.000654792 seconds.
  importAddress: GUID: 828075bc53f2de84982a943870529b7b - Path: Packages/com.unity.ugui/Runtime/UGUI/UI/Core/Misc.cs - Importer: ScriptedImporter/UnityEditor.QuickSearchModule:UnityEditor.Search:ASIAI0B
Importing 'GUID: 828075bc53f2de84982a943870529b7b - Path: Packages/com.unity.ugui/Runtime/UGUI/UI/Core/Misc.cs - Importer: ScriptedImporter/UnityEditor.QuickSearchModule:UnityEditor.Search:ASIAI0B' with importer (ScriptedImporter : UnityEditor.QuickSearchModule:UnityEditor.Search:ASIAI0B)
Imported 'GUID: 828075bc53f2de84982a943870529b7b' -> (Import Result ID: '373674d82f9dc42c4e7f9fbaea62029b') in 0.003 seconds [static and dynamic dependencies]. Details - ImportResultOutputID=8166cf60af8486893884a82b823bdd55 DependenciesID=99cc0960946d3538594678f45dce9765 StaticDependenciesID=21ed9536269e7cd6c99246e36f39c266 
Number of updated asset objects reloaded before import = 0
Number of asset objects unloaded after import = 0
========================================================================
Received Import Request.
  Time of request: 2026-09-22T00:46:10.592857Z
  Time since last request: 0.002136583 seconds.
  importAddress: GUID: dc42784cf147c0c48a680349fa168899 - Path: Packages/com.unity.ugui/Runtime/UGUI/UI/Core/GraphicRaycaster.cs - Importer: ScriptedImporter/UnityEditor.QuickSearchModule:UnityEditor.Search:ASIAI0B
Importing 'GUID: dc42784cf147c0c48a680349fa168899 - Path: Packages/com.unity.ugui/Runtime/UGUI/UI/Core/GraphicRaycaster.cs - Importer: ScriptedImporter/UnityEditor.QuickSearchModule:UnityEditor.Search:ASIAI0B' with importer (ScriptedImporter : UnityEditor.QuickSearchModule:UnityEditor.Search:ASIAI0B)
Imported 'GUID: dc42784cf147c0c48a680349fa168899' -> (Import Result ID: '27402f97aa0a2d52ca9f382b483f3841') in 0.003 seconds [static and dynamic dependencies]. Details - ImportResultOutputID=490e717d415457f088b23fa266eaf3ac DependenciesID=b427f4ff83f5b2e09a148b858ba984a0 StaticDependenciesID=ba84d9152e7fcfc50023713c6cf059ce 
Number of updated asset objects reloaded before import = 0
Number of asset objects unloaded after import = 0
========================================================================
Received Import Request.
  Time of request: 2026-09-22T00:46:10.597762Z
  Time since last request: 0.001614583 seconds.
  importAddress: GUID: 56666c5a40171f54783dd416a44f42bf - Path: Packages/com.unity.ugui/Runtime/UGUI/EventSystem/Raycasters/Physics2DRaycaster.cs - Importer: ScriptedImporter/UnityEditor.QuickSearchModule:UnityEditor.Search:ASIAI0B
Importing 'GUID: 56666c5a40171f54783dd416a44f42bf - Path: Packages/com.unity.ugui/Runtime/UGUI/EventSystem/Raycasters/Physics2DRaycaster.cs - Importer: ScriptedImporter/UnityEditor.QuickSearchModule:UnityEditor.Search:ASIAI0B' with importer (ScriptedImporter : UnityEditor.QuickSearchModule:UnityEditor.Search:ASIAI0B)
Imported 'GUID: 56666c5a40171f54783dd416a44f42bf' -> (Import Result ID: 'b878c4aabc732ddbf4e3c3798e17d0a5') in 0.008 seconds [static and dynamic dependencies]. Details - ImportResultOutputID=b41a3e00730d5dbaf4603fc6c3b106ab DependenciesID=5b8e600904b26dca2109616266ff7c8c StaticDependenciesID=1d78a8a1c3a95510318bdb5de917aec7 
Number of updated asset objects reloaded before import = 0
Number of asset objects unloaded after import = 0
========================================================================
Received Import Request.
  Time of request: 2026-09-22T00:46:10.606092Z
  Time since last request: 0.000423416 seconds.
  importAddress: GUID: 23a562f2cac6401f9f91251c68a1a794 - Path: Packages/com.unity.ugui/Editor/TMP/TMP_StyleAssetMenu.cs - Importer: ScriptedImporter/UnityEditor.QuickSearchModule:UnityEditor.Search:ASIAI0B
Importing 'GUID: 23a562f2cac6401f9f91251c68a1a794 - Path: Packages/com.unity.ugui/Editor/TMP/TMP_StyleAssetMenu.cs - Importer: ScriptedImporter/UnityEditor.QuickSearchModule:UnityEditor.Search:ASIAI0B' with importer (ScriptedImporter : UnityEditor.QuickSearchModule:UnityEditor.Search:ASIAI0B)
Imported 'GUID: 23a562f2cac6401f9f91251c68a1a794' -> (Import Result ID: '60ae1db9e240871aa27891e339ce1767') in 0.005 seconds [static and dynamic dependencies]. Details - ImportResultOutputID=2b47e996527aff23a5c9d5e290fda532 DependenciesID=5503ead6b20693728207e270c21dab76 StaticDependenciesID=918393ea1a51d30e49987a93e8f8143f 
Number of updated asset objects reloaded before import = 0
Number of asset objects unloaded after import = 0
========================================================================
Received Import Request.
  Time of request: 2026-09-22T00:46:10.612448Z
  Time since last request: 0.000945875 seconds.
  importAddress: GUID: 543674eec776b1442a192c932e6cd9b3 - Path: Packages/com.unity.ugui/Runtime/TMP/TMP_TextElement.cs - Importer: ScriptedImporter/UnityEditor.QuickSearchModule:UnityEditor.Search:ASIAI0B
Importing 'GUID: 543674eec776b1442a192c932e6cd9b3 - Path: Packages/com.unity.ugui/Runtime/TMP/TMP_TextElement.cs - Importer: ScriptedImporter/UnityEditor.QuickSearchModule:UnityEditor.Search:ASIAI0B' with importer (ScriptedImporter : UnityEditor.QuickSearchModule:UnityEditor.Search:ASIAI0B)
Imported 'GUID: 543674eec776b1442a192c932e6cd9b3' -> (Import Result ID: '5d2e1cea67075a1de3e62ce63fad57b8') in 0.007 seconds [static and dynamic dependencies]. Details - ImportResultOutputID=4df826bdf2d16a9db807959ef615b857 DependenciesID=1fb9a516f5e4c54cfed2169e3f9d0e13 StaticDependenciesID=6f034fbd085aef5083424fec1c1fbf29 
Number of updated asset objects reloaded before import = 0
Number of asset objects unloaded after import = 0
========================================================================
Received Import Request.
  Time of request: 2026-09-22T00:46:10.621358Z
  Time since last request: 0.001265833 seconds.
  importAddress: GUID: e90cc37a5ccf4a44dbecc5b7172ec512 - Path: Packages/com.unity.ugui/Tests/Editor/UGUI/UnityEvent - Importer: ScriptedImporter/UnityEditor.QuickSearchModule:UnityEditor.Search:ASIAI0B
Importing 'GUID: e90cc37a5ccf4a44dbecc5b7172ec512 - Path: Packages/com.unity.ugui/Tests/Editor/UGUI/UnityEvent - Importer: ScriptedImporter/UnityEditor.QuickSearchModule:UnityEditor.Search:ASIAI0B' with importer (ScriptedImporter : UnityEditor.QuickSearchModule:UnityEditor.Search:ASIAI0B)
Imported 'GUID: e90cc37a5ccf4a44dbecc5b7172ec512' -> (Import Result ID: '5882f276569a5279d4aa030ecb304537') in 0.004 seconds [static and dynamic dependencies]. Details - ImportResultOutputID=fe9ae5542a7ec18a70d7c42f3a644334 DependenciesID=ea603714d23152c7959ac8ec76faed4f StaticDependenciesID=1b5cadc0a6415147897f84f95bc235c0 
Number of updated asset objects reloaded before import = 0
Number of asset objects unloaded after import = 1
========================================================================
Received Import Request.
  Time of request: 2026-09-22T00:46:10.626011Z
  Time since last request: 0.000571916 seconds.
  importAddress: GUID: 656e461844099ae43a609ff6109b0877 - Path: Packages/com.unity.ugui/Tests/Editor/TMP/Unity.TextMeshPro.Editor.Tests.asmdef - Importer: ScriptedImporter/UnityEditor.QuickSearchModule:UnityEditor.Search:ASIAI0B
Importing 'GUID: 656e461844099ae43a609ff6109b0877 - Path: Packages/com.unity.ugui/Tests/Editor/TMP/Unity.TextMeshPro.Editor.Tests.asmdef - Importer: ScriptedImporter/UnityEditor.QuickSearchModule:UnityEditor.Search:ASIAI0B' with importer (ScriptedImporter : UnityEditor.QuickSearchModule:UnityEditor.Search:ASIAI0B)
Imported 'GUID: 656e461844099ae43a609ff6109b0877' -> (Import Result ID: '71e109cca4d9ce58aa2f98b87a430de6') in 0.003 seconds [static and dynamic dependencies]. Details - ImportResultOutputID=6d52e68eb114802ce223e60358a822e7 DependenciesID=7eba8418aa7679c9481065a5a37d0ecd StaticDependenciesID=7dc65bf4a723f30832a853483d1e10d1 
Number of updated asset objects reloaded before import = 0
Number of asset objects unloaded after import = 1
========================================================================
Received Import Request.
  Time of request: 2026-09-22T00:46:10.630929Z
  Time since last request: 0.001364959 seconds.
  importAddress: GUID: ea944378afa086f438b3352ad7b0e835 - Path: Packages/com.unity.ugui/Tests/Runtime/UGUI/Util/PrivateFieldSetter.cs - Importer: ScriptedImporter/UnityEditor.QuickSearchModule:UnityEditor.Search:ASIAI0B
Importing 'GUID: ea944378afa086f438b3352ad7b0e835 - Path: Packages/com.unity.ugui/Tests/Runtime/UGUI/Util/PrivateFieldSetter.cs - Importer: ScriptedImporter/UnityEditor.QuickSearchModule:UnityEditor.Search:ASIAI0B' with importer (ScriptedImporter : UnityEditor.QuickSearchModule:UnityEditor.Search:ASIAI0B)
Imported 'GUID: ea944378afa086f438b3352ad7b0e835' -> (Import Result ID: 'eb8313a1c2d5290e4c138c65ccab0fec') in 0.004 seconds [static and dynamic dependencies]. Details - ImportResultOutputID=797b15bc55b903dc32c2765a92ec8e20 DependenciesID=32d7e4b8b5e306db18b6618ded31f5be StaticDependenciesID=d4f49dd5a216bdcb86b321a327e465d9 
Number of updated asset objects reloaded before import = 0
Number of asset objects unloaded after import = 0
========================================================================
Received Import Request.
  Time of request: 2026-09-22T00:46:10.636418Z
  Time since last request: 0.000917917 seconds.
  importAddress: GUID: 05f5bfd584002f948982a1498890f9a9 - Path: Packages/com.unity.ugui/PackageConversionData.json - Importer: ScriptedImporter/UnityEditor.QuickSearchModule:UnityEditor.Search:ASIAI0B
Importing 'GUID: 05f5bfd584002f948982a1498890f9a9 - Path: Packages/com.unity.ugui/PackageConversionData.json - Importer: ScriptedImporter/UnityEditor.QuickSearchModule:UnityEditor.Search:ASIAI0B' with importer (ScriptedImporter : UnityEditor.QuickSearchModule:UnityEditor.Search:ASIAI0B)
Imported 'GUID: 05f5bfd584002f948982a1498890f9a9' -> (Import Result ID: 'd7d8f145bf79464f4e79b7f5a5b3a2b4') in 0.003 seconds [static and dynamic dependencies]. Details - ImportResultOutputID=1a0b715785148d0fc444560769f80a27 DependenciesID=500c7fee7429aa2b9609af2b2572cd1b StaticDependenciesID=6f38b827c3edd62c18e0cfe9a16667cb 
Number of updated asset objects reloaded before import = 0
Number of asset objects unloaded after import = 1
========================================================================
Received Import Request.
  Time of request: 2026-09-22T00:46:10.641224Z
  Time since last request: 0.001385209 seconds.
  importAddress: GUID: 623c79a1e113b4941afdbfc88d19e8fd - Path: Packages/com.unity.ugui/Runtime/UGUI/EventSystem/ExecuteEvents.cs - Importer: ScriptedImporter/UnityEditor.QuickSearchModule:UnityEditor.Search:ASIAI0B
Importing 'GUID: 623c79a1e113b4941afdbfc88d19e8fd - Path: Packages/com.unity.ugui/Runtime/UGUI/EventSystem/ExecuteEvents.cs - Importer: ScriptedImporter/UnityEditor.QuickSearchModule:UnityEditor.Search:ASIAI0B' with importer (ScriptedImporter : UnityEditor.QuickSearchModule:UnityEditor.Search:ASIAI0B)
Imported 'GUID: 623c79a1e113b4941afdbfc88d19e8fd' -> (Import Result ID: 'd88d12d9f3175bc11c76f2f49657884d') in 0.003 seconds [static and dynamic dependencies]. Details - ImportResultOutputID=a58d17a60dfb067be43ae81b1e9efdc3 DependenciesID=648f6c7a06df4db016273018f8c4307b StaticDependenciesID=3918626ea0ad9a0c3dd50f9b6365293a 
Number of updated asset objects reloaded before import = 0
Number of asset objects unloaded after import = 0
========================================================================
Received Import Request.
  Time of request: 2026-09-22T00:46:10.644532Z
  Time since last request: 0.000629083 seconds.
  importAddress: GUID: bb05cab7d802aa5468f8f2f86840d984 - Path: Packages/com.unity.ugui/Tests/Runtime/TMP/Unity.TextMeshPro.Tests.asmdef - Importer: ScriptedImporter/UnityEditor.QuickSearchModule:UnityEditor.Search:ASIAI0B
Importing 'GUID: bb05cab7d802aa5468f8f2f86840d984 - Path: Packages/com.unity.ugui/Tests/Runtime/TMP/Unity.TextMeshPro.Tests.asmdef - Importer: ScriptedImporter/UnityEditor.QuickSearchModule:UnityEditor.Search:ASIAI0B' with importer (ScriptedImporter : UnityEditor.QuickSearchModule:UnityEditor.Search:ASIAI0B)
Imported 'GUID: bb05cab7d802aa5468f8f2f86840d984' -> (Import Result ID: '9fad6ee845879ba516f6ed20a4bf1e0c') in 0.003 seconds [static and dynamic dependencies]. Details - ImportResultOutputID=1febccccf6cf5fca10f2eb3f3d733390 DependenciesID=fac038ec28fbf7c8a8d85576f89a1ac3 StaticDependenciesID=d15a2640510f8e2c33dd3605f256113c 
Number of updated asset objects reloaded before import = 0
Number of asset objects unloaded after import = 1
========================================================================
Received Import Request.
  Time of request: 2026-09-22T00:46:10.649091Z
  Time since last request: 0.001154125 seconds.
  importAddress: GUID: e1b0ab339722791498cc804831a17ad3 - Path: Packages/com.unity.ugui/Tests/Runtime/UGUI/InputField/DesktopInputFieldTests.cs - Importer: ScriptedImporter/UnityEditor.QuickSearchModule:UnityEditor.Search:ASIAI0B
Importing 'GUID: e1b0ab339722791498cc804831a17ad3 - Path: Packages/com.unity.ugui/Tests/Runtime/UGUI/InputField/DesktopInputFieldTests.cs - Importer: ScriptedImporter/UnityEditor.QuickSearchModule:UnityEditor.Search:ASIAI0B' with importer (ScriptedImporter : UnityEditor.QuickSearchModule:UnityEditor.Search:ASIAI0B)
Imported 'GUID: e1b0ab339722791498cc804831a17ad3' -> (Import Result ID: 'a4ab28082bd134189267a10ebff9f85f') in 0.005 seconds [static and dynamic dependencies]. Details - ImportResultOutputID=5fb3b3f3beabf0aef6bc6c9082525394 DependenciesID=cc24c2e636bab739d531961c73024441 StaticDependenciesID=892e9f7b0fa254c07e8ed77b872c867f 
Number of updated asset objects reloaded before import = 0
Number of asset objects unloaded after import = 0
========================================================================
Received Import Request.
  Time of request: 2026-09-22T00:46:10.654532Z
  Time since last request: 0.000753083 seconds.
  importAddress: GUID: e88a766c2b8b47841936c136f4afbba9 - Path: Packages/com.unity.ugui/Tests/Runtime/UGUI/Graphic/GraphicTests.cs - Importer: ScriptedImporter/UnityEditor.QuickSearchModule:UnityEditor.Search:ASIAI0B
Importing 'GUID: e88a766c2b8b47841936c136f4afbba9 - Path: Packages/com.unity.ugui/Tests/Runtime/UGUI/Graphic/GraphicTests.cs - Importer: ScriptedImporter/UnityEditor.QuickSearchModule:UnityEditor.Search:ASIAI0B' with importer (ScriptedImporter : UnityEditor.QuickSearchModule:UnityEditor.Search:ASIAI0B)
Imported 'GUID: e88a766c2b8b47841936c136f4afbba9' -> (Import Result ID: 'd8083d1d2dab32cb0b53a9a5fd4b71e7') in 0.007 seconds [static and dynamic dependencies]. Details - ImportResultOutputID=caaad2b0064da9b4d36ff29463107ad7 DependenciesID=cb701d757e24eb89cb7fe778acd5b551 StaticDependenciesID=acbba95f9822a2d2bcf4541bf10861be 
Number of updated asset objects reloaded before import = 0
Number of asset objects unloaded after import = 0
========================================================================
Received Import Request.
  Time of request: 2026-09-22T00:46:10.670542Z
  Time since last request: 0.008750292 seconds.
  importAddress: GUID: 01ada73c4792aba4c937ff5d92cce866 - Path: Packages/com.unity.ugui/Editor/TMP/PropertyDrawers/TMP_CharacterPropertyDrawer.cs - Importer: ScriptedImporter/UnityEditor.QuickSearchModule:UnityEditor.Search:ASIAI0B
Importing 'GUID: 01ada73c4792aba4c937ff5d92cce866 - Path: Packages/com.unity.ugui/Editor/TMP/PropertyDrawers/TMP_CharacterPropertyDrawer.cs - Importer: ScriptedImporter/UnityEditor.QuickSearchModule:UnityEditor.Search:ASIAI0B' with importer (ScriptedImporter : UnityEditor.QuickSearchModule:UnityEditor.Search:ASIAI0B)
Imported 'GUID: 01ada73c4792aba4c937ff5d92cce866' -> (Import Result ID: '183fc3ac628d06ba000fac7ad15efa85') in 0.004 seconds [static and dynamic dependencies]. Details - ImportResultOutputID=cbcde55269a23b337c526db97d8c9aaf DependenciesID=7b0360b59fa027759f9c59449060cc07 StaticDependenciesID=ab7156dc36a2e7e6c5078941da9413e2 
Number of updated asset objects reloaded before import = 0
Number of asset objects unloaded after import = 0
========================================================================
Received Import Request.
  Time of request: 2026-09-22T00:46:10.684318Z
  Time since last request: 0.009063292 seconds.
  importAddress: GUID: ea11495227d864849bdb4fa69e931cbc - Path: Packages/com.unity.ugui/Editor/Analytics/UGUIBuildAnalytics.cs - Importer: ScriptedImporter/UnityEditor.QuickSearchModule:UnityEditor.Search:ASIAI0B
Importing 'GUID: ea11495227d864849bdb4fa69e931cbc - Path: Packages/com.unity.ugui/Editor/Analytics/UGUIBuildAnalytics.cs - Importer: ScriptedImporter/UnityEditor.QuickSearchModule:UnityEditor.Search:ASIAI0B' with importer (ScriptedImporter : UnityEditor.QuickSearchModule:UnityEditor.Search:ASIAI0B)
Imported 'GUID: ea11495227d864849bdb4fa69e931cbc' -> (Import Result ID: '245f4070402fc090f6c7571b9d470e6a') in 0.005 seconds [static and dynamic dependencies]. Details - ImportResultOutputID=de2ddbc09eb155510f6324fd267cb21c DependenciesID=154f2e1d1ac61bf8cceb210e32ad4f78 StaticDependenciesID=ae50e8b1df61b2bf3daeed1729706cdf 
Number of updated asset objects reloaded before import = 0
Number of asset objects unloaded after import = 0
========================================================================
Received Import Request.
  Time of request: 2026-09-22T00:46:10.692604Z
  Time since last request: 0.003068959 seconds.
  importAddress: GUID: b759d61544e231c41bc88530b1d94ee8 - Path: Packages/com.unity.ugui/Editor/UGUI/UI/ImageEditor.cs - Importer: ScriptedImporter/UnityEditor.QuickSearchModule:UnityEditor.Search:ASIAI0B
Importing 'GUID: b759d61544e231c41bc88530b1d94ee8 - Path: Packages/com.unity.ugui/Editor/UGUI/UI/ImageEditor.cs - Importer: ScriptedImporter/UnityEditor.QuickSearchModule:UnityEditor.Search:ASIAI0B' with importer (ScriptedImporter : UnityEditor.QuickSearchModule:UnityEditor.Search:ASIAI0B)
Imported 'GUID: b759d61544e231c41bc88530b1d94ee8' -> (Import Result ID: '4880b38d06faf5c97a0b3c6c2e88f0ad') in 0.004 seconds [static and dynamic dependencies]. Details - ImportResultOutputID=e31e7111243af83e6d70eba62506a19b DependenciesID=3e38889ee840a4bf8fbf55f07154a37e StaticDependenciesID=43536ae91489da4161b4288a79792f90 
Number of updated asset objects reloaded before import = 0
Number of asset objects unloaded after import = 0
========================================================================
Received Import Request.
  Time of request: 2026-09-22T00:46:10.697933Z
  Time since last request: 0.001044333 seconds.
  importAddress: GUID: 35d143b352678294ab0f5feb97b67f88 - Path: Packages/com.unity.ugui/Editor/UGUI/UI/ContentSizeFitterEditor.cs - Importer: ScriptedImporter/UnityEditor.QuickSearchModule:UnityEditor.Search:ASIAI0B
Importing 'GUID: 35d143b352678294ab0f5feb97b67f88 - Path: Packages/com.unity.ugui/Editor/UGUI/UI/ContentSizeFitterEditor.cs - Importer: ScriptedImporter/UnityEditor.QuickSearchModule:UnityEditor.Search:ASIAI0B' with importer (ScriptedImporter : UnityEditor.QuickSearchModule:UnityEditor.Search:ASIAI0B)
Imported 'GUID: 35d143b352678294ab0f5feb97b67f88' -> (Import Result ID: '1da1e9f8388e609fe91f6754e1f4225a') in 0.004 seconds [static and dynamic dependencies]. Details - ImportResultOutputID=174c7dda064d5aad077f20cbc4157b6a DependenciesID=a0d65ba5f12b7ba20f6f4d61d06f972e StaticDependenciesID=bc4c17ea6cfb2fc99b8e48229e69fd16 
Number of updated asset objects reloaded before import = 0
Number of asset objects unloaded after import = 0
========================================================================
Received Import Request.
  Time of request: 2026-09-22T00:46:10.70351Z
  Time since last request: 0.001669875 seconds.
  importAddress: GUID: 0ce5fe4db14be432cab1bc46704eef4c - Path: Packages/com.unity.ugui/Runtime/InternalBridge/ObjectUtilsBridge.cs - Importer: ScriptedImporter/UnityEditor.QuickSearchModule:UnityEditor.Search:ASIAI0B
Importing 'GUID: 0ce5fe4db14be432cab1bc46704eef4c - Path: Packages/com.unity.ugui/Runtime/InternalBridge/ObjectUtilsBridge.cs - Importer: ScriptedImporter/UnityEditor.QuickSearchModule:UnityEditor.Search:ASIAI0B' with importer (ScriptedImporter : UnityEditor.QuickSearchModule:UnityEditor.Search:ASIAI0B)
Imported 'GUID: 0ce5fe4db14be432cab1bc46704eef4c' -> (Import Result ID: '2df092e7bef2f8bf56c7cdb9e7f7727a') in 0.003 seconds [static and dynamic dependencies]. Details - ImportResultOutputID=453c42222e870608754f08f8a9cd8d33 DependenciesID=d246b93cb0d708251ed9e587b5846766 StaticDependenciesID=6709304fe14fc1f7d5865329afad72e8 
Number of updated asset objects reloaded before import = 0
Number of asset objects unloaded after import = 0
========================================================================
Received Import Request.
  Time of request: 2026-09-22T00:46:10.707992Z
  Time since last request: 0.001104125 seconds.
  importAddress: GUID: 96b44f7d98314b139324a8a87eb66067 - Path: Packages/com.unity.ugui/Editor/TMP/TMP_FontAssetEditor.cs - Importer: ScriptedImporter/UnityEditor.QuickSearchModule:UnityEditor.Search:ASIAI0B
Importing 'GUID: 96b44f7d98314b139324a8a87eb66067 - Path: Packages/com.unity.ugui/Editor/TMP/TMP_FontAssetEditor.cs - Importer: ScriptedImporter/UnityEditor.QuickSearchModule:UnityEditor.Search:ASIAI0B' with importer (ScriptedImporter : UnityEditor.QuickSearchModule:UnityEditor.Search:ASIAI0B)
Imported 'GUID: 96b44f7d98314b139324a8a87eb66067' -> (Import Result ID: '6ff7bd1bed220b01708e579cc4252f29') in 0.003 seconds [static and dynamic dependencies]. Details - ImportResultOutputID=6a50e420eb084b38e02d094f16316fb4 DependenciesID=6bead19157c5075005d6e28a64a37639 StaticDependenciesID=82a8c7f3c727b878277aa0685630af1b 
Number of updated asset objects reloaded before import = 0
Number of asset objects unloaded after import = 0
========================================================================
Received Import Request.
  Time of request: 2026-09-22T00:46:10.712213Z
  Time since last request: 0.00066075 seconds.
  importAddress: GUID: effb76e1937b45ff8adf45e51a4c08cf - Path: Packages/com.unity.ugui/Runtime/TMP/TMPro_MeshUtilities.cs - Importer: ScriptedImporter/UnityEditor.QuickSearchModule:UnityEditor.Search:ASIAI0B
Importing 'GUID: effb76e1937b45ff8adf45e51a4c08cf - Path: Packages/com.unity.ugui/Runtime/TMP/TMPro_MeshUtilities.cs - Importer: ScriptedImporter/UnityEditor.QuickSearchModule:UnityEditor.Search:ASIAI0B' with importer (ScriptedImporter : UnityEditor.QuickSearchModule:UnityEditor.Search:ASIAI0B)
Imported 'GUID: effb76e1937b45ff8adf45e51a4c08cf' -> (Import Result ID: '87ba706e6c205640cca1351a935284c5') in 0.003 seconds [static and dynamic dependencies]. Details - ImportResultOutputID=2eba0e60e6be7811c20b7e39ed15a0cd DependenciesID=4375d247e2f1df72d50cc9b41b290c41 StaticDependenciesID=c2508658ad9c8a650f4023cf215a74d7 
Number of updated asset objects reloaded before import = 0
Number of asset objects unloaded after import = 0
========================================================================
Received Import Request.
  Time of request: 2026-09-22T00:46:10.715793Z
  Time since last request: 0.000641333 seconds.
  importAddress: GUID: d9647b571c5e44729b71d756b3d55317 - Path: Packages/com.unity.ugui/Editor/TMP/TMP_ColorGradientAssetMenu.cs - Importer: ScriptedImporter/UnityEditor.QuickSearchModule:UnityEditor.Search:ASIAI0B
Importing 'GUID: d9647b571c5e44729b71d756b3d55317 - Path: Packages/com.unity.ugui/Editor/TMP/TMP_ColorGradientAssetMenu.cs - Importer: ScriptedImporter/UnityEditor.QuickSearchModule:UnityEditor.Search:ASIAI0B' with importer (ScriptedImporter : UnityEditor.QuickSearchModule:UnityEditor.Search:ASIAI0B)
Imported 'GUID: d9647b571c5e44729b71d756b3d55317' -> (Import Result ID: '9068e29744096dd5f4605fa99f08b2f0') in 0.006 seconds [static and dynamic dependencies]. Details - ImportResultOutputID=83243d8869961aa59b9632905e010b92 DependenciesID=d3cecdcaa9c6a3ac8f17a7b69de64833 StaticDependenciesID=72fb49016f33e23ae59d4761eb20b274 
Number of updated asset objects reloaded before import = 0
Number of asset objects unloaded after import = 0
========================================================================
Received Import Request.
  Time of request: 2026-09-22T00:46:10.722913Z
  Time since last request: 0.000838208 seconds.
  importAddress: GUID: e3b0f810fdea84e40ab4ba20f256f7e8 - Path: Packages/com.unity.ugui/Editor Resources/Textures/SectionHeader_Light.psd - Importer: ScriptedImporter/UnityEditor.QuickSearchModule:UnityEditor.Search:ASIAI0B
Importing 'GUID: e3b0f810fdea84e40ab4ba20f256f7e8 - Path: Packages/com.unity.ugui/Editor Resources/Textures/SectionHeader_Light.psd - Importer: ScriptedImporter/UnityEditor.QuickSearchModule:UnityEditor.Search:ASIAI0B' with importer (ScriptedImporter : UnityEditor.QuickSearchModule:UnityEditor.Search:ASIAI0B)
Imported 'GUID: e3b0f810fdea84e40ab4ba20f256f7e8' -> (Import Result ID: '6f0ba7c9f6dd81ed946a2de1a2900602') in 0.010 seconds [static and dynamic dependencies]. Details - ImportResultOutputID=f92a5c263c20588efbea23627459cf7b DependenciesID=988bfa5a1812ac058f594179c9fa37aa StaticDependenciesID=61b9b2f064d6c11c0c6b4d07853bf375 
Number of updated asset objects reloaded before import = 0
Number of asset objects unloaded after import = 1
========================================================================
Received Import Request.
  Time of request: 2026-09-22T00:46:10.736875Z
  Time since last request: 0.003915334 seconds.
  importAddress: GUID: ca819640f53b48919bf7774744f7f15e - Path: Packages/com.unity.ugui/Runtime/TMP/TMP_SelectionCaret.cs - Importer: ScriptedImporter/UnityEditor.QuickSearchModule:UnityEditor.Search:ASIAI0B
Importing 'GUID: ca819640f53b48919bf7774744f7f15e - Path: Packages/com.unity.ugui/Runtime/TMP/TMP_SelectionCaret.cs - Importer: ScriptedImporter/UnityEditor.QuickSearchModule:UnityEditor.Search:ASIAI0B' with importer (ScriptedImporter : UnityEditor.QuickSearchModule:UnityEditor.Search:ASIAI0B)
Imported 'GUID: ca819640f53b48919bf7774744f7f15e' -> (Import Result ID: '8ca2ad19724f416afb58f60e566172b0') in 0.003 seconds [static and dynamic dependencies]. Details - ImportResultOutputID=51f7874c9eb212985cb46fae6902dd9a DependenciesID=31f688518ccf3a2ee4ba97da3c62514c StaticDependenciesID=574fd1aad81573ba88d66fb8940ca39e 
Number of updated asset objects reloaded before import = 0
Number of asset objects unloaded after import = 0
========================================================================
Received Import Request.
  Time of request: 2026-09-22T00:46:10.742592Z
  Time since last request: 0.0021215 seconds.
  importAddress: GUID: 0d0b652f32a2cc243917e4028fa0f046 - Path: Packages/com.unity.ugui/Runtime/UGUI/UI/Core/Dropdown.cs - Importer: ScriptedImporter/UnityEditor.QuickSearchModule:UnityEditor.Search:ASIAI0B
Importing 'GUID: 0d0b652f32a2cc243917e4028fa0f046 - Path: Packages/com.unity.ugui/Runtime/UGUI/UI/Core/Dropdown.cs - Importer: ScriptedImporter/UnityEditor.QuickSearchModule:UnityEditor.Search:ASIAI0B' with importer (ScriptedImporter : UnityEditor.QuickSearchModule:UnityEditor.Search:ASIAI0B)
Imported 'GUID: 0d0b652f32a2cc243917e4028fa0f046' -> (Import Result ID: '2c567a5ed6d44704a6d3a28d350476bc') in 0.003 seconds [static and dynamic dependencies]. Details - ImportResultOutputID=dae5e63770a1d0137b9d8d4c18f89dc5 DependenciesID=495486694608b5ef8b48eacac42a5b95 StaticDependenciesID=bdc1a66bf818558a96795b2bf21c1433 
Number of updated asset objects reloaded before import = 0
Number of asset objects unloaded after import = 0
========================================================================
Received Import Request.
  Time of request: 2026-09-22T00:46:10.748102Z
  Time since last request: 0.002587625 seconds.
  importAddress: GUID: 75df57ccb1e44c64085399277405e1ca - Path: Packages/com.unity.ugui/Runtime/UGUI/EventSystem/EventData/PointerEventData.cs - Importer: ScriptedImporter/UnityEditor.QuickSearchModule:UnityEditor.Search:ASIAI0B
Importing 'GUID: 75df57ccb1e44c64085399277405e1ca - Path: Packages/com.unity.ugui/Runtime/UGUI/EventSystem/EventData/PointerEventData.cs - Importer: ScriptedImporter/UnityEditor.QuickSearchModule:UnityEditor.Search:ASIAI0B' with importer (ScriptedImporter : UnityEditor.QuickSearchModule:UnityEditor.Search:ASIAI0B)
Imported 'GUID: 75df57ccb1e44c64085399277405e1ca' -> (Import Result ID: 'ce45ccc2f5d919fefba579da84adb3ac') in 0.003 seconds [static and dynamic dependencies]. Details - ImportResultOutputID=a60e2e3fbe720a1234b561a824ad6ae5 DependenciesID=ab7d692b88079a5a332276ab6b87b590 StaticDependenciesID=eeb649fdccf7342fbe94b18a94c8392b 
Number of updated asset objects reloaded before import = 0
Number of asset objects unloaded after import = 0
========================================================================
Received Import Request.
  Time of request: 2026-09-22T00:46:10.754915Z
  Time since last request: 0.003236291 seconds.
  importAddress: GUID: 794f3951c48395848920fdb593a2ae38 - Path: Packages/com.unity.ugui/Editor/UGUI/UI/LayoutPropertiesPreview.cs - Importer: ScriptedImporter/UnityEditor.QuickSearchModule:UnityEditor.Search:ASIAI0B
Importing 'GUID: 794f3951c48395848920fdb593a2ae38 - Path: Packages/com.unity.ugui/Editor/UGUI/UI/LayoutPropertiesPreview.cs - Importer: ScriptedImporter/UnityEditor.QuickSearchModule:UnityEditor.Search:ASIAI0B' with importer (ScriptedImporter : UnityEditor.QuickSearchModule:UnityEditor.Search:ASIAI0B)
Imported 'GUID: 794f3951c48395848920fdb593a2ae38' -> (Import Result ID: 'e780f7a6acf66290c30a3a48c715984f') in 0.003 seconds [static and dynamic dependencies]. Details - ImportResultOutputID=15743b7c55ad69d5390f0ba162985b72 DependenciesID=24b99035f552f719e0e973801e32fd0b StaticDependenciesID=8e3733b8cd142c8832b839cef18846ef 
Number of updated asset objects reloaded before import = 0
Number of asset objects unloaded after import = 0
========================================================================
Received Import Request.
  Time of request: 2026-09-22T00:46:10.763527Z
  Time since last request: 0.005721709 seconds.
  importAddress: GUID: e21bec35f48a44298911b25ead550ce3 - Path: Packages/com.unity.ugui/Runtime/TMP/TMP_MeshInfo.cs - Importer: ScriptedImporter/UnityEditor.QuickSearchModule:UnityEditor.Search:ASIAI0B
Importing 'GUID: e21bec35f48a44298911b25ead550ce3 - Path: Packages/com.unity.ugui/Runtime/TMP/TMP_MeshInfo.cs - Importer: ScriptedImporter/UnityEditor.QuickSearchModule:UnityEditor.Search:ASIAI0B' with importer (ScriptedImporter : UnityEditor.QuickSearchModule:UnityEditor.Search:ASIAI0B)
Imported 'GUID: e21bec35f48a44298911b25ead550ce3' -> (Import Result ID: 'f75f45682a8bc79d5faaec8fd01627ce') in 0.006 seconds [static and dynamic dependencies]. Details - ImportResultOutputID=5c371380eb1edbb3e7df74dffa3aa65e DependenciesID=9f6853599d9a218ae32ef8d638176bfa StaticDependenciesID=0f23ab74f1c998330b360839089a0acf 
Number of updated asset objects reloaded before import = 0
Number of asset objects unloaded after import = 0
========================================================================
Received Import Request.
  Time of request: 2026-09-22T00:46:10.772988Z
  Time since last request: 0.001617792 seconds.
  importAddress: GUID: 58c9792f08de21b4194eb2f9d862dc22 - Path: Packages/com.unity.ugui/Runtime/UGUI/AssemblyInfo.cs - Importer: ScriptedImporter/UnityEditor.QuickSearchModule:UnityEditor.Search:ASIAI0B
Importing 'GUID: 58c9792f08de21b4194eb2f9d862dc22 - Path: Packages/com.unity.ugui/Runtime/UGUI/AssemblyInfo.cs - Importer: ScriptedImporter/UnityEditor.QuickSearchModule:UnityEditor.Search:ASIAI0B' with importer (ScriptedImporter : UnityEditor.QuickSearchModule:UnityEditor.Search:ASIAI0B)
Imported 'GUID: 58c9792f08de21b4194eb2f9d862dc22' -> (Import Result ID: '678a3c4bcba653c4357015ad00565701') in 0.003 seconds [static and dynamic dependencies]. Details - ImportResultOutputID=b3b7330f01a3a0f43e9e32bcc6fb8d08 DependenciesID=3253df28815572a5a20f5d90bc6aab07 StaticDependenciesID=ce36cf212c2c99e5eb32f71f98bf4265 
Number of updated asset objects reloaded before import = 0
Number of asset objects unloaded after import = 0
========================================================================
Received Import Request.
  Time of request: 2026-09-22T00:46:10.777192Z
  Time since last request: 0.000755834 seconds.
  importAddress: GUID: ab93e1a81defc3243a6e9cd0df3cb443 - Path: Packages/com.unity.ugui/Tests/Runtime/UGUI/EventSystem - Importer: ScriptedImporter/UnityEditor.QuickSearchModule:UnityEditor.Search:ASIAI0B
Importing 'GUID: ab93e1a81defc3243a6e9cd0df3cb443 - Path: Packages/com.unity.ugui/Tests/Runtime/UGUI/EventSystem - Importer: ScriptedImporter/UnityEditor.QuickSearchModule:UnityEditor.Search:ASIAI0B' with importer (ScriptedImporter : UnityEditor.QuickSearchModule:UnityEditor.Search:ASIAI0B)
Imported 'GUID: ab93e1a81defc3243a6e9cd0df3cb443' -> (Import Result ID: '81d73cc640ed0ed376425730fdcf50a1') in 0.003 seconds [static and dynamic dependencies]. Details - ImportResultOutputID=6dfa67fca7a6c9cee862f254afd5dfba DependenciesID=eee7a3a5dd3588976a45b93578c57689 StaticDependenciesID=fc5921fdb8790061309746d27cbe2699 
Number of updated asset objects reloaded before import = 0
Number of asset objects unloaded after import = 1
========================================================================
Received Import Request.
  Time of request: 2026-09-22T00:46:10.792763Z
  Time since last request: 0.012441083 seconds.
  importAddress: GUID: 513613320b52fdb40a26dd5b73d89afe - Path: Packages/com.unity.ugui/Tests/Runtime/UGUI/InputField/GenericInputFieldTests.cs - Importer: ScriptedImporter/UnityEditor.QuickSearchModule:UnityEditor.Search:ASIAI0B
Importing 'GUID: 513613320b52fdb40a26dd5b73d89afe - Path: Packages/com.unity.ugui/Tests/Runtime/UGUI/InputField/GenericInputFieldTests.cs - Importer: ScriptedImporter/UnityEditor.QuickSearchModule:UnityEditor.Search:ASIAI0B' with importer (ScriptedImporter : UnityEditor.QuickSearchModule:UnityEditor.Search:ASIAI0B)
Imported 'GUID: 513613320b52fdb40a26dd5b73d89afe' -> (Import Result ID: '2221b0e855c1055d259db9baf532e32f') in 0.007 seconds [static and dynamic dependencies]. Details - ImportResultOutputID=9898c9a3cef7c07e5c99128cd8c13c24 DependenciesID=64fd88b26211199b60d7f9cbd5d18a05 StaticDependenciesID=70121b393cfcdb378f59d5fda1368f7b 
Number of updated asset objects reloaded before import = 0
Number of asset objects unloaded after import = 0
========================================================================
Received Import Request.
  Time of request: 2026-09-22T00:46:10.801244Z
  Time since last request: 0.001057791 seconds.
  importAddress: GUID: 2fd6421f253b4ef1a19526541f9ffc0c - Path: Packages/com.unity.ugui/Editor Resources/Gizmos/TMP - Text Component Icon.psd - Importer: ScriptedImporter/UnityEditor.QuickSearchModule:UnityEditor.Search:ASIAI0B
Importing 'GUID: 2fd6421f253b4ef1a19526541f9ffc0c - Path: Packages/com.unity.ugui/Editor Resources/Gizmos/TMP - Text Component Icon.psd - Importer: ScriptedImporter/UnityEditor.QuickSearchModule:UnityEditor.Search:ASIAI0B' with importer (ScriptedImporter : UnityEditor.QuickSearchModule:UnityEditor.Search:ASIAI0B)
Imported 'GUID: 2fd6421f253b4ef1a19526541f9ffc0c' -> (Import Result ID: 'd7ef8940feb0e8cf44778524ca7693a1') in 0.013 seconds [static and dynamic dependencies]. Details - ImportResultOutputID=cee21c12d187d9aa839ae27ba5d5a8a6 DependenciesID=4ef1bee602ef1c99e4dfc675c5691379 StaticDependenciesID=a94ad2c6cd7b10ba9269487ef444bc48 
Number of updated asset objects reloaded before import = 0
Number of asset objects unloaded after import = 1
========================================================================
Received Import Request.
  Time of request: 2026-09-22T00:46:10.815512Z
  Time since last request: 0.000833375 seconds.
  importAddress: GUID: 5ebeb75bd91642048bb3f6c1939fde66 - Path: Packages/com.unity.ugui/Runtime/UGUI/UI/Core/MultipleDisplayUtilities.cs - Importer: ScriptedImporter/UnityEditor.QuickSearchModule:UnityEditor.Search:ASIAI0B
Importing 'GUID: 5ebeb75bd91642048bb3f6c1939fde66 - Path: Packages/com.unity.ugui/Runtime/UGUI/UI/Core/MultipleDisplayUtilities.cs - Importer: ScriptedImporter/UnityEditor.QuickSearchModule:UnityEditor.Search:ASIAI0B' with importer (ScriptedImporter : UnityEditor.QuickSearchModule:UnityEditor.Search:ASIAI0B)
Imported 'GUID: 5ebeb75bd91642048bb3f6c1939fde66' -> (Import Result ID: '2cb294b3c85abba2b221be3ba2b14a8a') in 0.004 seconds [static and dynamic dependencies]. Details - ImportResultOutputID=1cdc04e2dfd3ee1a3d7d058c9bff6b28 DependenciesID=419b97db6fd3fcb549f10d1c6c34f24c StaticDependenciesID=98d08efffce29390f6010d70b9a81f71 
Number of updated asset objects reloaded before import = 0
Number of asset objects unloaded after import = 0
========================================================================
Received Import Request.
  Time of request: 2026-09-22T00:46:10.820783Z
  Time since last request: 0.001144583 seconds.
  importAddress: GUID: f8e6a2d47aba4c6c9b3c5a72d9f48da5 - Path: Packages/com.unity.ugui/Editor Resources/Textures - Importer: ScriptedImporter/UnityEditor.QuickSearchModule:UnityEditor.Search:ASIAI0B
Importing 'GUID: f8e6a2d47aba4c6c9b3c5a72d9f48da5 - Path: Packages/com.unity.ugui/Editor Resources/Textures - Importer: ScriptedImporter/UnityEditor.QuickSearchModule:UnityEditor.Search:ASIAI0B' with importer (ScriptedImporter : UnityEditor.QuickSearchModule:UnityEditor.Search:ASIAI0B)
Imported 'GUID: f8e6a2d47aba4c6c9b3c5a72d9f48da5' -> (Import Result ID: 'b950066fe70900674a1620fab648da2d') in 0.003 seconds [static and dynamic dependencies]. Details - ImportResultOutputID=44ed0a2fbc0d7b78f5117f86b8e8fa48 DependenciesID=6c4b3c80affdb01da48254028a896a98 StaticDependenciesID=f2fe551681f089ee3443ce727dec3468 
Number of updated asset objects reloaded before import = 0
Number of asset objects unloaded after import = 1
========================================================================
Received Import Request.
  Time of request: 2026-09-22T00:46:10.824369Z
  Time since last request: 0.000753708 seconds.
  importAddress: GUID: a55fb7b4961a425381d1282fc424f966 - Path: Packages/com.unity.ugui/Runtime/TMP/TMP_UpdateRegistery.cs - Importer: ScriptedImporter/UnityEditor.QuickSearchModule:UnityEditor.Search:ASIAI0B
Importing 'GUID: a55fb7b4961a425381d1282fc424f966 - Path: Packages/com.unity.ugui/Runtime/TMP/TMP_UpdateRegistery.cs - Importer: ScriptedImporter/UnityEditor.QuickSearchModule:UnityEditor.Search:ASIAI0B' with importer (ScriptedImporter : UnityEditor.QuickSearchModule:UnityEditor.Search:ASIAI0B)
Imported 'GUID: a55fb7b4961a425381d1282fc424f966' -> (Import Result ID: '6d03671286b5342ce626e2de716096b0') in 0.003 seconds [static and dynamic dependencies]. Details - ImportResultOutputID=e601e4056b21dbfd6e03cbe99907683d DependenciesID=eb8cd4a34de64834d2e18fc086ab9477 StaticDependenciesID=4fe3d0ee477130abbcdec5585560ae9a 
Number of updated asset objects reloaded before import = 0
Number of asset objects unloaded after import = 0
========================================================================
Received Import Request.
  Time of request: 2026-09-22T00:46:10.828539Z
  Time since last request: 0.000624417 seconds.
  importAddress: GUID: c4777500b5da6094e956c3d4f04de4db - Path: Packages/com.unity.ugui/Editor/TMP/PropertyDrawers/TMP_GlyphPropertyDrawer.cs - Importer: ScriptedImporter/UnityEditor.QuickSearchModule:UnityEditor.Search:ASIAI0B
Importing 'GUID: c4777500b5da6094e956c3d4f04de4db - Path: Packages/com.unity.ugui/Editor/TMP/PropertyDrawers/TMP_GlyphPropertyDrawer.cs - Importer: ScriptedImporter/UnityEditor.QuickSearchModule:UnityEditor.Search:ASIAI0B' with importer (ScriptedImporter : UnityEditor.QuickSearchModule:UnityEditor.Search:ASIAI0B)
Imported 'GUID: c4777500b5da6094e956c3d4f04de4db' -> (Import Result ID: '0e82787c0fa3f7a215c33ef7cead00bf') in 0.003 seconds [static and dynamic dependencies]. Details - ImportResultOutputID=eae65c7c4b4608431fd82f862e3119ca DependenciesID=6872d7e7f2004fdaf77d4ecf6c60c8cb StaticDependenciesID=1670fbc8405d17bea8bfb65b63d30482 
Number of updated asset objects reloaded before import = 0
Number of asset objects unloaded after import = 0
========================================================================
Received Import Request.
  Time of request: 2026-09-22T00:46:10.83216Z
  Time since last request: 0.000556917 seconds.
  importAddress: GUID: 3d42c4854f9093e409cd90c00ef26de0 - Path: Packages/com.unity.ugui/Tests/Runtime/UGUI/EventSystem/GraphicRaycasterWorldSpaceCanvasTests.cs - Importer: ScriptedImporter/UnityEditor.QuickSearchModule:UnityEditor.Search:ASIAI0B
Importing 'GUID: 3d42c4854f9093e409cd90c00ef26de0 - Path: Packages/com.unity.ugui/Tests/Runtime/UGUI/EventSystem/GraphicRaycasterWorldSpaceCanvasTests.cs - Importer: ScriptedImporter/UnityEditor.QuickSearchModule:UnityEditor.Search:ASIAI0B' with importer (ScriptedImporter : UnityEditor.QuickSearchModule:UnityEditor.Search:ASIAI0B)
Imported 'GUID: 3d42c4854f9093e409cd90c00ef26de0' -> (Import Result ID: '65bfaef89aa06c9db0f0f38daaf421c5') in 0.003 seconds [static and dynamic dependencies]. Details - ImportResultOutputID=e7515a8074a46a2885275c33c35fa4f0 DependenciesID=5a597d156af9da15b9e844edc9e98b55 StaticDependenciesID=dd124fa60c9ce0343b0bc7478512fe45 
Number of updated asset objects reloaded before import = 0
Number of asset objects unloaded after import = 0
========================================================================
Received Import Request.
  Time of request: 2026-09-22T00:46:10.836231Z
  Time since last request: 0.001020417 seconds.
  importAddress: GUID: 91f495459b6e34f419ac123740d798b1 - Path: Packages/com.unity.ugui/Runtime/UGUI/EventSystem/EventData/BaseEventData.cs - Importer: ScriptedImporter/UnityEditor.QuickSearchModule:UnityEditor.Search:ASIAI0B
Importing 'GUID: 91f495459b6e34f419ac123740d798b1 - Path: Packages/com.unity.ugui/Runtime/UGUI/EventSystem/EventData/BaseEventData.cs - Importer: ScriptedImporter/UnityEditor.QuickSearchModule:UnityEditor.Search:ASIAI0B' with importer (ScriptedImporter : UnityEditor.QuickSearchModule:UnityEditor.Search:ASIAI0B)
Imported 'GUID: 91f495459b6e34f419ac123740d798b1' -> (Import Result ID: '400c351e1f5b9b586151f24076d4bb80') in 0.003 seconds [static and dynamic dependencies]. Details - ImportResultOutputID=2dba435ad4beaf01afbf6df68185fd76 DependenciesID=4e598230844728d929ab3d3372467807 StaticDependenciesID=631605fa409ae4235b9b3471d11f6295 
Number of updated asset objects reloaded before import = 0
Number of asset objects unloaded after import = 0
========================================================================
Received Import Request.
  Time of request: 2026-09-22T00:46:10.839908Z
  Time since last request: 0.000935833 seconds.
  importAddress: GUID: 5a2e98b03511c6f43bc645238cd40857 - Path: Packages/com.unity.ugui/Tests/Editor/UGUI/InputField/ContentValidation.cs - Importer: ScriptedImporter/UnityEditor.QuickSearchModule:UnityEditor.Search:ASIAI0B
Importing 'GUID: 5a2e98b03511c6f43bc645238cd40857 - Path: Packages/com.unity.ugui/Tests/Editor/UGUI/InputField/ContentValidation.cs - Importer: ScriptedImporter/UnityEditor.QuickSearchModule:UnityEditor.Search:ASIAI0B' with importer (ScriptedImporter : UnityEditor.QuickSearchModule:UnityEditor.Search:ASIAI0B)
Imported 'GUID: 5a2e98b03511c6f43bc645238cd40857' -> (Import Result ID: 'cf5d10e676a37430dbed0b2bde8b5539') in 0.003 seconds [static and dynamic dependencies]. Details - ImportResultOutputID=ca28ddffb0178d6439d8de716ffb6a48 DependenciesID=8c1f752e1c378a6ecc5d89c8250011d6 StaticDependenciesID=433f91257f744d98804cc7934d7bf2d5 
Number of updated asset objects reloaded before import = 0
Number of asset objects unloaded after import = 0
========================================================================
Received Import Request.
  Time of request: 2026-09-22T00:46:10.844112Z
  Time since last request: 0.000893042 seconds.
  importAddress: GUID: 4d2250412b81fe34abf39f246e274479 - Path: Packages/com.unity.ugui/Runtime/UGUI/EventSystem/MoveDirection.cs - Importer: ScriptedImporter/UnityEditor.QuickSearchModule:UnityEditor.Search:ASIAI0B
Importing 'GUID: 4d2250412b81fe34abf39f246e274479 - Path: Packages/com.unity.ugui/Runtime/UGUI/EventSystem/MoveDirection.cs - Importer: ScriptedImporter/UnityEditor.QuickSearchModule:UnityEditor.Search:ASIAI0B' with importer (ScriptedImporter : UnityEditor.QuickSearchModule:UnityEditor.Search:ASIAI0B)
Imported 'GUID: 4d2250412b81fe34abf39f246e274479' -> (Import Result ID: '51689e28702885b480e75e426a97e3c1') in 0.003 seconds [static and dynamic dependencies]. Details - ImportResultOutputID=9198e6a9509733ea3d673174116e386c DependenciesID=ddeff2fba12ee5e9d16701271308e3a6 StaticDependenciesID=0e60ffdd2db40a6b7dab19ff4482fac9 
Number of updated asset objects reloaded before import = 0
Number of asset objects unloaded after import = 0
========================================================================
Received Import Request.
  Time of request: 2026-09-22T00:46:10.84786Z
  Time since last request: 0.000746667 seconds.
  importAddress: GUID: 728d2c19676ea3743aaa087aa28c4a16 - Path: Packages/com.unity.ugui/Editor/UGUI/UI/PropertyDrawers/SpriteStateDrawer.cs - Importer: ScriptedImporter/UnityEditor.QuickSearchModule:UnityEditor.Search:ASIAI0B
Importing 'GUID: 728d2c19676ea3743aaa087aa28c4a16 - Path: Packages/com.unity.ugui/Editor/UGUI/UI/PropertyDrawers/SpriteStateDrawer.cs - Importer: ScriptedImporter/UnityEditor.QuickSearchModule:UnityEditor.Search:ASIAI0B' with importer (ScriptedImporter : UnityEditor.QuickSearchModule:UnityEditor.Search:ASIAI0B)
Imported 'GUID: 728d2c19676ea3743aaa087aa28c4a16' -> (Import Result ID: 'a890adced55653e7cd0cfacfa396727a') in 0.004 seconds [static and dynamic dependencies]. Details - ImportResultOutputID=bd68661fae7609b76acf03d6205099cf DependenciesID=c3f3448502e4e59ac161a0cf156cd488 StaticDependenciesID=e5b2bc1fa0e2e5fe97bd7683cec07b38 
Number of updated asset objects reloaded before import = 0
Number of asset objects unloaded after import = 0
========================================================================
Received Import Request.
  Time of request: 2026-09-22T00:46:10.853205Z
  Time since last request: 0.000878459 seconds.
  importAddress: GUID: 1385bc74f3945c943be16ecbb1381063 - Path: Packages/com.unity.ugui/Editor/UGUI/UI/PropertyDrawers/DropdownOptionListDrawer.cs - Importer: ScriptedImporter/UnityEditor.QuickSearchModule:UnityEditor.Search:ASIAI0B
Importing 'GUID: 1385bc74f3945c943be16ecbb1381063 - Path: Packages/com.unity.ugui/Editor/UGUI/UI/PropertyDrawers/DropdownOptionListDrawer.cs - Importer: ScriptedImporter/UnityEditor.QuickSearchModule:UnityEditor.Search:ASIAI0B' with importer (ScriptedImporter : UnityEditor.QuickSearchModule:UnityEditor.Search:ASIAI0B)
Imported 'GUID: 1385bc74f3945c943be16ecbb1381063' -> (Import Result ID: 'aa037b3cb06863270739ca58727fb783') in 0.004 seconds [static and dynamic dependencies]. Details - ImportResultOutputID=10b59f527e80c4eb2cb0589ad8823926 DependenciesID=5d9c0df93b8485420892f7f0f3872b01 StaticDependenciesID=7a209030518f4e100addaa57af6d7edb 
Number of updated asset objects reloaded before import = 0
Number of asset objects unloaded after import = 0
========================================================================
Received Import Request.
  Time of request: 2026-09-22T00:46:10.858485Z
  Time since last request: 0.001555875 seconds.
  importAddress: GUID: fb660d86885d89a499a31c6ab6f26269 - Path: Packages/com.unity.ugui/Tests/Editor/UGUI/RectMask2D/RectTransformPosition.cs - Importer: ScriptedImporter/UnityEditor.QuickSearchModule:UnityEditor.Search:ASIAI0B
Importing 'GUID: fb660d86885d89a499a31c6ab6f26269 - Path: Packages/com.unity.ugui/Tests/Editor/UGUI/RectMask2D/RectTransformPosition.cs - Importer: ScriptedImporter/UnityEditor.QuickSearchModule:UnityEditor.Search:ASIAI0B' with importer (ScriptedImporter : UnityEditor.QuickSearchModule:UnityEditor.Search:ASIAI0B)
Imported 'GUID: fb660d86885d89a499a31c6ab6f26269' -> (Import Result ID: '080ce6b4f356657a258a0b957db50f13') in 0.002 seconds [static and dynamic dependencies]. Details - ImportResultOutputID=fe0539bb794b1e06063a29f5b5da3dd6 DependenciesID=06a4d833062a8d2268259c3fbf150b94 StaticDependenciesID=a765ad01724f686fdceca490382fb14f 
Number of updated asset objects reloaded before import = 0
Number of asset objects unloaded after import = 0
========================================================================
Received Import Request.
  Time of request: 2026-09-22T00:46:10.861839Z
  Time since last request: 0.000855667 seconds.
  importAddress: GUID: 006633c8a6f4ae94aa9babf72234e1a2 - Path: Packages/com.unity.ugui/Runtime/UGUI/UI/Core/Layout/LayoutRebuilder.cs - Importer: ScriptedImporter/UnityEditor.QuickSearchModule:UnityEditor.Search:ASIAI0B
Importing 'GUID: 006633c8a6f4ae94aa9babf72234e1a2 - Path: Packages/com.unity.ugui/Runtime/UGUI/UI/Core/Layout/LayoutRebuilder.cs - Importer: ScriptedImporter/UnityEditor.QuickSearchModule:UnityEditor.Search:ASIAI0B' with importer (ScriptedImporter : UnityEditor.QuickSearchModule:UnityEditor.Search:ASIAI0B)
Imported 'GUID: 006633c8a6f4ae94aa9babf72234e1a2' -> (Import Result ID: 'a7046b28a44de4e681123ce53093314f') in 0.002 seconds [static and dynamic dependencies]. Details - ImportResultOutputID=2ec4d08787d381c5e51d6182774dbef0 DependenciesID=59e71b6947fe5f5262811f2c61b9d49c StaticDependenciesID=04f751e879d22da18878ca6678d0dc01 
Number of updated asset objects reloaded before import = 0
Number of asset objects unloaded after import = 0
========================================================================
Received Import Request.
  Time of request: 2026-09-22T00:46:10.865594Z
  Time since last request: 0.0011255 seconds.
  importAddress: GUID: 977190a4db46de442aed27279d247df4 - Path: Packages/com.unity.ugui/Tests/Editor/UGUI/UnityEvent/UnityEventInvoke.cs - Importer: ScriptedImporter/UnityEditor.QuickSearchModule:UnityEditor.Search:ASIAI0B
Importing 'GUID: 977190a4db46de442aed27279d247df4 - Path: Packages/com.unity.ugui/Tests/Editor/UGUI/UnityEvent/UnityEventInvoke.cs - Importer: ScriptedImporter/UnityEditor.QuickSearchModule:UnityEditor.Search:ASIAI0B' with importer (ScriptedImporter : UnityEditor.QuickSearchModule:UnityEditor.Search:ASIAI0B)
Imported 'GUID: 977190a4db46de442aed27279d247df4' -> (Import Result ID: '10e84737559fb6bd6759233312ade7db') in 0.004 seconds [static and dynamic dependencies]. Details - ImportResultOutputID=de5b02d198b12018befe1df787f25af2 DependenciesID=e6d9415fb61b5c668f9184ca5828a0bc StaticDependenciesID=a73248bf1c74ec9f7995e16d246243ea 
Number of updated asset objects reloaded before import = 0
Number of asset objects unloaded after import = 0
========================================================================
Received Import Request.
  Time of request: 2026-09-22T00:46:10.870532Z
  Time since last request: 0.000781625 seconds.
  importAddress: GUID: 3371106faf8d06f47a73979a3c8d82a1 - Path: Packages/com.unity.ugui/Tests/Runtime/UGUI/InputField/InputFieldTests.cs - Importer: ScriptedImporter/UnityEditor.QuickSearchModule:UnityEditor.Search:ASIAI0B
Importing 'GUID: 3371106faf8d06f47a73979a3c8d82a1 - Path: Packages/com.unity.ugui/Tests/Runtime/UGUI/InputField/InputFieldTests.cs - Importer: ScriptedImporter/UnityEditor.QuickSearchModule:UnityEditor.Search:ASIAI0B' with importer (ScriptedImporter : UnityEditor.QuickSearchModule:UnityEditor.Search:ASIAI0B)
Imported 'GUID: 3371106faf8d06f47a73979a3c8d82a1' -> (Import Result ID: '4c8ee121920758fb03e54bf5a87ecd08') in 0.002 seconds [static and dynamic dependencies]. Details - ImportResultOutputID=6b60b3de73d9ef44aa92aeedb99a490d DependenciesID=0a4d41516935d4b1089a2fa8272ec201 StaticDependenciesID=9b9258ee62a0b33ee3d589a344116825 
Number of updated asset objects reloaded before import = 0
Number of asset objects unloaded after import = 0
========================================================================
Received Import Request.
  Time of request: 2026-09-22T00:46:10.877223Z
  Time since last request: 0.004113625 seconds.
  importAddress: GUID: dcb49b07db5e5f64e876b498105314f1 - Path: Packages/com.unity.ugui/Tests/Editor/UGUI/CanvasRenderer/ParentCanvasIsSane.cs - Importer: ScriptedImporter/UnityEditor.QuickSearchModule:UnityEditor.Search:ASIAI0B
Importing 'GUID: dcb49b07db5e5f64e876b498105314f1 - Path: Packages/com.unity.ugui/Tests/Editor/UGUI/CanvasRenderer/ParentCanvasIsSane.cs - Importer: ScriptedImporter/UnityEditor.QuickSearchModule:UnityEditor.Search:ASIAI0B' with importer (ScriptedImporter : UnityEditor.QuickSearchModule:UnityEditor.Search:ASIAI0B)
Imported 'GUID: dcb49b07db5e5f64e876b498105314f1' -> (Import Result ID: '116d85f21b71f8c92c81caab70580b7f') in 0.003 seconds [static and dynamic dependencies]. Details - ImportResultOutputID=99a273ad209c28cfb1b4f4be607a90dd DependenciesID=3a7f68b020d7df27cfd18e2fbca8237a StaticDependenciesID=b75c1a4b2ec56d2aa6226a4c407c3a9b 
Number of updated asset objects reloaded before import = 0
Number of asset objects unloaded after import = 0
========================================================================
Received Import Request.
  Time of request: 2026-09-22T00:46:10.895743Z
  Time since last request: 0.015638959 seconds.
  importAddress: GUID: 43b111c4a445f446abd2c02e77750ff5 - Path: Packages/com.unity.ugui/Runtime/InternalBridge/Unity.InternalAPIEngineBridge.004.asmdef - Importer: ScriptedImporter/UnityEditor.QuickSearchModule:UnityEditor.Search:ASIAI0B
Importing 'GUID: 43b111c4a445f446abd2c02e77750ff5 - Path: Packages/com.unity.ugui/Runtime/InternalBridge/Unity.InternalAPIEngineBridge.004.asmdef - Importer: ScriptedImporter/UnityEditor.QuickSearchModule:UnityEditor.Search:ASIAI0B' with importer (ScriptedImporter : UnityEditor.QuickSearchModule:UnityEditor.Search:ASIAI0B)
Imported 'GUID: 43b111c4a445f446abd2c02e77750ff5' -> (Import Result ID: '0f207ccf16193e264ec952b434887a37') in 0.005 seconds [static and dynamic dependencies]. Details - ImportResultOutputID=0a303c6b782728399421a589ffe86643 DependenciesID=63a698388928b9c2654b223eadcf733b StaticDependenciesID=865bbee524988b7966ef8b7acbcc97c8 
Number of updated asset objects reloaded before import = 0
Number of asset objects unloaded after import = 1
========================================================================
Received Import Request.
  Time of request: 2026-09-22T00:46:10.905436Z
  Time since last request: 0.004208042 seconds.
  importAddress: GUID: cd9c8fc1c8d64d54ab1e22aae9678d84 - Path: Packages/com.unity.ugui/Tests/Editor/Common - Importer: ScriptedImporter/UnityEditor.QuickSearchModule:UnityEditor.Search:ASIAI0B
Importing 'GUID: cd9c8fc1c8d64d54ab1e22aae9678d84 - Path: Packages/com.unity.ugui/Tests/Editor/Common - Importer: ScriptedImporter/UnityEditor.QuickSearchModule:UnityEditor.Search:ASIAI0B' with importer (ScriptedImporter : UnityEditor.QuickSearchModule:UnityEditor.Search:ASIAI0B)
Imported 'GUID: cd9c8fc1c8d64d54ab1e22aae9678d84' -> (Import Result ID: '801c2dffa97c88cdb44ee685bcd2698a') in 0.006 seconds [static and dynamic dependencies]. Details - ImportResultOutputID=586bb521714d2c607545082bc5ee5470 DependenciesID=d214a95098154ed7bd54a0a2869c22c1 StaticDependenciesID=e2394bbcdec17e4a1ab19986648a3608 
Number of updated asset objects reloaded before import = 0
Number of asset objects unloaded after import = 1
========================================================================
Received Import Request.
  Time of request: 2026-09-22T00:46:10.912591Z
  Time since last request: 0.001315667 seconds.
  importAddress: GUID: 326e2b1b31fc06d4fa884c803b27b46a - Path: Packages/com.unity.ugui/Runtime/TMP/FontFeatureCommon.cs - Importer: ScriptedImporter/UnityEditor.QuickSearchModule:UnityEditor.Search:ASIAI0B
Importing 'GUID: 326e2b1b31fc06d4fa884c803b27b46a - Path: Packages/com.unity.ugui/Runtime/TMP/FontFeatureCommon.cs - Importer: ScriptedImporter/UnityEditor.QuickSearchModule:UnityEditor.Search:ASIAI0B' with importer (ScriptedImporter : UnityEditor.QuickSearchModule:UnityEditor.Search:ASIAI0B)
Imported 'GUID: 326e2b1b31fc06d4fa884c803b27b46a' -> (Import Result ID: '9dd0e6c5a1085eeb921f87e0546034bd') in 0.003 seconds [static and dynamic dependencies]. Details - ImportResultOutputID=45317acd19804e45ac2bfa65cadef06b DependenciesID=fbfb8458e516c65b55628591146ccc69 StaticDependenciesID=3720dbea317fce2bcd4b7c4341977c83 
Number of updated asset objects reloaded before import = 0
Number of asset objects unloaded after import = 0
========================================================================
Received Import Request.
  Time of request: 2026-09-22T00:46:10.922398Z
  Time since last request: 0.006437167 seconds.
  importAddress: GUID: a5c214e5846a99242b348c37e49b2f59 - Path: Packages/com.unity.ugui/Runtime/UGUI/UI/Core/Layout/HorizontalOrVerticalLayoutGroup.cs - Importer: ScriptedImporter/UnityEditor.QuickSearchModule:UnityEditor.Search:ASIAI0B
Importing 'GUID: a5c214e5846a99242b348c37e49b2f59 - Path: Packages/com.unity.ugui/Runtime/UGUI/UI/Core/Layout/HorizontalOrVerticalLayoutGroup.cs - Importer: ScriptedImporter/UnityEditor.QuickSearchModule:UnityEditor.Search:ASIAI0B' with importer (ScriptedImporter : UnityEditor.QuickSearchModule:UnityEditor.Search:ASIAI0B)
Imported 'GUID: a5c214e5846a99242b348c37e49b2f59' -> (Import Result ID: '1fb9130dbc4d2313c25b74bda3eb167a') in 0.006 seconds [static and dynamic dependencies]. Details - ImportResultOutputID=0b350fae96b1cb8370a5e904b72b9afc DependenciesID=8bfaf51bbf587659ce25ce24aac3d55b StaticDependenciesID=a4a24f102ecf6a3a7888bd00949bf3ef 
Number of updated asset objects reloaded before import = 0
Number of asset objects unloaded after import = 0
========================================================================
Received Import Request.
  Time of request: 2026-09-22T00:46:10.933965Z
  Time since last request: 0.003038791 seconds.
  importAddress: GUID: 5472815444de2ce45bf2053a4af04b9d - Path: Packages/com.unity.ugui/Runtime/UGUI/UI/Animation - Importer: ScriptedImporter/UnityEditor.QuickSearchModule:UnityEditor.Search:ASIAI0B
Importing 'GUID: 5472815444de2ce45bf2053a4af04b9d - Path: Packages/com.unity.ugui/Runtime/UGUI/UI/Animation - Importer: ScriptedImporter/UnityEditor.QuickSearchModule:UnityEditor.Search:ASIAI0B' with importer (ScriptedImporter : UnityEditor.QuickSearchModule:UnityEditor.Search:ASIAI0B)
Imported 'GUID: 5472815444de2ce45bf2053a4af04b9d' -> (Import Result ID: '892729e7682492340480880cdd84c3b0') in 0.005 seconds [static and dynamic dependencies]. Details - ImportResultOutputID=89ad41bd6b7f1e08a1da272c9ec073a4 DependenciesID=e6cdc9524d1bf6851cabbfbc7476a9a2 StaticDependenciesID=05aa3bc3c9911eb983b128941d7ed215 
Number of updated asset objects reloaded before import = 0
Number of asset objects unloaded after import = 1
========================================================================
Received Import Request.
  Time of request: 2026-09-22T00:46:10.941221Z
  Time since last request: 0.00165175 seconds.
  importAddress: GUID: 69e3979b7029e8a4da2d96b714ba5c3a - Path: Packages/com.unity.ugui/Runtime/UGUI/UI/Core/GraphicRegistry.cs - Importer: ScriptedImporter/UnityEditor.QuickSearchModule:UnityEditor.Search:ASIAI0B
Importing 'GUID: 69e3979b7029e8a4da2d96b714ba5c3a - Path: Packages/com.unity.ugui/Runtime/UGUI/UI/Core/GraphicRegistry.cs - Importer: ScriptedImporter/UnityEditor.QuickSearchModule:UnityEditor.Search:ASIAI0B' with importer (ScriptedImporter : UnityEditor.QuickSearchModule:UnityEditor.Search:ASIAI0B)
Imported 'GUID: 69e3979b7029e8a4da2d96b714ba5c3a' -> (Import Result ID: 'f0e48f863b37ddea92b77ab142533969') in 0.004 seconds [static and dynamic dependencies]. Details - ImportResultOutputID=015107c6c4b1f836823a2f231b3ca076 DependenciesID=22da83a943fa943381ea3f22378a8e9a StaticDependenciesID=70eeca8c487beea3c7ec7a62c208602f 
Number of updated asset objects reloaded before import = 0
Number of asset objects unloaded after import = 0
========================================================================
Received Import Request.
  Time of request: 2026-09-22T00:46:10.945676Z
  Time since last request: 0.000658708 seconds.
  importAddress: GUID: 1ef2923b9c5521948a04299da53ae750 - Path: Packages/com.unity.ugui/Tests/Runtime/UGUI/Button/ButtonTests.cs - Importer: ScriptedImporter/UnityEditor.QuickSearchModule:UnityEditor.Search:ASIAI0B
Importing 'GUID: 1ef2923b9c5521948a04299da53ae750 - Path: Packages/com.unity.ugui/Tests/Runtime/UGUI/Button/ButtonTests.cs - Importer: ScriptedImporter/UnityEditor.QuickSearchModule:UnityEditor.Search:ASIAI0B' with importer (ScriptedImporter : UnityEditor.QuickSearchModule:UnityEditor.Search:ASIAI0B)
Imported 'GUID: 1ef2923b9c5521948a04299da53ae750' -> (Import Result ID: '094560c0673c8146918d8653ffb750d7') in 0.003 seconds [static and dynamic dependencies]. Details - ImportResultOutputID=8cd1511045ed7e2fb56adc82009ef2ae DependenciesID=4b1c27e3dc83256c35eea0f4d32b1caa StaticDependenciesID=743d4cc9113f00fa90f17f27e812c655 
Number of updated asset objects reloaded before import = 0
Number of asset objects unloaded after import = 0
========================================================================
Received Import Request.
  Time of request: 2026-09-22T00:46:10.951909Z
  Time since last request: 0.003159333 seconds.
  importAddress: GUID: c32df609537c54c46adf92992a673693 - Path: Packages/com.unity.ugui/Tests/Runtime/UGUI/Canvas/SiblingOrderChangesLayout.cs - Importer: ScriptedImporter/UnityEditor.QuickSearchModule:UnityEditor.Search:ASIAI0B
Importing 'GUID: c32df609537c54c46adf92992a673693 - Path: Packages/com.unity.ugui/Tests/Runtime/UGUI/Canvas/SiblingOrderChangesLayout.cs - Importer: ScriptedImporter/UnityEditor.QuickSearchModule:UnityEditor.Search:ASIAI0B' with importer (ScriptedImporter : UnityEditor.QuickSearchModule:UnityEditor.Search:ASIAI0B)
Imported 'GUID: c32df609537c54c46adf92992a673693' -> (Import Result ID: 'c7038a5293199987ff3d2415a06a274d') in 0.005 seconds [static and dynamic dependencies]. Details - ImportResultOutputID=b05a4856cf6383b05703fa6d79af12fb DependenciesID=9aac4c1605d6fba095bf2f931a00a9f8 StaticDependenciesID=a61834498256296ad3bc88d7eb32c8e0 
Number of updated asset objects reloaded before import = 0
Number of asset objects unloaded after import = 0
========================================================================
Received Import Request.
  Time of request: 2026-09-22T00:46:10.959708Z
  Time since last request: 0.002649541 seconds.
  importAddress: GUID: 0aaa057ce5566e940b18a0ccd0344693 - Path: Packages/com.unity.ugui/Runtime/UGUI/EventSystem/UIBehaviour.cs - Importer: ScriptedImporter/UnityEditor.QuickSearchModule:UnityEditor.Search:ASIAI0B
Importing 'GUID: 0aaa057ce5566e940b18a0ccd0344693 - Path: Packages/com.unity.ugui/Runtime/UGUI/EventSystem/UIBehaviour.cs - Importer: ScriptedImporter/UnityEditor.QuickSearchModule:UnityEditor.Search:ASIAI0B' with importer (ScriptedImporter : UnityEditor.QuickSearchModule:UnityEditor.Search:ASIAI0B)
Imported 'GUID: 0aaa057ce5566e940b18a0ccd0344693' -> (Import Result ID: 'f1f1a14fe823b9cb7cc1817498e68a6c') in 0.004 seconds [static and dynamic dependencies]. Details - ImportResultOutputID=634a3a6c6d163d125851f7bf2ed7bb18 DependenciesID=706ef0a9ee3f407149418c36e9d367ad StaticDependenciesID=9cc1db473b48bd6595a4688a9e49996a 
Number of updated asset objects reloaded before import = 0
Number of asset objects unloaded after import = 0
========================================================================
Received Import Request.
  Time of request: 2026-09-22T00:46:10.964861Z
  Time since last request: 0.001389917 seconds.
  importAddress: GUID: 621a76c0c3927aa45aba7d2ad0c8e1c8 - Path: Packages/com.unity.ugui/Tests/Runtime/UGUI/Util/GraphicTestHelper.cs - Importer: ScriptedImporter/UnityEditor.QuickSearchModule:UnityEditor.Search:ASIAI0B
Importing 'GUID: 621a76c0c3927aa45aba7d2ad0c8e1c8 - Path: Packages/com.unity.ugui/Tests/Runtime/UGUI/Util/GraphicTestHelper.cs - Importer: ScriptedImporter/UnityEditor.QuickSearchModule:UnityEditor.Search:ASIAI0B' with importer (ScriptedImporter : UnityEditor.QuickSearchModule:UnityEditor.Search:ASIAI0B)
Imported 'GUID: 621a76c0c3927aa45aba7d2ad0c8e1c8' -> (Import Result ID: '0aaf2c83116ff2b4d7d9f52cabfbb06d') in 0.004 seconds [static and dynamic dependencies]. Details - ImportResultOutputID=14f33c39ef38708fb5b1a15b6f7129bf DependenciesID=0dfc87283a81023bfb8437471402e0cb StaticDependenciesID=c0fbafc7b2d24594a4c329fa1d79f4c9 
Number of updated asset objects reloaded before import = 0
Number of asset objects unloaded after import = 0
========================================================================
Received Import Request.
  Time of request: 2026-09-22T00:46:10.97114Z
  Time since last request: 0.001570209 seconds.
  importAddress: GUID: 6dbcf248c987476181a37f01a1814975 - Path: Packages/com.unity.ugui/Editor/TMP/TMP_DropdownEditor.cs - Importer: ScriptedImporter/UnityEditor.QuickSearchModule:UnityEditor.Search:ASIAI0B
Importing 'GUID: 6dbcf248c987476181a37f01a1814975 - Path: Packages/com.unity.ugui/Editor/TMP/TMP_DropdownEditor.cs - Importer: ScriptedImporter/UnityEditor.QuickSearchModule:UnityEditor.Search:ASIAI0B' with importer (ScriptedImporter : UnityEditor.QuickSearchModule:UnityEditor.Search:ASIAI0B)
Imported 'GUID: 6dbcf248c987476181a37f01a1814975' -> (Import Result ID: '33575eda5fcce81f13e354621501fdef') in 0.005 seconds [static and dynamic dependencies]. Details - ImportResultOutputID=2f066f3de92ab50380dde7c89be26e2b DependenciesID=9963c5d3221c82bcd17be76a71a6fb7f StaticDependenciesID=0abc89e272c07def68b743c72687714d 
Number of updated asset objects reloaded before import = 0
Number of asset objects unloaded after import = 0
========================================================================
Received Import Request.
  Time of request: 2026-09-22T00:46:10.976797Z
  Time since last request: 0.00078075 seconds.
  importAddress: GUID: 90fe1c65e6bb3bc4e90862df7297719e - Path: Packages/com.unity.ugui/Runtime/TMP/TMP_CharacterInfo.cs - Importer: ScriptedImporter/UnityEditor.QuickSearchModule:UnityEditor.Search:ASIAI0B
Importing 'GUID: 90fe1c65e6bb3bc4e90862df7297719e - Path: Packages/com.unity.ugui/Runtime/TMP/TMP_CharacterInfo.cs - Importer: ScriptedImporter/UnityEditor.QuickSearchModule:UnityEditor.Search:ASIAI0B' with importer (ScriptedImporter : UnityEditor.QuickSearchModule:UnityEditor.Search:ASIAI0B)
Imported 'GUID: 90fe1c65e6bb3bc4e90862df7297719e' -> (Import Result ID: '569775282021533efa67ef732d6cf93c') in 0.003 seconds [static and dynamic dependencies]. Details - ImportResultOutputID=f2440d520ae9fc907ffce381d2148110 DependenciesID=38a67499317e239ca838eba2287def83 StaticDependenciesID=38da3b65a35e5ac56143419bd0f67bd7 
Number of updated asset objects reloaded before import = 0
Number of asset objects unloaded after import = 0
========================================================================
Received Import Request.
  Time of request: 2026-09-22T00:46:10.980779Z
  Time since last request: 0.000831584 seconds.
  importAddress: GUID: ceb629fc661813d40986b4abbefe72c6 - Path: Packages/com.unity.ugui/Runtime/UGUI/UI/Core/IMask.cs - Importer: ScriptedImporter/UnityEditor.QuickSearchModule:UnityEditor.Search:ASIAI0B
Importing 'GUID: ceb629fc661813d40986b4abbefe72c6 - Path: Packages/com.unity.ugui/Runtime/UGUI/UI/Core/IMask.cs - Importer: ScriptedImporter/UnityEditor.QuickSearchModule:UnityEditor.Search:ASIAI0B' with importer (ScriptedImporter : UnityEditor.QuickSearchModule:UnityEditor.Search:ASIAI0B)
Imported 'GUID: ceb629fc661813d40986b4abbefe72c6' -> (Import Result ID: '38bcd443f41f41368036485fc71f5172') in 0.008 seconds [static and dynamic dependencies]. Details - ImportResultOutputID=8840c03bb398c9086c00b63724f2285b DependenciesID=b58183c4a71fee9c8cf491b578d79f4a StaticDependenciesID=3213bf81fdd5f5e48d671bf9eeec9c92 
Number of updated asset objects reloaded before import = 0
Number of asset objects unloaded after import = 0
========================================================================
Received Import Request.
  Time of request: 2026-09-22T00:46:10.992455Z
  Time since last request: 0.00335375 seconds.
  importAddress: GUID: df1ba932d4ce4534e97a0f10c85cd3c9 - Path: Packages/com.unity.ugui/Tests/Runtime/UGUI/Canvas/CanvasSizeCorrectInAwakeAndStartScript.cs - Importer: ScriptedImporter/UnityEditor.QuickSearchModule:UnityEditor.Search:ASIAI0B
Importing 'GUID: df1ba932d4ce4534e97a0f10c85cd3c9 - Path: Packages/com.unity.ugui/Tests/Runtime/UGUI/Canvas/CanvasSizeCorrectInAwakeAndStartScript.cs - Importer: ScriptedImporter/UnityEditor.QuickSearchModule:UnityEditor.Search:ASIAI0B' with importer (ScriptedImporter : UnityEditor.QuickSearchModule:UnityEditor.Search:ASIAI0B)
Imported 'GUID: df1ba932d4ce4534e97a0f10c85cd3c9' -> (Import Result ID: '517d5f87681848f4e048e3c3836793f1') in 0.003 seconds [static and dynamic dependencies]. Details - ImportResultOutputID=f10339633df56aac666ade6ce35340ea DependenciesID=a293c6576313513ce27cc9eabeaa02d3 StaticDependenciesID=a01d9fad14157ac4c142277dc9bc90cf 
Number of updated asset objects reloaded before import = 0
Number of asset objects unloaded after import = 0
========================================================================
Received Import Request.
  Time of request: 2026-09-22T00:46:10.997507Z
  Time since last request: 0.002293417 seconds.
  importAddress: GUID: db7dd43fe1278a9459cd6036f096b91d - Path: Packages/com.unity.ugui/Runtime/UGUI/EventSystem/EventHandle.cs - Importer: ScriptedImporter/UnityEditor.QuickSearchModule:UnityEditor.Search:ASIAI0B
Importing 'GUID: db7dd43fe1278a9459cd6036f096b91d - Path: Packages/com.unity.ugui/Runtime/UGUI/EventSystem/EventHandle.cs - Importer: ScriptedImporter/UnityEditor.QuickSearchModule:UnityEditor.Search:ASIAI0B' with importer (ScriptedImporter : UnityEditor.QuickSearchModule:UnityEditor.Search:ASIAI0B)
Imported 'GUID: db7dd43fe1278a9459cd6036f096b91d' -> (Import Result ID: '92a6052951e551fd65679dfc71ae8d2e') in 0.007 seconds [static and dynamic dependencies]. Details - ImportResultOutputID=ec4e96ee852f47be81709d72fafca439 DependenciesID=f407e3f3d2c9e10001fe362f85e1d1ab StaticDependenciesID=2c32e1c378509fc7942891d803029f90 
Number of updated asset objects reloaded before import = 0
Number of asset objects unloaded after import = 0
========================================================================
Received Import Request.
  Time of request: 2026-09-22T00:46:11.006311Z
  Time since last request: 0.001804208 seconds.
  importAddress: GUID: 7496af95dfe67cf429ac65edaaf99106 - Path: Packages/com.unity.ugui/Editor/TMP/TMP_FontAsset_CreationMenu.cs - Importer: ScriptedImporter/UnityEditor.QuickSearchModule:UnityEditor.Search:ASIAI0B
Importing 'GUID: 7496af95dfe67cf429ac65edaaf99106 - Path: Packages/com.unity.ugui/Editor/TMP/TMP_FontAsset_CreationMenu.cs - Importer: ScriptedImporter/UnityEditor.QuickSearchModule:UnityEditor.Search:ASIAI0B' with importer (ScriptedImporter : UnityEditor.QuickSearchModule:UnityEditor.Search:ASIAI0B)
Imported 'GUID: 7496af95dfe67cf429ac65edaaf99106' -> (Import Result ID: 'b0d378ce503d6220f57f343026d33b5a') in 0.004 seconds [static and dynamic dependencies]. Details - ImportResultOutputID=42dafa28ae1211e389ee9135a4336c35 DependenciesID=ae8e5fda1285e0958d1138572cb60bc6 StaticDependenciesID=735f3c4253f1466af667c36f1a187492 
Number of updated asset objects reloaded before import = 0
Number of asset objects unloaded after import = 0
========================================================================
Received Import Request.
  Time of request: 2026-09-22T00:46:11.018774Z
  Time since last request: 0.008686208 seconds.
  importAddress: GUID: 4ae64f3f72004807a9f919f9c27af0db - Path: Packages/com.unity.ugui/Runtime/TMP/TMP_TextInfo.cs - Importer: ScriptedImporter/UnityEditor.QuickSearchModule:UnityEditor.Search:ASIAI0B
Importing 'GUID: 4ae64f3f72004807a9f919f9c27af0db - Path: Packages/com.unity.ugui/Runtime/TMP/TMP_TextInfo.cs - Importer: ScriptedImporter/UnityEditor.QuickSearchModule:UnityEditor.Search:ASIAI0B' with importer (ScriptedImporter : UnityEditor.QuickSearchModule:UnityEditor.Search:ASIAI0B)
Imported 'GUID: 4ae64f3f72004807a9f919f9c27af0db' -> (Import Result ID: '73e1de610c5ffb22eece5b3d975a78d2') in 0.003 seconds [static and dynamic dependencies]. Details - ImportResultOutputID=09b9ad538a9e3b1f2348b915df10e34c DependenciesID=3f80063f8e93422da5604e1d930e7e9b StaticDependenciesID=a1720824aa9301a594c2058fcefb5d15 
Number of updated asset objects reloaded before import = 0
Number of asset objects unloaded after import = 0
========================================================================
Received Import Request.
  Time of request: 2026-09-22T00:46:11.022762Z
  Time since last request: 0.000594417 seconds.
  importAddress: GUID: 2300e75732d74890b38a8ff257a3ae15 - Path: Packages/com.unity.ugui/Editor/TMP/TMP_EditorUtility.cs - Importer: ScriptedImporter/UnityEditor.QuickSearchModule:UnityEditor.Search:ASIAI0B
Importing 'GUID: 2300e75732d74890b38a8ff257a3ae15 - Path: Packages/com.unity.ugui/Editor/TMP/TMP_EditorUtility.cs - Importer: ScriptedImporter/UnityEditor.QuickSearchModule:UnityEditor.Search:ASIAI0B' with importer (ScriptedImporter : UnityEditor.QuickSearchModule:UnityEditor.Search:ASIAI0B)
Imported 'GUID: 2300e75732d74890b38a8ff257a3ae15' -> (Import Result ID: '5aeded625114f3b807fc4cb190524e79') in 0.004 seconds [static and dynamic dependencies]. Details - ImportResultOutputID=eb8e41d630555b5a493d6e29efc6c47e DependenciesID=f29fefa1f3e3d6eb79a0f4b0f3f7952e StaticDependenciesID=45722a609ecf2891880adcd3e47b4eda 
Number of updated asset objects reloaded before import = 0
Number of asset objects unloaded after import = 0
========================================================================
Received Import Request.
  Time of request: 2026-09-22T00:46:11.027138Z
  Time since last request: 0.000600417 seconds.
  importAddress: GUID: 798968d841703b54bb9d08b1da6bc52f - Path: Packages/com.unity.ugui/Tests/Editor/UGUI/Canvas/RootCanvasTests.cs - Importer: ScriptedImporter/UnityEditor.QuickSearchModule:UnityEditor.Search:ASIAI0B
Importing 'GUID: 798968d841703b54bb9d08b1da6bc52f - Path: Packages/com.unity.ugui/Tests/Editor/UGUI/Canvas/RootCanvasTests.cs - Importer: ScriptedImporter/UnityEditor.QuickSearchModule:UnityEditor.Search:ASIAI0B' with importer (ScriptedImporter : UnityEditor.QuickSearchModule:UnityEditor.Search:ASIAI0B)
Imported 'GUID: 798968d841703b54bb9d08b1da6bc52f' -> (Import Result ID: '9b652897e658bcef6b09c42f602bb7ab') in 0.004 seconds [static and dynamic dependencies]. Details - ImportResultOutputID=2707831222a97b2d54822fb77c8f601f DependenciesID=a7c45f55a50fc7161df18ff33261e2da StaticDependenciesID=e75b6742651ec147c7bf66916e47da2a 
Number of updated asset objects reloaded before import = 0
Number of asset objects unloaded after import = 0
========================================================================
Received Import Request.
  Time of request: 2026-09-22T00:46:11.032169Z
  Time since last request: 0.001351375 seconds.
  importAddress: GUID: 585b70cb75dd43efbfead809c30a1731 - Path: Packages/com.unity.ugui/Editor Resources/Textures/btn_AlignBottom_Light.psd - Importer: ScriptedImporter/UnityEditor.QuickSearchModule:UnityEditor.Search:ASIAI0B
Importing 'GUID: 585b70cb75dd43efbfead809c30a1731 - Path: Packages/com.unity.ugui/Editor Resources/Textures/btn_AlignBottom_Light.psd - Importer: ScriptedImporter/UnityEditor.QuickSearchModule:UnityEditor.Search:ASIAI0B' with importer (ScriptedImporter : UnityEditor.QuickSearchModule:UnityEditor.Search:ASIAI0B)
Imported 'GUID: 585b70cb75dd43efbfead809c30a1731' -> (Import Result ID: 'fc27b0b8bbab0bf3776bcbd3fd10a1b5') in 0.013 seconds [static and dynamic dependencies]. Details - ImportResultOutputID=2a50ae1bd6fe4399d7ef5ff7a94491cb DependenciesID=fc2cd45b33fd75d6121f322ae71b2cbe StaticDependenciesID=554f12958a2e836096d80c45f9778873 
Number of updated asset objects reloaded before import = 0
Number of asset objects unloaded after import = 1
========================================================================
Received Import Request.
  Time of request: 2026-09-22T00:46:11.047219Z
  Time since last request: 0.001567291 seconds.
  importAddress: GUID: 24333a116497b144f9782b1160984b57 - Path: Packages/com.unity.ugui/Tests/Editor/UGUI/UI/PropertyDrawers - Importer: ScriptedImporter/UnityEditor.QuickSearchModule:UnityEditor.Search:ASIAI0B
Importing 'GUID: 24333a116497b144f9782b1160984b57 - Path: Packages/com.unity.ugui/Tests/Editor/UGUI/UI/PropertyDrawers - Importer: ScriptedImporter/UnityEditor.QuickSearchModule:UnityEditor.Search:ASIAI0B' with importer (ScriptedImporter : UnityEditor.QuickSearchModule:UnityEditor.Search:ASIAI0B)
Imported 'GUID: 24333a116497b144f9782b1160984b57' -> (Import Result ID: '3992434f4f0d77fce111650c92eba53b') in 0.007 seconds [static and dynamic dependencies]. Details - ImportResultOutputID=42df259af4f53cf59eea2b8cf624e495 DependenciesID=b9f86232d04b9dad5a0171642f3d9310 StaticDependenciesID=2cc196dcd8c3fa710e7dbe5a4d64e1fa 
Number of updated asset objects reloaded before import = 0
Number of asset objects unloaded after import = 1
========================================================================
Received Import Request.
  Time of request: 2026-09-22T00:46:11.069801Z
  Time since last request: 0.015011541 seconds.
  importAddress: GUID: 342a0f8aca7f4f0691338912faec0494 - Path: Packages/com.unity.ugui/Editor Resources/Textures/btn_AlignRight.psd - Importer: ScriptedImporter/UnityEditor.QuickSearchModule:UnityEditor.Search:ASIAI0B
Importing 'GUID: 342a0f8aca7f4f0691338912faec0494 - Path: Packages/com.unity.ugui/Editor Resources/Textures/btn_AlignRight.psd - Importer: ScriptedImporter/UnityEditor.QuickSearchModule:UnityEditor.Search:ASIAI0B' with importer (ScriptedImporter : UnityEditor.QuickSearchModule:UnityEditor.Search:ASIAI0B)
Imported 'GUID: 342a0f8aca7f4f0691338912faec0494' -> (Import Result ID: 'e40875d449cb37c3199d289ebb450119') in 0.010 seconds [static and dynamic dependencies]. Details - ImportResultOutputID=fdf48ed045a886a133e08471da201a99 DependenciesID=16c95356b11a870721e8cd003b75bc83 StaticDependenciesID=cce63a52cd0f252b679c750e1d2f9067 
Number of updated asset objects reloaded before import = 0
Number of asset objects unloaded after import = 1
========================================================================
Received Import Request.
  Time of request: 2026-09-22T00:46:11.080411Z
  Time since last request: 0.000749667 seconds.
  importAddress: GUID: 10d1425d9e87841d9a9deafe9e93a6f2 - Path: Packages/com.unity.ugui/Editor/TMP - Importer: ScriptedImporter/UnityEditor.QuickSearchModule:UnityEditor.Search:ASIAI0B
Importing 'GUID: 10d1425d9e87841d9a9deafe9e93a6f2 - Path: Packages/com.unity.ugui/Editor/TMP - Importer: ScriptedImporter/UnityEditor.QuickSearchModule:UnityEditor.Search:ASIAI0B' with importer (ScriptedImporter : UnityEditor.QuickSearchModule:UnityEditor.Search:ASIAI0B)
Imported 'GUID: 10d1425d9e87841d9a9deafe9e93a6f2' -> (Import Result ID: '44bf79e6348581cb13ae066274239e37') in 0.007 seconds [static and dynamic dependencies]. Details - ImportResultOutputID=09856d9fd197d4b3677c5059714ef9fb DependenciesID=15b20d13397d55fd1f95b2101772d18a StaticDependenciesID=a529e18e2e772652f0cb4a79a7195915 
Number of updated asset objects reloaded before import = 0
Number of asset objects unloaded after import = 1
========================================================================
Received Import Request.
  Time of request: 2026-09-22T00:46:11.088524Z
  Time since last request: 0.001178125 seconds.
  importAddress: GUID: f525580684527b147b70cf94aaa70dbc - Path: Packages/com.unity.ugui/Editor/UGUI/EventSystem - Importer: ScriptedImporter/UnityEditor.QuickSearchModule:UnityEditor.Search:ASIAI0B
Importing 'GUID: f525580684527b147b70cf94aaa70dbc - Path: Packages/com.unity.ugui/Editor/UGUI/EventSystem - Importer: ScriptedImporter/UnityEditor.QuickSearchModule:UnityEditor.Search:ASIAI0B' with importer (ScriptedImporter : UnityEditor.QuickSearchModule:UnityEditor.Search:ASIAI0B)
Imported 'GUID: f525580684527b147b70cf94aaa70dbc' -> (Import Result ID: '603958fcd0c2bb3e83e93858d5f0b187') in 0.003 seconds [static and dynamic dependencies]. Details - ImportResultOutputID=6ce814ee7d7439e33ec37091b6b7e6ef DependenciesID=14404f54b6c9378126218e4706bccdcf StaticDependenciesID=bcd293668b4e98bf8ae25c5cc9f487b1 
Number of updated asset objects reloaded before import = 0
Number of asset objects unloaded after import = 1
========================================================================
Received Import Request.
  Time of request: 2026-09-22T00:46:11.093479Z
  Time since last request: 0.001423083 seconds.
  importAddress: GUID: 149e85704eb73624ba2d705408274f3e - Path: Packages/com.unity.ugui/Editor/TMP/PropertyDrawers/TMP_MarkToMarkAdjustmentRecordPropertyDrawer.cs - Importer: ScriptedImporter/UnityEditor.QuickSearchModule:UnityEditor.Search:ASIAI0B
Importing 'GUID: 149e85704eb73624ba2d705408274f3e - Path: Packages/com.unity.ugui/Editor/TMP/PropertyDrawers/TMP_MarkToMarkAdjustmentRecordPropertyDrawer.cs - Importer: ScriptedImporter/UnityEditor.QuickSearchModule:UnityEditor.Search:ASIAI0B' with importer (ScriptedImporter : UnityEditor.QuickSearchModule:UnityEditor.Search:ASIAI0B)
Imported 'GUID: 149e85704eb73624ba2d705408274f3e' -> (Import Result ID: '89d8236c0534c68eb6d6b453cb3321c0') in 0.003 seconds [static and dynamic dependencies]. Details - ImportResultOutputID=4f3ee9b7f1cfabaaf8b697de7e99e32f DependenciesID=4144581d5add275e4f0f10aaa98c9752 StaticDependenciesID=2bd6c8a727b112293717f78fbca731ac 
Number of updated asset objects reloaded before import = 0
Number of asset objects unloaded after import = 0
========================================================================
Received Import Request.
  Time of request: 2026-09-22T00:46:11.101841Z
  Time since last request: 0.005231334 seconds.
  importAddress: GUID: bc98484caab3b6d4facbcff38be93380 - Path: Packages/com.unity.ugui/Editor/UGUI/UI/SliderEditor.cs - Importer: ScriptedImporter/UnityEditor.QuickSearchModule:UnityEditor.Search:ASIAI0B
Importing 'GUID: bc98484caab3b6d4facbcff38be93380 - Path: Packages/com.unity.ugui/Editor/UGUI/UI/SliderEditor.cs - Importer: ScriptedImporter/UnityEditor.QuickSearchModule:UnityEditor.Search:ASIAI0B' with importer (ScriptedImporter : UnityEditor.QuickSearchModule:UnityEditor.Search:ASIAI0B)
Imported 'GUID: bc98484caab3b6d4facbcff38be93380' -> (Import Result ID: '653b3f8ea1802b0884dc11121bf43ab7') in 0.003 seconds [static and dynamic dependencies]. Details - ImportResultOutputID=c8cfeb65b863256ab46af16e433c5b16 DependenciesID=8f32a452cff5ef648f5957a689d7cb70 StaticDependenciesID=10f2a52846d2b5fbb628b7573fcb3ee5 
Number of updated asset objects reloaded before import = 0
Number of asset objects unloaded after import = 0
========================================================================
Received Import Request.
  Time of request: 2026-09-22T00:46:11.105974Z
  Time since last request: 0.000773167 seconds.
  importAddress: GUID: 7d7bd4bcc815cfb44b9990c29dabdb9f - Path: Packages/com.unity.ugui/Runtime/UGUI/Properties/AssemblyInfo.cs - Importer: ScriptedImporter/UnityEditor.QuickSearchModule:UnityEditor.Search:ASIAI0B
Importing 'GUID: 7d7bd4bcc815cfb44b9990c29dabdb9f - Path: Packages/com.unity.ugui/Runtime/UGUI/Properties/AssemblyInfo.cs - Importer: ScriptedImporter/UnityEditor.QuickSearchModule:UnityEditor.Search:ASIAI0B' with importer (ScriptedImporter : UnityEditor.QuickSearchModule:UnityEditor.Search:ASIAI0B)
Imported 'GUID: 7d7bd4bcc815cfb44b9990c29dabdb9f' -> (Import Result ID: '03dbb8d4126efe2b0494a2d3ce2ff6e8') in 0.004 seconds [static and dynamic dependencies]. Details - ImportResultOutputID=4db725ed43e7132b4947a0ad13dc63af DependenciesID=17f344a07ff1af439114d60259dcd86e StaticDependenciesID=7be9f8931fc658dd8168a7533ea1c912 
Number of updated asset objects reloaded before import = 0
Number of asset objects unloaded after import = 0
========================================================================
Received Import Request.
  Time of request: 2026-09-22T00:46:11.111368Z
  Time since last request: 0.001159709 seconds.
  importAddress: GUID: 7f27709c942d91541be1fd6aa5cb3d78 - Path: Packages/com.unity.ugui/Runtime/UGUI/EventSystem - Importer: ScriptedImporter/UnityEditor.QuickSearchModule:UnityEditor.Search:ASIAI0B
Importing 'GUID: 7f27709c942d91541be1fd6aa5cb3d78 - Path: Packages/com.unity.ugui/Runtime/UGUI/EventSystem - Importer: ScriptedImporter/UnityEditor.QuickSearchModule:UnityEditor.Search:ASIAI0B' with importer (ScriptedImporter : UnityEditor.QuickSearchModule:UnityEditor.Search:ASIAI0B)
Imported 'GUID: 7f27709c942d91541be1fd6aa5cb3d78' -> (Import Result ID: '967fe65f29112ba32ff687341b64e5f2') in 0.003 seconds [static and dynamic dependencies]. Details - ImportResultOutputID=baf1bb0276ba49bf2e98e887946c0278 DependenciesID=4bf0b3a9072b539f90cd0307c02d4163 StaticDependenciesID=b82e4d58ef982c7a3bbb700479f46f33 
Number of updated asset objects reloaded before import = 0
Number of asset objects unloaded after import = 1
========================================================================
Received Import Request.
  Time of request: 2026-09-22T00:46:11.118496Z
  Time since last request: 0.003567958 seconds.
  importAddress: GUID: 4877f87131635e6408f8c44e5d86791e - Path: Packages/com.unity.ugui/Runtime/TMP/TMP_ResourcesManager.cs - Importer: ScriptedImporter/UnityEditor.QuickSearchModule:UnityEditor.Search:ASIAI0B
Importing 'GUID: 4877f87131635e6408f8c44e5d86791e - Path: Packages/com.unity.ugui/Runtime/TMP/TMP_ResourcesManager.cs - Importer: ScriptedImporter/UnityEditor.QuickSearchModule:UnityEditor.Search:ASIAI0B' with importer (ScriptedImporter : UnityEditor.QuickSearchModule:UnityEditor.Search:ASIAI0B)
Imported 'GUID: 4877f87131635e6408f8c44e5d86791e' -> (Import Result ID: 'a1c68375f210b385741e59dc1157e92f') in 0.003 seconds [static and dynamic dependencies]. Details - ImportResultOutputID=c7e59b4c402ad56b3b1734593e0f07c2 DependenciesID=4c7841b09acbc26a29f2c7f5b4ce5843 StaticDependenciesID=cfd8a5d3769ad3f23427ee554a94d353 
Number of updated asset objects reloaded before import = 0
Number of asset objects unloaded after import = 0
========================================================================
Received Import Request.
  Time of request: 2026-09-22T00:46:11.122511Z
  Time since last request: 0.000816708 seconds.
  importAddress: GUID: 2a4db7a114972834c8e4117be1d82ba3 - Path: Packages/com.unity.ugui/Runtime/UGUI/UI/Core/Scrollbar.cs - Importer: ScriptedImporter/UnityEditor.QuickSearchModule:UnityEditor.Search:ASIAI0B
Importing 'GUID: 2a4db7a114972834c8e4117be1d82ba3 - Path: Packages/com.unity.ugui/Runtime/UGUI/UI/Core/Scrollbar.cs - Importer: ScriptedImporter/UnityEditor.QuickSearchModule:UnityEditor.Search:ASIAI0B' with importer (ScriptedImporter : UnityEditor.QuickSearchModule:UnityEditor.Search:ASIAI0B)
Imported 'GUID: 2a4db7a114972834c8e4117be1d82ba3' -> (Import Result ID: '3aa51f21c60836170e34250dc2714580') in 0.003 seconds [static and dynamic dependencies]. Details - ImportResultOutputID=0152546facd56c1e6002b746571057b1 DependenciesID=f352ead2a4884a2349c49897ecaae741 StaticDependenciesID=18cdf76f1684517f6f8d604a952bff20 
Number of updated asset objects reloaded before import = 0
Number of asset objects unloaded after import = 0
========================================================================
Received Import Request.
  Time of request: 2026-09-22T00:46:11.126753Z
  Time since last request: 0.001064875 seconds.
  importAddress: GUID: 5ec95f4d5b2d1f14e9ff8682562553f9 - Path: Packages/com.unity.ugui/Package Resources - Importer: ScriptedImporter/UnityEditor.QuickSearchModule:UnityEditor.Search:ASIAI0B
Importing 'GUID: 5ec95f4d5b2d1f14e9ff8682562553f9 - Path: Packages/com.unity.ugui/Package Resources - Importer: ScriptedImporter/UnityEditor.QuickSearchModule:UnityEditor.Search:ASIAI0B' with importer (ScriptedImporter : UnityEditor.QuickSearchModule:UnityEditor.Search:ASIAI0B)
Imported 'GUID: 5ec95f4d5b2d1f14e9ff8682562553f9' -> (Import Result ID: 'd88438112064d00bf81d732c832abafb') in 0.003 seconds [static and dynamic dependencies]. Details - ImportResultOutputID=54e3100fd112a0ed300bfbba775e2998 DependenciesID=edef3bb658fc6e37bb4647a649bc11c1 StaticDependenciesID=6c1e3a2b28c4b70282186cd9203126bc 
Number of updated asset objects reloaded before import = 0
Number of asset objects unloaded after import = 1
========================================================================
Received Import Request.
  Time of request: 2026-09-22T00:46:11.129994Z
  Time since last request: 0.00038125 seconds.
  importAddress: GUID: ec35c13a8280a8d4e817bc4afd8a95de - Path: Packages/com.unity.ugui/Tests/Runtime/UGUI/Canvas/CanvasSizeCorrectInAwakeAndStart.cs - Importer: ScriptedImporter/UnityEditor.QuickSearchModule:UnityEditor.Search:ASIAI0B
Importing 'GUID: ec35c13a8280a8d4e817bc4afd8a95de - Path: Packages/com.unity.ugui/Tests/Runtime/UGUI/Canvas/CanvasSizeCorrectInAwakeAndStart.cs - Importer: ScriptedImporter/UnityEditor.QuickSearchModule:UnityEditor.Search:ASIAI0B' with importer (ScriptedImporter : UnityEditor.QuickSearchModule:UnityEditor.Search:ASIAI0B)
Imported 'GUID: ec35c13a8280a8d4e817bc4afd8a95de' -> (Import Result ID: '1bfdadb506d99bb57443bc125e8f67aa') in 0.005 seconds [static and dynamic dependencies]. Details - ImportResultOutputID=edc5812436d84998c247de9f366cb2b3 DependenciesID=8242ba8fd388b091cb22b2ec8aa5bae0 StaticDependenciesID=ae0a2cdb0bf200b2053044fb5a203884 
Number of updated asset objects reloaded before import = 0
Number of asset objects unloaded after import = 0
========================================================================
Received Import Request.
  Time of request: 2026-09-22T00:46:11.135997Z
  Time since last request: 0.000834958 seconds.
  importAddress: GUID: 4d31e19fd539ac54c8d9151da43683e9 - Path: Packages/com.unity.ugui/Tests/Runtime/UGUI/Util/ConcreteGraphic.cs - Importer: ScriptedImporter/UnityEditor.QuickSearchModule:UnityEditor.Search:ASIAI0B
Importing 'GUID: 4d31e19fd539ac54c8d9151da43683e9 - Path: Packages/com.unity.ugui/Tests/Runtime/UGUI/Util/ConcreteGraphic.cs - Importer: ScriptedImporter/UnityEditor.QuickSearchModule:UnityEditor.Search:ASIAI0B' with importer (ScriptedImporter : UnityEditor.QuickSearchModule:UnityEditor.Search:ASIAI0B)
Imported 'GUID: 4d31e19fd539ac54c8d9151da43683e9' -> (Import Result ID: '817c703fd5ce805a4d87b88695a81920') in 0.003 seconds [static and dynamic dependencies]. Details - ImportResultOutputID=8d7c5325492585b25ce57317b9673e3d DependenciesID=ba80cad177b495a43f25478b81a9cf3f StaticDependenciesID=01921f6b4ba9574e64cdca28ae7c3983 
Number of updated asset objects reloaded before import = 0
Number of asset objects unloaded after import = 0
========================================================================
Received Import Request.
  Time of request: 2026-09-22T00:46:11.155637Z
  Time since last request: 0.016808667 seconds.
  importAddress: GUID: 1344c3c82d62a2a41a3576d8abb8e3ea - Path: Packages/com.unity.ugui/Runtime/UGUI/UI/Core/RawImage.cs - Importer: ScriptedImporter/UnityEditor.QuickSearchModule:UnityEditor.Search:ASIAI0B
Importing 'GUID: 1344c3c82d62a2a41a3576d8abb8e3ea - Path: Packages/com.unity.ugui/Runtime/UGUI/UI/Core/RawImage.cs - Importer: ScriptedImporter/UnityEditor.QuickSearchModule:UnityEditor.Search:ASIAI0B' with importer (ScriptedImporter : UnityEditor.QuickSearchModule:UnityEditor.Search:ASIAI0B)
Imported 'GUID: 1344c3c82d62a2a41a3576d8abb8e3ea' -> (Import Result ID: '549affc824dd92aaf08ad84033d0f593') in 0.005 seconds [static and dynamic dependencies]. Details - ImportResultOutputID=dc4f034298bcc1a539bc766c33734cad DependenciesID=966ba7ab865bec465acecb269691c5d8 StaticDependenciesID=3a384030820719d4120dbab5321532b2 
Number of updated asset objects reloaded before import = 0
Number of asset objects unloaded after import = 0
========================================================================
Received Import Request.
  Time of request: 2026-09-22T00:46:11.161885Z
  Time since last request: 0.000873709 seconds.
  importAddress: GUID: 9713795381722eb43b623dffba25d115 - Path: Packages/com.unity.ugui/Tests/Runtime/UGUI/Image/TestableImage.cs - Importer: ScriptedImporter/UnityEditor.QuickSearchModule:UnityEditor.Search:ASIAI0B
Importing 'GUID: 9713795381722eb43b623dffba25d115 - Path: Packages/com.unity.ugui/Tests/Runtime/UGUI/Image/TestableImage.cs - Importer: ScriptedImporter/UnityEditor.QuickSearchModule:UnityEditor.Search:ASIAI0B' with importer (ScriptedImporter : UnityEditor.QuickSearchModule:UnityEditor.Search:ASIAI0B)
Imported 'GUID: 9713795381722eb43b623dffba25d115' -> (Import Result ID: 'dbecef532004ff1bf8b608494a51ad81') in 0.003 seconds [static and dynamic dependencies]. Details - ImportResultOutputID=b91497bd193eca8adc3dde5cc25ce960 DependenciesID=13206058db1a5c345abd920a3c5c3c4e StaticDependenciesID=2ccc62080c3601878d39064c6a744a39 
Number of updated asset objects reloaded before import = 0
Number of asset objects unloaded after import = 0
========================================================================
Received Import Request.
  Time of request: 2026-09-22T00:46:11.167707Z
  Time since last request: 0.002638959 seconds.
  importAddress: GUID: 25b01819c6e1649428db2a9b274cf364 - Path: Packages/com.unity.ugui/Runtime/UGUI/UI/Core/SpriteState.cs - Importer: ScriptedImporter/UnityEditor.QuickSearchModule:UnityEditor.Search:ASIAI0B
Importing 'GUID: 25b01819c6e1649428db2a9b274cf364 - Path: Packages/com.unity.ugui/Runtime/UGUI/UI/Core/SpriteState.cs - Importer: ScriptedImporter/UnityEditor.QuickSearchModule:UnityEditor.Search:ASIAI0B' with importer (ScriptedImporter : UnityEditor.QuickSearchModule:UnityEditor.Search:ASIAI0B)
Imported 'GUID: 25b01819c6e1649428db2a9b274cf364' -> (Import Result ID: 'b8085c9c5d515fbffe9b3c95999af77c') in 0.005 seconds [static and dynamic dependencies]. Details - ImportResultOutputID=6595801c38d24de8ec8748c9f222c58e DependenciesID=9cc7f068f32f8578305031b3557cf243 StaticDependenciesID=ad85259910246b870f6df0ec17e6ffef 
Number of updated asset objects reloaded before import = 0
Number of asset objects unloaded after import = 0
========================================================================
Received Import Request.
  Time of request: 2026-09-22T00:46:11.175346Z
  Time since last request: 0.00250675 seconds.
  importAddress: GUID: ca51b19024094d1b87f3e07edb0a75fb - Path: Packages/com.unity.ugui/Editor Resources/Textures/btn_AlignBottom.psd - Importer: ScriptedImporter/UnityEditor.QuickSearchModule:UnityEditor.Search:ASIAI0B
Importing 'GUID: ca51b19024094d1b87f3e07edb0a75fb - Path: Packages/com.unity.ugui/Editor Resources/Textures/btn_AlignBottom.psd - Importer: ScriptedImporter/UnityEditor.QuickSearchModule:UnityEditor.Search:ASIAI0B' with importer (ScriptedImporter : UnityEditor.QuickSearchModule:UnityEditor.Search:ASIAI0B)
Imported 'GUID: ca51b19024094d1b87f3e07edb0a75fb' -> (Import Result ID: 'dde0afcbed75de5e3cc60842227a7a9c') in 0.013 seconds [static and dynamic dependencies]. Details - ImportResultOutputID=2cce8f251232a7785c2bfdd08a7efc67 DependenciesID=6765511c0b8b5c2d9f58383e38b3a79d StaticDependenciesID=fc507ee32c1a2536dcf6594edfc34b0c 
Number of updated asset objects reloaded before import = 0
Number of asset objects unloaded after import = 1
========================================================================
Received Import Request.
  Time of request: 2026-09-22T00:46:11.191502Z
  Time since last request: 0.002734042 seconds.
  importAddress: GUID: 31a19414c41e5ae4aae2af33fee712f6 - Path: Packages/com.unity.ugui/Runtime/UGUI/UI/Core/Mask.cs - Importer: ScriptedImporter/UnityEditor.QuickSearchModule:UnityEditor.Search:ASIAI0B
Importing 'GUID: 31a19414c41e5ae4aae2af33fee712f6 - Path: Packages/com.unity.ugui/Runtime/UGUI/UI/Core/Mask.cs - Importer: ScriptedImporter/UnityEditor.QuickSearchModule:UnityEditor.Search:ASIAI0B' with importer (ScriptedImporter : UnityEditor.QuickSearchModule:UnityEditor.Search:ASIAI0B)
Imported 'GUID: 31a19414c41e5ae4aae2af33fee712f6' -> (Import Result ID: '168182088ea9136e481cc199ab27b8da') in 0.002 seconds [static and dynamic dependencies]. Details - ImportResultOutputID=1e5634271e14535407afec48ea5cc061 DependenciesID=87496478e45545a876ba47d3e5baef5e StaticDependenciesID=607f7fd7f2da2366f46d24b85b14a583 
Number of updated asset objects reloaded before import = 0
Number of asset objects unloaded after import = 0
========================================================================
Received Import Request.
  Time of request: 2026-09-22T00:46:11.196231Z
  Time since last request: 0.002188417 seconds.
  importAddress: GUID: cbab8835092323a4389f2dc7d8f6c781 - Path: Packages/com.unity.ugui/Runtime/UGUI/EventSystem/InputModules/PointerInputModule.cs - Importer: ScriptedImporter/UnityEditor.QuickSearchModule:UnityEditor.Search:ASIAI0B
Importing 'GUID: cbab8835092323a4389f2dc7d8f6c781 - Path: Packages/com.unity.ugui/Runtime/UGUI/EventSystem/InputModules/PointerInputModule.cs - Importer: ScriptedImporter/UnityEditor.QuickSearchModule:UnityEditor.Search:ASIAI0B' with importer (ScriptedImporter : UnityEditor.QuickSearchModule:UnityEditor.Search:ASIAI0B)
Imported 'GUID: cbab8835092323a4389f2dc7d8f6c781' -> (Import Result ID: '0d8b84f6207ba90ee074479c2f539b9e') in 0.005 seconds [static and dynamic dependencies]. Details - ImportResultOutputID=24dfffe2a60341e85f2157481afe1134 DependenciesID=0ccfe47e6756ecab03daec4583e13f7b StaticDependenciesID=419f6c0d4857f7fa90a2fba86ef4d1bc 
Number of updated asset objects reloaded before import = 0
Number of asset objects unloaded after import = 0
========================================================================
Received Import Request.
  Time of request: 2026-09-22T00:46:11.204548Z
  Time since last request: 0.002685583 seconds.
  importAddress: GUID: d36a7c7a1ed377c4b8008e53032d7dcf - Path: Packages/com.unity.ugui/Editor/UGUI/UI/ToggleEditor.cs - Importer: ScriptedImporter/UnityEditor.QuickSearchModule:UnityEditor.Search:ASIAI0B
Importing 'GUID: d36a7c7a1ed377c4b8008e53032d7dcf - Path: Packages/com.unity.ugui/Editor/UGUI/UI/ToggleEditor.cs - Importer: ScriptedImporter/UnityEditor.QuickSearchModule:UnityEditor.Search:ASIAI0B' with importer (ScriptedImporter : UnityEditor.QuickSearchModule:UnityEditor.Search:ASIAI0B)
Imported 'GUID: d36a7c7a1ed377c4b8008e53032d7dcf' -> (Import Result ID: '8d202af4c5410719ed17f49d0ed493fb') in 0.003 seconds [static and dynamic dependencies]. Details - ImportResultOutputID=d38c7ab13ca1b2c0361d63544877ba4a DependenciesID=3507227041bb4ef8a69c2caa9d6688a4 StaticDependenciesID=e32f4da294cdcacbd9decc584b364679 
Number of updated asset objects reloaded before import = 0
Number of asset objects unloaded after import = 0
========================================================================
Received Import Request.
  Time of request: 2026-09-22T00:46:11.208317Z
  Time since last request: 0.001088541 seconds.
  importAddress: GUID: 1c147d10db452eb4b854a35f84472017 - Path: Packages/com.unity.ugui/Runtime/TMP/AssemblyInfo.cs - Importer: ScriptedImporter/UnityEditor.QuickSearchModule:UnityEditor.Search:ASIAI0B
Importing 'GUID: 1c147d10db452eb4b854a35f84472017 - Path: Packages/com.unity.ugui/Runtime/TMP/AssemblyInfo.cs - Importer: ScriptedImporter/UnityEditor.QuickSearchModule:UnityEditor.Search:ASIAI0B' with importer (ScriptedImporter : UnityEditor.QuickSearchModule:UnityEditor.Search:ASIAI0B)
Imported 'GUID: 1c147d10db452eb4b854a35f84472017' -> (Import Result ID: 'f984163e06896d6662a4f7d1544d819f') in 0.003 seconds [static and dynamic dependencies]. Details - ImportResultOutputID=851d379048c96179a0b24b1160d39c06 DependenciesID=7fc317cba51b34abf2d386b4e6ba3652 StaticDependenciesID=f4aa3c847286c855ee2bf21cef7ad11e 
Number of updated asset objects reloaded before import = 0
Number of asset objects unloaded after import = 0
========================================================================
Received Import Request.
  Time of request: 2026-09-22T00:46:11.212957Z
  Time since last request: 0.0011575 seconds.
  importAddress: GUID: 138dbec4f8742654fbceb0a19d68b9c5 - Path: Packages/com.unity.ugui/Tests/Runtime/UGUI/EventSystem/InputModuleTests/FakeBaseInput.cs - Importer: ScriptedImporter/UnityEditor.QuickSearchModule:UnityEditor.Search:ASIAI0B
Importing 'GUID: 138dbec4f8742654fbceb0a19d68b9c5 - Path: Packages/com.unity.ugui/Tests/Runtime/UGUI/EventSystem/InputModuleTests/FakeBaseInput.cs - Importer: ScriptedImporter/UnityEditor.QuickSearchModule:UnityEditor.Search:ASIAI0B' with importer (ScriptedImporter : UnityEditor.QuickSearchModule:UnityEditor.Search:ASIAI0B)
Imported 'GUID: 138dbec4f8742654fbceb0a19d68b9c5' -> (Import Result ID: 'd11e29ce4a398a523bcc353cc5249ef6') in 0.005 seconds [static and dynamic dependencies]. Details - ImportResultOutputID=05e62c0ef134f9670da9691d439fb192 DependenciesID=49dbda308ff9654e64bb089b0aa83571 StaticDependenciesID=5ef9d212d944961ba87d73c8aac215d2 
Number of updated asset objects reloaded before import = 0
Number of asset objects unloaded after import = 0
========================================================================
Received Import Request.
  Time of request: 2026-09-22T00:46:11.22039Z
  Time since last request: 0.002491167 seconds.
  importAddress: GUID: 79ff392d1bde4ad78a3836a4a480392d - Path: Packages/com.unity.ugui/Runtime/TMP/TMP_InputValidator.cs - Importer: ScriptedImporter/UnityEditor.QuickSearchModule:UnityEditor.Search:ASIAI0B
Importing 'GUID: 79ff392d1bde4ad78a3836a4a480392d - Path: Packages/com.unity.ugui/Runtime/TMP/TMP_InputValidator.cs - Importer: ScriptedImporter/UnityEditor.QuickSearchModule:UnityEditor.Search:ASIAI0B' with importer (ScriptedImporter : UnityEditor.QuickSearchModule:UnityEditor.Search:ASIAI0B)
Imported 'GUID: 79ff392d1bde4ad78a3836a4a480392d' -> (Import Result ID: 'efbc2a454e77b344c2a2a712b35fb43b') in 0.003 seconds [static and dynamic dependencies]. Details - ImportResultOutputID=3adca89a3a4a5749f3a588f541ea6f50 DependenciesID=8008c67320eb98d073dc56943849fc44 StaticDependenciesID=2b8459c7993fa1e4651c56e6de29ddb2 
Number of updated asset objects reloaded before import = 0
Number of asset objects unloaded after import = 0
========================================================================
Received Import Request.
  Time of request: 2026-09-22T00:46:11.225652Z
  Time since last request: 0.002287125 seconds.
  importAddress: GUID: 76c82729ad712f14bae1a8a279c52ac3 - Path: Packages/com.unity.ugui/Tests/Runtime/UGUI/EventSystem/InputModuleTests/DragCallbackCheck.cs - Importer: ScriptedImporter/UnityEditor.QuickSearchModule:UnityEditor.Search:ASIAI0B
Importing 'GUID: 76c82729ad712f14bae1a8a279c52ac3 - Path: Packages/com.unity.ugui/Tests/Runtime/UGUI/EventSystem/InputModuleTests/DragCallbackCheck.cs - Importer: ScriptedImporter/UnityEditor.QuickSearchModule:UnityEditor.Search:ASIAI0B' with importer (ScriptedImporter : UnityEditor.QuickSearchModule:UnityEditor.Search:ASIAI0B)
Imported 'GUID: 76c82729ad712f14bae1a8a279c52ac3' -> (Import Result ID: '98109794f63d847c7199650152ddd398') in 0.003 seconds [static and dynamic dependencies]. Details - ImportResultOutputID=20bada714d39ffb7165e080fdb5d5390 DependenciesID=e673d4f59afda9ce064c4f6552c3f410 StaticDependenciesID=beb4d6982885dc5ca16fd1b1c82c452f 
Number of updated asset objects reloaded before import = 0
Number of asset objects unloaded after import = 0
========================================================================
Received Import Request.
  Time of request: 2026-09-22T00:46:11.228704Z
  Time since last request: 0.00039675 seconds.
  importAddress: GUID: 27ed3e221887b3544bd9d6505d4a789f - Path: Packages/com.unity.ugui/Runtime/UGUI/UI/Core/Culling - Importer: ScriptedImporter/UnityEditor.QuickSearchModule:UnityEditor.Search:ASIAI0B
Importing 'GUID: 27ed3e221887b3544bd9d6505d4a789f - Path: Packages/com.unity.ugui/Runtime/UGUI/UI/Core/Culling - Importer: ScriptedImporter/UnityEditor.QuickSearchModule:UnityEditor.Search:ASIAI0B' with importer (ScriptedImporter : UnityEditor.QuickSearchModule:UnityEditor.Search:ASIAI0B)
Imported 'GUID: 27ed3e221887b3544bd9d6505d4a789f' -> (Import Result ID: '4cc9ad4e1e1d0fbaffbaaabdc025f54e') in 0.002 seconds [static and dynamic dependencies]. Details - ImportResultOutputID=fa632ea0b3bd8906c1098f997eade5f4 DependenciesID=df05f8a2c63fa3ca1ac407f09a9bcd30 StaticDependenciesID=c4afa03c4608e8b41ac57b671ebffbc2 
Number of updated asset objects reloaded before import = 0
Number of asset objects unloaded after import = 1
========================================================================
Received Import Request.
  Time of request: 2026-09-22T00:46:11.234112Z
  Time since last request: 0.003038875 seconds.
  importAddress: GUID: 358a618bc6bd9354d81cc206fd2ed80e - Path: Packages/com.unity.ugui/Tests/Runtime/UGUI/Dropdown/DropdownTests.cs - Importer: ScriptedImporter/UnityEditor.QuickSearchModule:UnityEditor.Search:ASIAI0B
Importing 'GUID: 358a618bc6bd9354d81cc206fd2ed80e - Path: Packages/com.unity.ugui/Tests/Runtime/UGUI/Dropdown/DropdownTests.cs - Importer: ScriptedImporter/UnityEditor.QuickSearchModule:UnityEditor.Search:ASIAI0B' with importer (ScriptedImporter : UnityEditor.QuickSearchModule:UnityEditor.Search:ASIAI0B)
Imported 'GUID: 358a618bc6bd9354d81cc206fd2ed80e' -> (Import Result ID: '6ecf3ccc3cc81356325b76ef5f07c842') in 0.004 seconds [static and dynamic dependencies]. Details - ImportResultOutputID=34d7462532911f09776a7ae73f3e34db DependenciesID=4cc90fadb6edde820be8aeaf71074126 StaticDependenciesID=8e7734103d9eabe5c4293388b186ad6b 
Number of updated asset objects reloaded before import = 0
Number of asset objects unloaded after import = 0
========================================================================
Received Import Request.
  Time of request: 2026-09-22T00:46:11.242243Z
  Time since last request: 0.00177875 seconds.
  importAddress: GUID: e89ff5e7c669f70409de18c9948164d4 - Path: Packages/com.unity.ugui/Tests/Runtime/UGUI/InputField/TouchInputFieldTests.cs - Importer: ScriptedImporter/UnityEditor.QuickSearchModule:UnityEditor.Search:ASIAI0B
Importing 'GUID: e89ff5e7c669f70409de18c9948164d4 - Path: Packages/com.unity.ugui/Tests/Runtime/UGUI/InputField/TouchInputFieldTests.cs - Importer: ScriptedImporter/UnityEditor.QuickSearchModule:UnityEditor.Search:ASIAI0B' with importer (ScriptedImporter : UnityEditor.QuickSearchModule:UnityEditor.Search:ASIAI0B)
Imported 'GUID: e89ff5e7c669f70409de18c9948164d4' -> (Import Result ID: '233b4071152301c4f65ebad2bc6113c8') in 0.003 seconds [static and dynamic dependencies]. Details - ImportResultOutputID=e6c1c56709e0ba472421976bbe6834ff DependenciesID=bf7e8db5fd40220f17e77af19eb240a3 StaticDependenciesID=21c69a44c103d3e127f9f16dc46d8e4b 
Number of updated asset objects reloaded before import = 0
Number of asset objects unloaded after import = 0
========================================================================
Received Import Request.
  Time of request: 2026-09-22T00:46:11.246869Z
  Time since last request: 0.001909875 seconds.
  importAddress: GUID: b458b2c7f196bdc4581b2f9fd6a5d931 - Path: Packages/com.unity.ugui/Runtime/TMP/TMP_RichTextTagsCommon.cs - Importer: ScriptedImporter/UnityEditor.QuickSearchModule:UnityEditor.Search:ASIAI0B
Importing 'GUID: b458b2c7f196bdc4581b2f9fd6a5d931 - Path: Packages/com.unity.ugui/Runtime/TMP/TMP_RichTextTagsCommon.cs - Importer: ScriptedImporter/UnityEditor.QuickSearchModule:UnityEditor.Search:ASIAI0B' with importer (ScriptedImporter : UnityEditor.QuickSearchModule:UnityEditor.Search:ASIAI0B)
Imported 'GUID: b458b2c7f196bdc4581b2f9fd6a5d931' -> (Import Result ID: '9c7c327c5946b045957a4226c76055b4') in 0.008 seconds [static and dynamic dependencies]. Details - ImportResultOutputID=56ffc22e179ad0dda7042f7e8b8cfe71 DependenciesID=be7822ae51b99486497e01c846c3e355 StaticDependenciesID=2f66cee95d9ba99f4cbf4e38ec9775bf 
Number of updated asset objects reloaded before import = 0
Number of asset objects unloaded after import = 0
========================================================================
Received Import Request.
  Time of request: 2026-09-22T00:46:11.257384Z
  Time since last request: 0.00204175 seconds.
  importAddress: GUID: 50081206855385544a5ddd0e3b6ba9be - Path: Packages/com.unity.ugui/Tests/Runtime/UGUI/Toggle/ToggleGroupTests.cs - Importer: ScriptedImporter/UnityEditor.QuickSearchModule:UnityEditor.Search:ASIAI0B
Importing 'GUID: 50081206855385544a5ddd0e3b6ba9be - Path: Packages/com.unity.ugui/Tests/Runtime/UGUI/Toggle/ToggleGroupTests.cs - Importer: ScriptedImporter/UnityEditor.QuickSearchModule:UnityEditor.Search:ASIAI0B' with importer (ScriptedImporter : UnityEditor.QuickSearchModule:UnityEditor.Search:ASIAI0B)
Imported 'GUID: 50081206855385544a5ddd0e3b6ba9be' -> (Import Result ID: '37b2cc74c2fd50ef4d4c080462cb613d') in 0.004 seconds [static and dynamic dependencies]. Details - ImportResultOutputID=71c25ac6e94187d26a415d84eb55e77c DependenciesID=0ce1b19baf3d1e62f235b5e04567f198 StaticDependenciesID=9d67bcfa1b2584432908cbb0a32bfe69 
Number of updated asset objects reloaded before import = 0
Number of asset objects unloaded after import = 0
========================================================================
Received Import Request.
  Time of request: 2026-09-22T00:46:11.262274Z
  Time since last request: 0.001024542 seconds.
  importAddress: GUID: d25515b7ecc4c4ad0ad42bb0a34b5bd5 - Path: Packages/com.unity.ugui/Editor/UGUI/UI/RaycastReceiverEditor.cs - Importer: ScriptedImporter/UnityEditor.QuickSearchModule:UnityEditor.Search:ASIAI0B
Importing 'GUID: d25515b7ecc4c4ad0ad42bb0a34b5bd5 - Path: Packages/com.unity.ugui/Editor/UGUI/UI/RaycastReceiverEditor.cs - Importer: ScriptedImporter/UnityEditor.QuickSearchModule:UnityEditor.Search:ASIAI0B' with importer (ScriptedImporter : UnityEditor.QuickSearchModule:UnityEditor.Search:ASIAI0B)
Imported 'GUID: d25515b7ecc4c4ad0ad42bb0a34b5bd5' -> (Import Result ID: '07811b3d93b6bba4885772564e94fb56') in 0.006 seconds [static and dynamic dependencies]. Details - ImportResultOutputID=b3c01c5c2fa065c1846f1a3a2dcf16e1 DependenciesID=9526c1162aa7d917a7f14927a8d37368 StaticDependenciesID=6872dc3559d2ab2d475758fddd70837a 
Number of updated asset objects reloaded before import = 0
Number of asset objects unloaded after import = 0
========================================================================
Received Import Request.
  Time of request: 2026-09-22T00:46:11.271863Z
  Time since last request: 0.003572875 seconds.
  importAddress: GUID: 9390296e78291b543b2f4a9761ef8139 - Path: Packages/com.unity.ugui/Tests/Runtime/UGUI/Canvas/CheckMeshColorsAndColors32Match.cs - Importer: ScriptedImporter/UnityEditor.QuickSearchModule:UnityEditor.Search:ASIAI0B
Importing 'GUID: 9390296e78291b543b2f4a9761ef8139 - Path: Packages/com.unity.ugui/Tests/Runtime/UGUI/Canvas/CheckMeshColorsAndColors32Match.cs - Importer: ScriptedImporter/UnityEditor.QuickSearchModule:UnityEditor.Search:ASIAI0B' with importer (ScriptedImporter : UnityEditor.QuickSearchModule:UnityEditor.Search:ASIAI0B)
Imported 'GUID: 9390296e78291b543b2f4a9761ef8139' -> (Import Result ID: 'c55f5ea53d5814d4da9410ed72631440') in 0.007 seconds [static and dynamic dependencies]. Details - ImportResultOutputID=77d2ea07bf557f22709dfe791002dca1 DependenciesID=f13fa6892cd1f82b7596d00660f966e4 StaticDependenciesID=db0a05bd1bcf50d940f42da532f37f96 
Number of updated asset objects reloaded before import = 0
Number of asset objects unloaded after import = 0
========================================================================
Received Import Request.
  Time of request: 2026-09-22T00:46:11.291868Z
  Time since last request: 0.013286084 seconds.
  importAddress: GUID: 2bc8a181dfd9de24388de89bb8db7713 - Path: Packages/com.unity.ugui/Tests/Runtime/UGUI/MaskClipping - Importer: ScriptedImporter/UnityEditor.QuickSearchModule:UnityEditor.Search:ASIAI0B
Importing 'GUID: 2bc8a181dfd9de24388de89bb8db7713 - Path: Packages/com.unity.ugui/Tests/Runtime/UGUI/MaskClipping - Importer: ScriptedImporter/UnityEditor.QuickSearchModule:UnityEditor.Search:ASIAI0B' with importer (ScriptedImporter : UnityEditor.QuickSearchModule:UnityEditor.Search:ASIAI0B)
Imported 'GUID: 2bc8a181dfd9de24388de89bb8db7713' -> (Import Result ID: '4a91f74da3dd3c579be370ce9fa38073') in 0.003 seconds [static and dynamic dependencies]. Details - ImportResultOutputID=4b7cc18378b647cce4998694ac853967 DependenciesID=b44c811f31661c4fc9cec50aab5c953d StaticDependenciesID=60c9cdaf4325a369782ae76f345d0ee6 
Number of updated asset objects reloaded before import = 0
Number of asset objects unloaded after import = 1
========================================================================
Received Import Request.
  Time of request: 2026-09-22T00:46:11.295784Z
  Time since last request: 0.000685583 seconds.
  importAddress: GUID: 81ed8c76d2bc4a4c95d092c98af4e58f - Path: Packages/com.unity.ugui/Editor Resources/Textures/btn_AlignCenter.psd - Importer: ScriptedImporter/UnityEditor.QuickSearchModule:UnityEditor.Search:ASIAI0B
Importing 'GUID: 81ed8c76d2bc4a4c95d092c98af4e58f - Path: Packages/com.unity.ugui/Editor Resources/Textures/btn_AlignCenter.psd - Importer: ScriptedImporter/UnityEditor.QuickSearchModule:UnityEditor.Search:ASIAI0B' with importer (ScriptedImporter : UnityEditor.QuickSearchModule:UnityEditor.Search:ASIAI0B)
Imported 'GUID: 81ed8c76d2bc4a4c95d092c98af4e58f' -> (Import Result ID: '208739600eb59c3652e5f10e05a07162') in 0.011 seconds [static and dynamic dependencies]. Details - ImportResultOutputID=3f5ad2a30dc26c1bd49a08e14ef75dd0 DependenciesID=061a0b63b5d3ce84bcf5d626706d1b90 StaticDependenciesID=38270ee05f68c675582b2be4095e6a3c 
Number of updated asset objects reloaded before import = 0
Number of asset objects unloaded after import = 1
========================================================================
Received Import Request.
  Time of request: 2026-09-22T00:46:11.307261Z
  Time since last request: 0.000426791 seconds.
  importAddress: GUID: 1091bc2ad06e3234aac2b2fa2841c09d - Path: Packages/com.unity.ugui/Tests/Runtime/UGUI/Image - Importer: ScriptedImporter/UnityEditor.QuickSearchModule:UnityEditor.Search:ASIAI0B
Importing 'GUID: 1091bc2ad06e3234aac2b2fa2841c09d - Path: Packages/com.unity.ugui/Tests/Runtime/UGUI/Image - Importer: ScriptedImporter/UnityEditor.QuickSearchModule:UnityEditor.Search:ASIAI0B' with importer (ScriptedImporter : UnityEditor.QuickSearchModule:UnityEditor.Search:ASIAI0B)
Imported 'GUID: 1091bc2ad06e3234aac2b2fa2841c09d' -> (Import Result ID: '83cc9ebf6382a175eab33f1e0783c28b') in 0.004 seconds [static and dynamic dependencies]. Details - ImportResultOutputID=1e234ab5d8621e975be87cc6aa2f1f44 DependenciesID=bd1bb8ed358d65c062ad5fc7ea18ec59 StaticDependenciesID=374aad437febdf7a955ec4fac2f175ea 
Number of updated asset objects reloaded before import = 0
Number of asset objects unloaded after import = 1
========================================================================
Received Import Request.
  Time of request: 2026-09-22T00:46:11.312395Z
  Time since last request: 0.001270292 seconds.
  importAddress: GUID: 40c83ba6a1a64cb4baac27028dd1acc1 - Path: Packages/com.unity.ugui/Tests/Runtime/UGUI/Graphic/RawImageTestHook.cs - Importer: ScriptedImporter/UnityEditor.QuickSearchModule:UnityEditor.Search:ASIAI0B
Importing 'GUID: 40c83ba6a1a64cb4baac27028dd1acc1 - Path: Packages/com.unity.ugui/Tests/Runtime/UGUI/Graphic/RawImageTestHook.cs - Importer: ScriptedImporter/UnityEditor.QuickSearchModule:UnityEditor.Search:ASIAI0B' with importer (ScriptedImporter : UnityEditor.QuickSearchModule:UnityEditor.Search:ASIAI0B)
Imported 'GUID: 40c83ba6a1a64cb4baac27028dd1acc1' -> (Import Result ID: '5f17cdfb20be205011dd77a7fc7d4db7') in 0.003 seconds [static and dynamic dependencies]. Details - ImportResultOutputID=a7882b5d0d93e1893a36cd998ea060a5 DependenciesID=aa03de022fa60d1e7569ceaa2c994be9 StaticDependenciesID=1c202d104e321965a410067622ceee03 
Number of updated asset objects reloaded before import = 0
Number of asset objects unloaded after import = 0
========================================================================
Received Import Request.
  Time of request: 2026-09-22T00:46:11.316939Z
  Time since last request: 0.001523542 seconds.
  importAddress: GUID: bae197be297529d4fa735fbe7c91828d - Path: Packages/com.unity.ugui/Tests/Runtime/UGUI/Dropdown - Importer: ScriptedImporter/UnityEditor.QuickSearchModule:UnityEditor.Search:ASIAI0B
Importing 'GUID: bae197be297529d4fa735fbe7c91828d - Path: Packages/com.unity.ugui/Tests/Runtime/UGUI/Dropdown - Importer: ScriptedImporter/UnityEditor.QuickSearchModule:UnityEditor.Search:ASIAI0B' with importer (ScriptedImporter : UnityEditor.QuickSearchModule:UnityEditor.Search:ASIAI0B)
Imported 'GUID: bae197be297529d4fa735fbe7c91828d' -> (Import Result ID: 'a6d636b2161816fbe49698685ae25788') in 0.004 seconds [static and dynamic dependencies]. Details - ImportResultOutputID=a43ce5b24743ef04deac480bb60a122c DependenciesID=c1ce356cc912f3efa81c370cbee098d9 StaticDependenciesID=8ff2f6e19887533bc616093a6681c7e9 
Number of updated asset objects reloaded before import = 0
Number of asset objects unloaded after import = 1
========================================================================
Received Import Request.
  Time of request: 2026-09-22T00:46:11.321382Z
  Time since last request: 0.000451042 seconds.
  importAddress: GUID: 1ea10891dd782154ca0fb67bce9e6f72 - Path: Packages/com.unity.ugui/Runtime/UGUI/EventSystem/InputModules/BaseInputModule.cs - Importer: ScriptedImporter/UnityEditor.QuickSearchModule:UnityEditor.Search:ASIAI0B
Importing 'GUID: 1ea10891dd782154ca0fb67bce9e6f72 - Path: Packages/com.unity.ugui/Runtime/UGUI/EventSystem/InputModules/BaseInputModule.cs - Importer: ScriptedImporter/UnityEditor.QuickSearchModule:UnityEditor.Search:ASIAI0B' with importer (ScriptedImporter : UnityEditor.QuickSearchModule:UnityEditor.Search:ASIAI0B)
Imported 'GUID: 1ea10891dd782154ca0fb67bce9e6f72' -> (Import Result ID: '81d3ae89cf0251499c32adbf3157ed9d') in 0.003 seconds [static and dynamic dependencies]. Details - ImportResultOutputID=1d0ffd15ec94c2cb681054e409b4324a DependenciesID=b92204391fd6132fe8a00b0df3fe9ccf StaticDependenciesID=f81c49be633efa3814688772ace49245 
Number of updated asset objects reloaded before import = 0
Number of asset objects unloaded after import = 0
========================================================================
Received Import Request.
  Time of request: 2026-09-22T00:46:11.325Z
  Time since last request: 0.000645291 seconds.
  importAddress: GUID: 7693972390a4ed841a986c0c452c1058 - Path: Packages/com.unity.ugui/Editor/UGUI/UI/LayoutElementEditor.cs - Importer: ScriptedImporter/UnityEditor.QuickSearchModule:UnityEditor.Search:ASIAI0B
Importing 'GUID: 7693972390a4ed841a986c0c452c1058 - Path: Packages/com.unity.ugui/Editor/UGUI/UI/LayoutElementEditor.cs - Importer: ScriptedImporter/UnityEditor.QuickSearchModule:UnityEditor.Search:ASIAI0B' with importer (ScriptedImporter : UnityEditor.QuickSearchModule:UnityEditor.Search:ASIAI0B)
Imported 'GUID: 7693972390a4ed841a986c0c452c1058' -> (Import Result ID: '029cca857ad6930cf5cdf4ada7ff7648') in 0.003 seconds [static and dynamic dependencies]. Details - ImportResultOutputID=135ce71289d6790dd2cb98d7b6146fca DependenciesID=e2c2579d9517c1fa3ea5154a0b6e95d6 StaticDependenciesID=ee23171dc8a714d9d134b779cc2daa28 
Number of updated asset objects reloaded before import = 0
Number of asset objects unloaded after import = 0
========================================================================
Received Import Request.
  Time of request: 2026-09-22T00:46:11.328696Z
  Time since last request: 0.000782417 seconds.
  importAddress: GUID: cfa73a847eeff06448bb50a8ac6a94e0 - Path: Packages/com.unity.ugui/Runtime/UGUI/UI/Core/VertexModifiers - Importer: ScriptedImporter/UnityEditor.QuickSearchModule:UnityEditor.Search:ASIAI0B
Importing 'GUID: cfa73a847eeff06448bb50a8ac6a94e0 - Path: Packages/com.unity.ugui/Runtime/UGUI/UI/Core/VertexModifiers - Importer: ScriptedImporter/UnityEditor.QuickSearchModule:UnityEditor.Search:ASIAI0B' with importer (ScriptedImporter : UnityEditor.QuickSearchModule:UnityEditor.Search:ASIAI0B)
Imported 'GUID: cfa73a847eeff06448bb50a8ac6a94e0' -> (Import Result ID: '5fc93ed687e013c1e0d9210b156f03a5') in 0.003 seconds [static and dynamic dependencies]. Details - ImportResultOutputID=699c23f140935d4931cee1a9c3c9e419 DependenciesID=b03b74671bb3c8a7ec93103ddbcfbba6 StaticDependenciesID=68bce69ca05324612d9162871f61518a 
Number of updated asset objects reloaded before import = 0
Number of asset objects unloaded after import = 1
========================================================================
Received Import Request.
  Time of request: 2026-09-22T00:46:11.332545Z
  Time since last request: 0.000726459 seconds.
  importAddress: GUID: 82bf3f737dec0be43a60891958a8da87 - Path: Packages/com.unity.ugui/Runtime/UGUI/UI/Core/Layout/LayoutUtility.cs - Importer: ScriptedImporter/UnityEditor.QuickSearchModule:UnityEditor.Search:ASIAI0B
Importing 'GUID: 82bf3f737dec0be43a60891958a8da87 - Path: Packages/com.unity.ugui/Runtime/UGUI/UI/Core/Layout/LayoutUtility.cs - Importer: ScriptedImporter/UnityEditor.QuickSearchModule:UnityEditor.Search:ASIAI0B' with importer (ScriptedImporter : UnityEditor.QuickSearchModule:UnityEditor.Search:ASIAI0B)
Imported 'GUID: 82bf3f737dec0be43a60891958a8da87' -> (Import Result ID: 'febb1ff16370c4f838f95f51c2a4e476') in 0.005 seconds [static and dynamic dependencies]. Details - ImportResultOutputID=1a9bc48d2e9c882312e91bcb3c297ae5 DependenciesID=ee220355da55f2bb284f46685e353f56 StaticDependenciesID=d6e45a579eeca76bb38bc7c2e426d18f 
Number of updated asset objects reloaded before import = 0
Number of asset objects unloaded after import = 0
========================================================================
Received Import Request.
  Time of request: 2026-09-22T00:46:11.338341Z
  Time since last request: 0.000712959 seconds.
  importAddress: GUID: 6b01141ed8f74d198965c86f25eb7040 - Path: Packages/com.unity.ugui/Editor/TMP/TMP_SubMeshUI_Editor.cs - Importer: ScriptedImporter/UnityEditor.QuickSearchModule:UnityEditor.Search:ASIAI0B
Importing 'GUID: 6b01141ed8f74d198965c86f25eb7040 - Path: Packages/com.unity.ugui/Editor/TMP/TMP_SubMeshUI_Editor.cs - Importer: ScriptedImporter/UnityEditor.QuickSearchModule:UnityEditor.Search:ASIAI0B' with importer (ScriptedImporter : UnityEditor.QuickSearchModule:UnityEditor.Search:ASIAI0B)
Imported 'GUID: 6b01141ed8f74d198965c86f25eb7040' -> (Import Result ID: '61a3aedc031053289e50a66a5cb6b907') in 0.003 seconds [static and dynamic dependencies]. Details - ImportResultOutputID=e81ef7bfe3c5f453bd47538672497ba7 DependenciesID=b78d0c307a6de15992f2f1b5d6104e5d StaticDependenciesID=9415959f86592f858e595d450a9369ae 
Number of updated asset objects reloaded before import = 0
Number of asset objects unloaded after import = 0
========================================================================
Received Import Request.
  Time of request: 2026-09-22T00:46:11.342138Z
  Time since last request: 0.000881292 seconds.
  importAddress: GUID: 32a4a0ea998dd6149937d2774781c436 - Path: Packages/com.unity.ugui/Tests/Runtime/UGUI/ScrollBar/ScrollBarClamp.cs - Importer: ScriptedImporter/UnityEditor.QuickSearchModule:UnityEditor.Search:ASIAI0B
Importing 'GUID: 32a4a0ea998dd6149937d2774781c436 - Path: Packages/com.unity.ugui/Tests/Runtime/UGUI/ScrollBar/ScrollBarClamp.cs - Importer: ScriptedImporter/UnityEditor.QuickSearchModule:UnityEditor.Search:ASIAI0B' with importer (ScriptedImporter : UnityEditor.QuickSearchModule:UnityEditor.Search:ASIAI0B)
Imported 'GUID: 32a4a0ea998dd6149937d2774781c436' -> (Import Result ID: 'aaa1a574122dbe3f6feb24d53831793e') in 0.003 seconds [static and dynamic dependencies]. Details - ImportResultOutputID=a6b10f64bd6e4238ba80affe03cbf76b DependenciesID=daa4615f79de4db719c87af9a4014a88 StaticDependenciesID=0c3918c1024773567e0a8ac27499738b 
Number of updated asset objects reloaded before import = 0
Number of asset objects unloaded after import = 0
========================================================================
Received Import Request.
  Time of request: 2026-09-22T00:46:11.346123Z
  Time since last request: 0.000527625 seconds.
  importAddress: GUID: cce7e34ecb3cc43ebabe7154ebe11414 - Path: Packages/com.unity.ugui/Tests/Runtime/UGUI/RaycastReceiver - Importer: ScriptedImporter/UnityEditor.QuickSearchModule:UnityEditor.Search:ASIAI0B
Importing 'GUID: cce7e34ecb3cc43ebabe7154ebe11414 - Path: Packages/com.unity.ugui/Tests/Runtime/UGUI/RaycastReceiver - Importer: ScriptedImporter/UnityEditor.QuickSearchModule:UnityEditor.Search:ASIAI0B' with importer (ScriptedImporter : UnityEditor.QuickSearchModule:UnityEditor.Search:ASIAI0B)
Imported 'GUID: cce7e34ecb3cc43ebabe7154ebe11414' -> (Import Result ID: '60625d7c36a081e7682e818b97163bb3') in 0.004 seconds [static and dynamic dependencies]. Details - ImportResultOutputID=aafbeca33360a5181b8a702a02487f86 DependenciesID=ec82ab76c3b5a647ff8d9d3044d2fa3e StaticDependenciesID=3fbe58e125b2136d6f2db307fdeab2f7 
Number of updated asset objects reloaded before import = 0
Number of asset objects unloaded after import = 1
========================================================================
Received Import Request.
  Time of request: 2026-09-22T00:46:11.351439Z
  Time since last request: 0.001309667 seconds.
  importAddress: GUID: 2fafe2cfe61f6974895a912c3755e8f1 - Path: Packages/com.unity.ugui/Runtime/UGUI/UI/Core/ToggleGroup.cs - Importer: ScriptedImporter/UnityEditor.QuickSearchModule:UnityEditor.Search:ASIAI0B
Importing 'GUID: 2fafe2cfe61f6974895a912c3755e8f1 - Path: Packages/com.unity.ugui/Runtime/UGUI/UI/Core/ToggleGroup.cs - Importer: ScriptedImporter/UnityEditor.QuickSearchModule:UnityEditor.Search:ASIAI0B' with importer (ScriptedImporter : UnityEditor.QuickSearchModule:UnityEditor.Search:ASIAI0B)
Imported 'GUID: 2fafe2cfe61f6974895a912c3755e8f1' -> (Import Result ID: '5e19fe23edf7021de885fc31a30f4eff') in 0.004 seconds [static and dynamic dependencies]. Details - ImportResultOutputID=f6fab667e3a97dd2a0ea83167fe0f1d2 DependenciesID=f2fe472bacc1a55fbf30bfbd0f49a132 StaticDependenciesID=9185d9765efda998cffcf9f17395f078 
Number of updated asset objects reloaded before import = 0
Number of asset objects unloaded after import = 0
========================================================================
Received Import Request.
  Time of request: 2026-09-22T00:46:11.377064Z
  Time since last request: 0.020911875 seconds.
  importAddress: GUID: a62706dc421fc9b4fa368a8050a930f7 - Path: Packages/com.unity.ugui/Editor/UGUI/UI/PrefabLayoutRebuilder.cs - Importer: ScriptedImporter/UnityEditor.QuickSearchModule:UnityEditor.Search:ASIAI0B
Importing 'GUID: a62706dc421fc9b4fa368a8050a930f7 - Path: Packages/com.unity.ugui/Editor/UGUI/UI/PrefabLayoutRebuilder.cs - Importer: ScriptedImporter/UnityEditor.QuickSearchModule:UnityEditor.Search:ASIAI0B' with importer (ScriptedImporter : UnityEditor.QuickSearchModule:UnityEditor.Search:ASIAI0B)
Imported 'GUID: a62706dc421fc9b4fa368a8050a930f7' -> (Import Result ID: 'c74af2aafb2946e21ad49306a1301d75') in 0.003 seconds [static and dynamic dependencies]. Details - ImportResultOutputID=dc1fcf7e7b4cc8bf376b6a48f42add06 DependenciesID=ec9340086b37e2df69e4b13ab7181eeb StaticDependenciesID=1b3ed93d3193793bbdd7c59c1bcbe8fe 
Number of updated asset objects reloaded before import = 0
Number of asset objects unloaded after import = 0
========================================================================
Received Import Request.
  Time of request: 2026-09-22T00:46:11.38129Z
  Time since last request: 0.001004875 seconds.
  importAddress: GUID: 35a0d10199de49f4db0128003bfd3bda - Path: Packages/com.unity.ugui/Tests/Editor/UGUI/Canvas/CanvasElementsMaintainValidPositionsWhenCameraOrthoSizeIsZero.cs - Importer: ScriptedImporter/UnityEditor.QuickSearchModule:UnityEditor.Search:ASIAI0B
Importing 'GUID: 35a0d10199de49f4db0128003bfd3bda - Path: Packages/com.unity.ugui/Tests/Editor/UGUI/Canvas/CanvasElementsMaintainValidPositionsWhenCameraOrthoSizeIsZero.cs - Importer: ScriptedImporter/UnityEditor.QuickSearchModule:UnityEditor.Search:ASIAI0B' with importer (ScriptedImporter : UnityEditor.QuickSearchModule:UnityEditor.Search:ASIAI0B)
Imported 'GUID: 35a0d10199de49f4db0128003bfd3bda' -> (Import Result ID: 'c6bee73a3983ae6c0d8a680438914d8f') in 0.005 seconds [static and dynamic dependencies]. Details - ImportResultOutputID=cd0a756d614311c361638ae4f11ece75 DependenciesID=9737baedab66c8b652f1965097bd56cd StaticDependenciesID=b94f5b725359c6f54eb7d6eb8363b2ac 
Number of updated asset objects reloaded before import = 0
Number of asset objects unloaded after import = 0
========================================================================
Received Import Request.
  Time of request: 2026-09-22T00:46:11.388223Z
  Time since last request: 0.001958583 seconds.
  importAddress: GUID: d256fa541faf5d4409992c631adb98a1 - Path: Packages/com.unity.ugui/Editor/TMP/PropertyDrawers/GlyphPairAdjustmentRecordPropertyDrawer.cs - Importer: ScriptedImporter/UnityEditor.QuickSearchModule:UnityEditor.Search:ASIAI0B
Importing 'GUID: d256fa541faf5d4409992c631adb98a1 - Path: Packages/com.unity.ugui/Editor/TMP/PropertyDrawers/GlyphPairAdjustmentRecordPropertyDrawer.cs - Importer: ScriptedImporter/UnityEditor.QuickSearchModule:UnityEditor.Search:ASIAI0B' with importer (ScriptedImporter : UnityEditor.QuickSearchModule:UnityEditor.Search:ASIAI0B)
Imported 'GUID: d256fa541faf5d4409992c631adb98a1' -> (Import Result ID: 'fe53923307dbfc7a4bd90badfa016e56') in 0.003 seconds [static and dynamic dependencies]. Details - ImportResultOutputID=aa43e7b3a39d98f052e1d8c8c556f11c DependenciesID=4d9cdda2d8ff9bd957abce08fdaa3415 StaticDependenciesID=56c2137cea9f58e887aa7ef28603e71d 
Number of updated asset objects reloaded before import = 0
Number of asset objects unloaded after import = 0
========================================================================
Received Import Request.
  Time of request: 2026-09-22T00:46:11.392257Z
  Time since last request: 0.000444583 seconds.
  importAddress: GUID: 9c442dc870b456e48b615cd8add0e9ef - Path: Packages/com.unity.ugui/Editor Resources/Shaders/TMP_SDF Internal Editor.shader - Importer: ScriptedImporter/UnityEditor.QuickSearchModule:UnityEditor.Search:ASIAI0B
Importing 'GUID: 9c442dc870b456e48b615cd8add0e9ef - Path: Packages/com.unity.ugui/Editor Resources/Shaders/TMP_SDF Internal Editor.shader - Importer: ScriptedImporter/UnityEditor.QuickSearchModule:UnityEditor.Search:ASIAI0B' with importer (ScriptedImporter : UnityEditor.QuickSearchModule:UnityEditor.Search:ASIAI0B)
Imported 'GUID: 9c442dc870b456e48b615cd8add0e9ef' -> (Import Result ID: '8fe5e3cf7cd51a434262025157b8435c') in 0.035 seconds [static and dynamic dependencies]. Details - ImportResultOutputID=070bea3eb63dbe9c90dc8a65a2887961 DependenciesID=e0e05ca2ee1e213f2894be67519b97ad StaticDependenciesID=8c16d7321999e43099cdb5997f17ad14 
Number of updated asset objects reloaded before import = 0
Number of asset objects unloaded after import = 1
========================================================================
Received Import Request.
  Time of request: 2026-09-22T00:46:11.427858Z
  Time since last request: 0.000446875 seconds.
  importAddress: GUID: 6370fe1d392924d45b0cfd255bf60d2a - Path: Packages/com.unity.ugui/Tests/Editor/Common/VersionTests.cs - Importer: ScriptedImporter/UnityEditor.QuickSearchModule:UnityEditor.Search:ASIAI0B
Importing 'GUID: 6370fe1d392924d45b0cfd255bf60d2a - Path: Packages/com.unity.ugui/Tests/Editor/Common/VersionTests.cs - Importer: ScriptedImporter/UnityEditor.QuickSearchModule:UnityEditor.Search:ASIAI0B' with importer (ScriptedImporter : UnityEditor.QuickSearchModule:UnityEditor.Search:ASIAI0B)
Imported 'GUID: 6370fe1d392924d45b0cfd255bf60d2a' -> (Import Result ID: '9f7508873ae24bf98cc0951958601e0b') in 0.003 seconds [static and dynamic dependencies]. Details - ImportResultOutputID=76564343420f7cb3e545c00d1d91c29a DependenciesID=a69542d98277f4505706d9ba42d5dd11 StaticDependenciesID=d788d6feb9a410a5f41199aadf1c2e05 
Number of updated asset objects reloaded before import = 0
Number of asset objects unloaded after import = 0
========================================================================
Received Import Request.
  Time of request: 2026-09-22T00:46:11.436388Z
  Time since last request: 0.005316292 seconds.
  importAddress: GUID: b6e75d7f429a4e7e9e1ffb4f85cff49f - Path: Packages/com.unity.ugui/Runtime/TMP/TMP_LineInfo.cs - Importer: ScriptedImporter/UnityEditor.QuickSearchModule:UnityEditor.Search:ASIAI0B
Importing 'GUID: b6e75d7f429a4e7e9e1ffb4f85cff49f - Path: Packages/com.unity.ugui/Runtime/TMP/TMP_LineInfo.cs - Importer: ScriptedImporter/UnityEditor.QuickSearchModule:UnityEditor.Search:ASIAI0B' with importer (ScriptedImporter : UnityEditor.QuickSearchModule:UnityEditor.Search:ASIAI0B)
Imported 'GUID: b6e75d7f429a4e7e9e1ffb4f85cff49f' -> (Import Result ID: 'ce8eb539e223cf8c2c7df6678895ff83') in 0.003 seconds [static and dynamic dependencies]. Details - ImportResultOutputID=113eeddfdde79ff4b56168821fb76cc0 DependenciesID=cb7c5620ba1831bc9c34a9fa9f1d071b StaticDependenciesID=ab5ad4e24cc0e1656a37f72f4c7ae3de 
Number of updated asset objects reloaded before import = 0
Number of asset objects unloaded after import = 0
========================================================================
Received Import Request.
  Time of request: 2026-09-22T00:46:11.441579Z
  Time since last request: 0.002056291 seconds.
  importAddress: GUID: 4f9ac6e545d53f94b9f09c85b9576f36 - Path: Packages/com.unity.ugui/Tests/Editor/UGUI/Text - Importer: ScriptedImporter/UnityEditor.QuickSearchModule:UnityEditor.Search:ASIAI0B
Importing 'GUID: 4f9ac6e545d53f94b9f09c85b9576f36 - Path: Packages/com.unity.ugui/Tests/Editor/UGUI/Text - Importer: ScriptedImporter/UnityEditor.QuickSearchModule:UnityEditor.Search:ASIAI0B' with importer (ScriptedImporter : UnityEditor.QuickSearchModule:UnityEditor.Search:ASIAI0B)
Imported 'GUID: 4f9ac6e545d53f94b9f09c85b9576f36' -> (Import Result ID: 'e9f72e538cfab01a5397fd9b3e77a9a2') in 0.008 seconds [static and dynamic dependencies]. Details - ImportResultOutputID=e823ac72ff9615c47cfa0436c094f54a DependenciesID=850eb6663cb2598d366549431b86cc4b StaticDependenciesID=bd40da17c0a40a567ad51a517452a229 
Number of updated asset objects reloaded before import = 0
Number of asset objects unloaded after import = 1
========================================================================
Received Import Request.
  Time of request: 2026-09-22T00:46:11.452408Z
  Time since last request: 0.002933166 seconds.
  importAddress: GUID: 26570be2af04195458e6f1ac1f5c48e0 - Path: Packages/com.unity.ugui/Runtime/UGUI/EventSystem/RaycasterManager.cs - Importer: ScriptedImporter/UnityEditor.QuickSearchModule:UnityEditor.Search:ASIAI0B
Importing 'GUID: 26570be2af04195458e6f1ac1f5c48e0 - Path: Packages/com.unity.ugui/Runtime/UGUI/EventSystem/RaycasterManager.cs - Importer: ScriptedImporter/UnityEditor.QuickSearchModule:UnityEditor.Search:ASIAI0B' with importer (ScriptedImporter : UnityEditor.QuickSearchModule:UnityEditor.Search:ASIAI0B)
Imported 'GUID: 26570be2af04195458e6f1ac1f5c48e0' -> (Import Result ID: '89d61f32494e2091a83fa1324a05ab67') in 0.003 seconds [static and dynamic dependencies]. Details - ImportResultOutputID=2ee50515d6351a0040340fd5b1581c36 DependenciesID=431fec1d95b0c96313eff29797ecc317 StaticDependenciesID=f9212b6d1c1f6985d5f492493ff643b4 
Number of updated asset objects reloaded before import = 0
Number of asset objects unloaded after import = 0
========================================================================
Received Import Request.
  Time of request: 2026-09-22T00:46:11.456831Z
  Time since last request: 0.001406458 seconds.
  importAddress: GUID: cf1fe50a641faac4691bf49eb32ce333 - Path: Packages/com.unity.ugui/Runtime/TMP/TMP_PackageResourceImporter.cs - Importer: ScriptedImporter/UnityEditor.QuickSearchModule:UnityEditor.Search:ASIAI0B
Importing 'GUID: cf1fe50a641faac4691bf49eb32ce333 - Path: Packages/com.unity.ugui/Runtime/TMP/TMP_PackageResourceImporter.cs - Importer: ScriptedImporter/UnityEditor.QuickSearchModule:UnityEditor.Search:ASIAI0B' with importer (ScriptedImporter : UnityEditor.QuickSearchModule:UnityEditor.Search:ASIAI0B)
Imported 'GUID: cf1fe50a641faac4691bf49eb32ce333' -> (Import Result ID: '1f8e80f07299d2ed45bcdeca6fb8c44d') in 0.004 seconds [static and dynamic dependencies]. Details - ImportResultOutputID=b4b4d8a870ba0a97262f744974d65ac7 DependenciesID=e0df181c08c26129bb67813333179120 StaticDependenciesID=fa8785d156cc6b621c20737bc7d3e5ec 
Number of updated asset objects reloaded before import = 0
Number of asset objects unloaded after import = 0
========================================================================
Received Import Request.
  Time of request: 2026-09-22T00:46:11.461534Z
  Time since last request: 0.00083225 seconds.
  importAddress: GUID: 987fa2c7d1a0e2242839cb8af2fcecc9 - Path: Packages/com.unity.ugui/Runtime/InternalBridge/TMPHelpURL.cs - Importer: ScriptedImporter/UnityEditor.QuickSearchModule:UnityEditor.Search:ASIAI0B
Importing 'GUID: 987fa2c7d1a0e2242839cb8af2fcecc9 - Path: Packages/com.unity.ugui/Runtime/InternalBridge/TMPHelpURL.cs - Importer: ScriptedImporter/UnityEditor.QuickSearchModule:UnityEditor.Search:ASIAI0B' with importer (ScriptedImporter : UnityEditor.QuickSearchModule:UnityEditor.Search:ASIAI0B)
Imported 'GUID: 987fa2c7d1a0e2242839cb8af2fcecc9' -> (Import Result ID: '00b02fe0888925f1d3d093648f378d4e') in 0.006 seconds [static and dynamic dependencies]. Details - ImportResultOutputID=d54a9365aaab5d5c3d861592c36e564a DependenciesID=c8bbc05838a5e1bbad6c73affde8e607 StaticDependenciesID=4cc039d0a40bef02e1cac29558ea460a 
Number of updated asset objects reloaded before import = 0
Number of asset objects unloaded after import = 0
========================================================================
Received Import Request.
  Time of request: 2026-09-22T00:46:11.468547Z
  Time since last request: 0.001231292 seconds.
  importAddress: GUID: 0b2706df6fdff50448f84a3f6629b40f - Path: Packages/com.unity.ugui/Tests/Runtime/UGUI/Util/ExceptionUtils.cs - Importer: ScriptedImporter/UnityEditor.QuickSearchModule:UnityEditor.Search:ASIAI0B
Importing 'GUID: 0b2706df6fdff50448f84a3f6629b40f - Path: Packages/com.unity.ugui/Tests/Runtime/UGUI/Util/ExceptionUtils.cs - Importer: ScriptedImporter/UnityEditor.QuickSearchModule:UnityEditor.Search:ASIAI0B' with importer (ScriptedImporter : UnityEditor.QuickSearchModule:UnityEditor.Search:ASIAI0B)
Imported 'GUID: 0b2706df6fdff50448f84a3f6629b40f' -> (Import Result ID: '364090f1c37ba441f7a2dbec492d6c32') in 0.004 seconds [static and dynamic dependencies]. Details - ImportResultOutputID=304866c6978aad316165d551a6995caa DependenciesID=a0f1c046bfcbd3d4aa8c1a80e36dedef StaticDependenciesID=edccbaab732278546bcd2eedb86553a3 
Number of updated asset objects reloaded before import = 0
Number of asset objects unloaded after import = 0
========================================================================
Received Import Request.
  Time of request: 2026-09-22T00:46:11.47391Z
  Time since last request: 0.000984958 seconds.
  importAddress: GUID: fea12beeeb5a7a448b5e60f50e40975d - Path: Packages/com.unity.ugui/Editor/UGUI/UI/PropertyDrawers/FontDataDrawer.cs - Importer: ScriptedImporter/UnityEditor.QuickSearchModule:UnityEditor.Search:ASIAI0B
Importing 'GUID: fea12beeeb5a7a448b5e60f50e40975d - Path: Packages/com.unity.ugui/Editor/UGUI/UI/PropertyDrawers/FontDataDrawer.cs - Importer: ScriptedImporter/UnityEditor.QuickSearchModule:UnityEditor.Search:ASIAI0B' with importer (ScriptedImporter : UnityEditor.QuickSearchModule:UnityEditor.Search:ASIAI0B)
Imported 'GUID: fea12beeeb5a7a448b5e60f50e40975d' -> (Import Result ID: '72d0ef72795d67267164e6fdf9496af1') in 0.003 seconds [static and dynamic dependencies]. Details - ImportResultOutputID=044c6a964ea450a4261e183f121019c8 DependenciesID=63e07af4ef82d6ee9135e3998d86420f StaticDependenciesID=d866c22db3383d11d6c105f0ebf475eb 
Number of updated asset objects reloaded before import = 0
Number of asset objects unloaded after import = 0
========================================================================
Received Import Request.
  Time of request: 2026-09-22T00:46:11.477735Z
  Time since last request: 0.000430875 seconds.
  importAddress: GUID: 2359c66dee10c454c97f6aea84e3fe22 - Path: Packages/com.unity.ugui/Runtime/UGUI/EventSystem/EventInterfaces.cs - Importer: ScriptedImporter/UnityEditor.QuickSearchModule:UnityEditor.Search:ASIAI0B
Importing 'GUID: 2359c66dee10c454c97f6aea84e3fe22 - Path: Packages/com.unity.ugui/Runtime/UGUI/EventSystem/EventInterfaces.cs - Importer: ScriptedImporter/UnityEditor.QuickSearchModule:UnityEditor.Search:ASIAI0B' with importer (ScriptedImporter : UnityEditor.QuickSearchModule:UnityEditor.Search:ASIAI0B)
Imported 'GUID: 2359c66dee10c454c97f6aea84e3fe22' -> (Import Result ID: 'db91e70a7a5f8fb2cb50c3f386067660') in 0.003 seconds [static and dynamic dependencies]. Details - ImportResultOutputID=c2627a1379b14128750500b393b32276 DependenciesID=98136e85d2f82a0b755b12ad58ba88cb StaticDependenciesID=bc4fa25c23be10cab1721d9adac93605 
Number of updated asset objects reloaded before import = 0
Number of asset objects unloaded after import = 0
========================================================================
Received Import Request.
  Time of request: 2026-09-22T00:46:11.480934Z
  Time since last request: 0.000567209 seconds.
  importAddress: GUID: c606041f02fc7d542b1429806872292b - Path: Packages/com.unity.ugui/Runtime/UGUI/UI/Core/Culling/RectangularVertexClipper.cs - Importer: ScriptedImporter/UnityEditor.QuickSearchModule:UnityEditor.Search:ASIAI0B
Importing 'GUID: c606041f02fc7d542b1429806872292b - Path: Packages/com.unity.ugui/Runtime/UGUI/UI/Core/Culling/RectangularVertexClipper.cs - Importer: ScriptedImporter/UnityEditor.QuickSearchModule:UnityEditor.Search:ASIAI0B' with importer (ScriptedImporter : UnityEditor.QuickSearchModule:UnityEditor.Search:ASIAI0B)
Imported 'GUID: c606041f02fc7d542b1429806872292b' -> (Import Result ID: '1c150b8416c646722032c81a457953de') in 0.003 seconds [static and dynamic dependencies]. Details - ImportResultOutputID=23b39055a85ae743aa8233b81831c846 DependenciesID=66c81b8d08ebdfb1f412b3287d86adce StaticDependenciesID=951ee7a676f530f5191153a97f0d9da7 
Number of updated asset objects reloaded before import = 0
Number of asset objects unloaded after import = 0
========================================================================
Received Import Request.
  Time of request: 2026-09-22T00:46:11.485037Z
  Time since last request: 0.001018875 seconds.
  importAddress: GUID: 5348cbfcd4f74699b33fe6b43747a016 - Path: Packages/com.unity.ugui/Tests/Runtime/TMP/TMP_CanvasTests.cs - Importer: ScriptedImporter/UnityEditor.QuickSearchModule:UnityEditor.Search:ASIAI0B
Importing 'GUID: 5348cbfcd4f74699b33fe6b43747a016 - Path: Packages/com.unity.ugui/Tests/Runtime/TMP/TMP_CanvasTests.cs - Importer: ScriptedImporter/UnityEditor.QuickSearchModule:UnityEditor.Search:ASIAI0B' with importer (ScriptedImporter : UnityEditor.QuickSearchModule:UnityEditor.Search:ASIAI0B)
Imported 'GUID: 5348cbfcd4f74699b33fe6b43747a016' -> (Import Result ID: '2ce2b4882be9cf0f842015c38e605564') in 0.003 seconds [static and dynamic dependencies]. Details - ImportResultOutputID=d1ca311de8133afd66f0d7b0c8d31bda DependenciesID=246663d3dd682a546a6bb055b4070499 StaticDependenciesID=5ae67dbfa637d6795ed666bdf99d24c5 
Number of updated asset objects reloaded before import = 0
Number of asset objects unloaded after import = 0
========================================================================
Received Import Request.
  Time of request: 2026-09-22T00:46:11.488957Z
  Time since last request: 0.00114725 seconds.
  importAddress: GUID: 202d758d102b6854a9710c8b93db742c - Path: Packages/com.unity.ugui/Runtime/TMP/TMP_SpriteCharacter.cs - Importer: ScriptedImporter/UnityEditor.QuickSearchModule:UnityEditor.Search:ASIAI0B
Importing 'GUID: 202d758d102b6854a9710c8b93db742c - Path: Packages/com.unity.ugui/Runtime/TMP/TMP_SpriteCharacter.cs - Importer: ScriptedImporter/UnityEditor.QuickSearchModule:UnityEditor.Search:ASIAI0B' with importer (ScriptedImporter : UnityEditor.QuickSearchModule:UnityEditor.Search:ASIAI0B)
Imported 'GUID: 202d758d102b6854a9710c8b93db742c' -> (Import Result ID: 'eb55ee254e7f6a241367344a6f75e684') in 0.003 seconds [static and dynamic dependencies]. Details - ImportResultOutputID=7bacfb43abede6a6166fb91f5569aeae DependenciesID=cf8ad2ce1402b48de4aff8c3679c7ab4 StaticDependenciesID=083ab795bc04ef775229d5bffaf04dac 
Number of updated asset objects reloaded before import = 0
Number of asset objects unloaded after import = 0
========================================================================
Received Import Request.
  Time of request: 2026-09-22T00:46:11.492514Z
  Time since last request: 0.000392375 seconds.
  importAddress: GUID: 6fac6d65d2fb7472d94e95ddb8b8798c - Path: Packages/com.unity.ugui/Tests/Runtime/UGUI/CanvasRenderer/CanvasRendererTests.cs - Importer: ScriptedImporter/UnityEditor.QuickSearchModule:UnityEditor.Search:ASIAI0B
Importing 'GUID: 6fac6d65d2fb7472d94e95ddb8b8798c - Path: Packages/com.unity.ugui/Tests/Runtime/UGUI/CanvasRenderer/CanvasRendererTests.cs - Importer: ScriptedImporter/UnityEditor.QuickSearchModule:UnityEditor.Search:ASIAI0B' with importer (ScriptedImporter : UnityEditor.QuickSearchModule:UnityEditor.Search:ASIAI0B)
Imported 'GUID: 6fac6d65d2fb7472d94e95ddb8b8798c' -> (Import Result ID: '6a19910b412e55181a36a91ee9452921') in 0.003 seconds [static and dynamic dependencies]. Details - ImportResultOutputID=1c64e64c97e85d4ef317ff06998fb1f8 DependenciesID=4f7c1992f4aaead72b42bdbca7618b4c StaticDependenciesID=1ef69256e47de3aeeb3693a0006a0b3d 
Number of updated asset objects reloaded before import = 0
Number of asset objects unloaded after import = 0
========================================================================
Received Import Request.
  Time of request: 2026-09-22T00:46:11.507457Z
  Time since last request: 0.011304125 seconds.
  importAddress: GUID: f5bdc05a613799d43845f94fb8735763 - Path: Packages/com.unity.ugui/Runtime/InternalBridge/AssemblyInfo.cs - Importer: ScriptedImporter/UnityEditor.QuickSearchModule:UnityEditor.Search:ASIAI0B
Importing 'GUID: f5bdc05a613799d43845f94fb8735763 - Path: Packages/com.unity.ugui/Runtime/InternalBridge/AssemblyInfo.cs - Importer: ScriptedImporter/UnityEditor.QuickSearchModule:UnityEditor.Search:ASIAI0B' with importer (ScriptedImporter : UnityEditor.QuickSearchModule:UnityEditor.Search:ASIAI0B)
Imported 'GUID: f5bdc05a613799d43845f94fb8735763' -> (Import Result ID: '6e235fc71dc39e009f9d4cb05a036226') in 0.003 seconds [static and dynamic dependencies]. Details - ImportResultOutputID=6010e8f0d0c73ecd353421d245e04aca DependenciesID=a3306851df7493e83dba002e779def72 StaticDependenciesID=233c39a98d56dbfe8cc8763cb24db7c0 
Number of updated asset objects reloaded before import = 0
Number of asset objects unloaded after import = 0
========================================================================
Received Import Request.
  Time of request: 2026-09-22T00:46:14.412838Z
  Time since last request: 2.901993625 seconds.
  importAddress: GUID: 282ae3e1fab3a48fb8ad4c88bf4808a1 - Path: Assets/Sprites - Importer: PreviewImporter
Importing 'GUID: 282ae3e1fab3a48fb8ad4c88bf4808a1 - Path: Assets/Sprites - Importer: PreviewImporter' with importer (PreviewImporter)
Imported 'GUID: 282ae3e1fab3a48fb8ad4c88bf4808a1' -> (Import Result ID: 'bc6d0ec1f2a68ee43c526408ea00470a') in 0.016 seconds [static and dynamic dependencies]. Details - ImportResultOutputID=26b640871f4df2b73316a52b134ed101 DependenciesID=d5e5d588fc80909e95abcd6f918312f6 StaticDependenciesID=b848480772da2c6c6a055e7636143b23 
Number of updated asset objects reloaded before import = 0
Number of asset objects unloaded after import = 0
========================================================================
Received Import Request.
  Time of request: 2026-09-22T00:46:14.800894Z
  Time since last request: 0.3652535 seconds.
  importAddress: GUID: 282ae3e1fab3a48fb8ad4c88bf4808a1 - Path: Assets/Sprites - Importer: ScriptedImporter/UnityEditor.QuickSearchModule:UnityEditor.Search:ASIAI0B
Importing 'GUID: 282ae3e1fab3a48fb8ad4c88bf4808a1 - Path: Assets/Sprites - Importer: ScriptedImporter/UnityEditor.QuickSearchModule:UnityEditor.Search:ASIAI0B' with importer (ScriptedImporter : UnityEditor.QuickSearchModule:UnityEditor.Search:ASIAI0B)
Imported 'GUID: 282ae3e1fab3a48fb8ad4c88bf4808a1' -> (Import Result ID: 'dce5bba1c74936bdf524f41a41472119') in 0.005 seconds [static and dynamic dependencies]. Details - ImportResultOutputID=80ddc81883931f97906d53cc686bb6f1 DependenciesID=948947123af8a21c661c08613feb8f6d StaticDependenciesID=7ec8fe0468e3cc54160d059979c2647a 
Number of updated asset objects reloaded before import = 0
Number of asset objects unloaded after import = 1
========================================================================
Received Import Request.
  Time of request: 2026-09-22T00:46:22.166277Z
  Time since last request: 7.360033375 seconds.
  importAddress: GUID: f9cb05733db3d4c118354e64afee2da7 - Path: Assets/Sprites/fence part horizontal.png - Importer: PreviewImporter
Importing 'GUID: f9cb05733db3d4c118354e64afee2da7 - Path: Assets/Sprites/fence part horizontal.png - Importer: PreviewImporter' with importer (PreviewImporter)
Imported 'GUID: f9cb05733db3d4c118354e64afee2da7' -> (Import Result ID: 'a3e14fdfb8447c86bfddd3c1a4bb8ad0') in 0.432 seconds [static and dynamic dependencies]. Details - ImportResultOutputID=e88e72cb9a72039f07e4584886436206 DependenciesID=9ea4fb938061a094220916c3d607a2a8 StaticDependenciesID=f1cc1ec8a1383a33a29277422580433e 
Number of updated asset objects reloaded before import = 0
Number of asset objects unloaded after import = 19
========================================================================
Received Import Request.
  Time of request: 2026-09-22T00:46:23.201644Z
  Time since last request: 0.600141 seconds.
  importAddress: GUID: f9cb05733db3d4c118354e64afee2da7 - Path: Assets/Sprites/fence part horizontal.png - Importer: ScriptedImporter/UnityEditor.QuickSearchModule:UnityEditor.Search:ASIAI0B
Importing 'GUID: f9cb05733db3d4c118354e64afee2da7 - Path: Assets/Sprites/fence part horizontal.png - Importer: ScriptedImporter/UnityEditor.QuickSearchModule:UnityEditor.Search:ASIAI0B' with importer (ScriptedImporter : UnityEditor.QuickSearchModule:UnityEditor.Search:ASIAI0B)
Imported 'GUID: f9cb05733db3d4c118354e64afee2da7' -> (Import Result ID: 'a02c28ff33086eebd26e8f88b2eecba8') in 0.035 seconds [static and dynamic dependencies]. Details - ImportResultOutputID=4a594cccfdfee2a4c6e949ea65ab0101 DependenciesID=ad59711493c22fa4f52e59dc0ea0830f StaticDependenciesID=8c50d373152cf1c90f660400a3631bf8 
Number of updated asset objects reloaded before import = 0
Number of asset objects unloaded after import = 19
========================================================================
Received Import Request.
  Time of request: 2026-09-22T00:46:24.954901Z
  Time since last request: 1.7181565 seconds.
  importAddress: GUID: 7dbff6936afa94ee093538f4c607a6d2 - Path: Assets/Sprites/fence part.png - Importer: PreviewImporter
Importing 'GUID: 7dbff6936afa94ee093538f4c607a6d2 - Path: Assets/Sprites/fence part.png - Importer: PreviewImporter' with importer (PreviewImporter)
Imported 'GUID: 7dbff6936afa94ee093538f4c607a6d2' -> (Import Result ID: '1b27d759187b2d4fbb46f0a22f0ca82b') in 0.023 seconds [static and dynamic dependencies]. Details - ImportResultOutputID=7777295cf5807bfc7e3d6711fbb7e317 DependenciesID=ba591308b821d031289bced43f5a856a StaticDependenciesID=271aaaf268501e4809cd13c617683e42 
Number of updated asset objects reloaded before import = 0
Number of asset objects unloaded after import = 12
========================================================================
Received Import Request.
  Time of request: 2026-09-22T00:46:26.001907Z
  Time since last request: 1.024065958 seconds.
  importAddress: GUID: 7dbff6936afa94ee093538f4c607a6d2 - Path: Assets/Sprites/fence part.png - Importer: ScriptedImporter/UnityEditor.QuickSearchModule:UnityEditor.Search:ASIAI0B
Importing 'GUID: 7dbff6936afa94ee093538f4c607a6d2 - Path: Assets/Sprites/fence part.png - Importer: ScriptedImporter/UnityEditor.QuickSearchModule:UnityEditor.Search:ASIAI0B' with importer (ScriptedImporter : UnityEditor.QuickSearchModule:UnityEditor.Search:ASIAI0B)
Imported 'GUID: 7dbff6936afa94ee093538f4c607a6d2' -> (Import Result ID: '368a04d241eceda4d69fa1c2582bac23') in 0.020 seconds [static and dynamic dependencies]. Details - ImportResultOutputID=70c4a8e65c2a1e49840dc6265c824b0b DependenciesID=f7c42a6eb1a1c6232181735503251ed1 StaticDependenciesID=136aea13f53d64b5942fa144a6487314 
Number of updated asset objects reloaded before import = 0
Number of asset objects unloaded after import = 12
========================================================================
Received Import Request.
  Time of request: 2026-09-22T00:46:38.340955Z
  Time since last request: 12.318879042 seconds.
  importAddress: GUID: f9cb05733db3d4c118354e64afee2da7 - Path: Assets/Sprites/fence part horizontal.png - Importer: PreviewImporter
Importing 'GUID: f9cb05733db3d4c118354e64afee2da7 - Path: Assets/Sprites/fence part horizontal.png - Importer: PreviewImporter' with importer (PreviewImporter)
Imported 'GUID: f9cb05733db3d4c118354e64afee2da7' -> (Import Result ID: '748583a75b84400e150274a7a61f8049') in 0.019 seconds [static and dynamic dependencies]. Details - ImportResultOutputID=4aaed5f5d2fa7fac3bb7b08e6d22088f DependenciesID=0ae4b50cd3493204a02c43c76044b963 StaticDependenciesID=5414dd66995a9e2f41c77012dff2daae 
Number of updated asset objects reloaded before import = 0
Number of asset objects unloaded after import = 3
========================================================================
Received Import Request.
  Time of request: 2026-09-22T00:46:39.319068Z
  Time since last request: 0.958230458 seconds.
  importAddress: GUID: f9cb05733db3d4c118354e64afee2da7 - Path: Assets/Sprites/fence part horizontal.png - Importer: ScriptedImporter/UnityEditor.QuickSearchModule:UnityEditor.Search:ASIAI0B
Importing 'GUID: f9cb05733db3d4c118354e64afee2da7 - Path: Assets/Sprites/fence part horizontal.png - Importer: ScriptedImporter/UnityEditor.QuickSearchModule:UnityEditor.Search:ASIAI0B' with importer (ScriptedImporter : UnityEditor.QuickSearchModule:UnityEditor.Search:ASIAI0B)
Imported 'GUID: f9cb05733db3d4c118354e64afee2da7' -> (Import Result ID: 'e364e55f109fafdec261222518d7cfca') in 0.010 seconds [static and dynamic dependencies]. Details - ImportResultOutputID=9d8c23e645465672ecbd5d3626a97281 DependenciesID=829dcb7e67551a3804f5de83a560711e StaticDependenciesID=6e18c88e6cb692daa11ee2bca0fe6c43 
Number of updated asset objects reloaded before import = 0
Number of asset objects unloaded after import = 3
========================================================================
Received Import Request.
  Time of request: 2026-09-22T00:46:44.045354Z
  Time since last request: 4.716501 seconds.
  importAddress: GUID: 7dbff6936afa94ee093538f4c607a6d2 - Path: Assets/Sprites/fence part.png - Importer: PreviewImporter
Importing 'GUID: 7dbff6936afa94ee093538f4c607a6d2 - Path: Assets/Sprites/fence part.png - Importer: PreviewImporter' with importer (PreviewImporter)
Imported 'GUID: 7dbff6936afa94ee093538f4c607a6d2' -> (Import Result ID: '57c9c91f4225e17a3bd2070117042910') in 0.011 seconds [static and dynamic dependencies]. Details - ImportResultOutputID=e828c6e9f36327c31b53bb458c6acdba DependenciesID=3021f8604654f68cf4b91d5c0eefce94 StaticDependenciesID=b9e138d0c7f554f388b943d026600633 
Number of updated asset objects reloaded before import = 0
Number of asset objects unloaded after import = 3
========================================================================
Received Import Request.
  Time of request: 2026-09-22T00:46:45.015724Z
  Time since last request: 0.959076 seconds.
  importAddress: GUID: 7dbff6936afa94ee093538f4c607a6d2 - Path: Assets/Sprites/fence part.png - Importer: ScriptedImporter/UnityEditor.QuickSearchModule:UnityEditor.Search:ASIAI0B
Importing 'GUID: 7dbff6936afa94ee093538f4c607a6d2 - Path: Assets/Sprites/fence part.png - Importer: ScriptedImporter/UnityEditor.QuickSearchModule:UnityEditor.Search:ASIAI0B' with importer (ScriptedImporter : UnityEditor.QuickSearchModule:UnityEditor.Search:ASIAI0B)
Imported 'GUID: 7dbff6936afa94ee093538f4c607a6d2' -> (Import Result ID: 'ffc1269e402de2174bd4f2a4e5f5441e') in 0.009 seconds [static and dynamic dependencies]. Details - ImportResultOutputID=8776657843aa44578526d4c7061ecae9 DependenciesID=ea96d1c2b7f99ac10c9dc84ed9d68564 StaticDependenciesID=8e8343953360ff960601ad2d2479f3bc 
Number of updated asset objects reloaded before import = 0
Number of asset objects unloaded after import = 3
========================================================================
Received Import Request.
  Time of request: 2026-09-22T00:54:08.750083Z
  Time since last request: 443.72478720800001 seconds.
  importAddress: GUID: d9a4c926cd88a40daaf0125cbaa4dfa6 - Path: Assets/Scripts/Painttarget.cs - Importer: PreviewImporter
Importing 'GUID: d9a4c926cd88a40daaf0125cbaa4dfa6 - Path: Assets/Scripts/Painttarget.cs - Importer: PreviewImporter' with importer (PreviewImporter)
Imported 'GUID: d9a4c926cd88a40daaf0125cbaa4dfa6' -> (Import Result ID: '7ff414d34678b80794050bd417457528') in 0.012 seconds [static and dynamic dependencies]. Details - ImportResultOutputID=9f852bed3daebc0094efc19fb28b21b9 DependenciesID=02fa53fbcefb15a54fe66834771ddbc6 StaticDependenciesID=b676f707c10eef1295c241c51e371707 
Number of updated asset objects reloaded before import = 0
Number of asset objects unloaded after import = 0
========================================================================
Received Prepare
AcceleratorClientConnectionCallback - disconnected - :0
Begin MonoManager ReloadAssembly
[Licensing::Client] Successfully resolved entitlement details
Thread 0x16b34b000 may have been prematurely finalized
Native extension for OSXStandalone target not found
[Package Manager] Failed to launch server process. Reason: Unity was launched with the -noUpm command-line argument
[Package Manager] Unable to send message (not connected to server process).
[Package Manager] Cannot connect to Unity Package Manager local server
ScheduleIndexationOnStartup MainProcess:False IndexOnStartup:True
Mono: successfully reloaded assembly
- Finished resetting the current domain, in  0.394 seconds
Domain Reload Profiling: 1082ms
	BeginReloadAssembly (366ms)
		DisableScriptedObjects (17ms)
		CreateAndSetChildDomain (57ms)
	RebuildCommonClasses (11ms)
	RebuildNativeTypeToScriptingClass (22ms)
	initialDomainReloadingComplete (119ms)
	LoadAllAssembliesAndSetupDomain (169ms)
		LoadAssemblies (216ms)
		AnalyzeDomain (34ms)
			TypeCache.Refresh (15ms)
			BuildScriptInfoCaches (14ms)
	FinalizeReload (396ms)
		SetupLoadedEditorAssemblies (0ms)
			BeforeProcessingInitializeOnLoad (90ms)
			ProcessInitializeOnLoadAttributes (77ms)
			ProcessInitializeOnLoadMethodAttributes (74ms)
Unloading 1 Unused Serialized files (Serialized files now loaded: 0)
Unloading 434 unused Assets / (73.2 KB). Loaded Objects now: 1098.
Memory consumption went from 85.9 MB to 85.9 MB.
Total: 6.753375 ms (FindLiveObjects: 0.100542 ms CreateObjectMapping: 0.082416 ms MarkObjects: 6.414084 ms  DeleteObjects: 0.154167 ms)

Prepare: number of updated asset objects reloaded= 0
